Order ID,Date and Time,Product ID,Customer ID,Category,Payment Method,Selling Price,Quantity
ORD1,5/19/24 7:13,PROD196,CUST480,Fashion,Credit Card,1879.16,9
ORD2,11-08-2024 20:07,PROD52,CUST978,Electronics,Credit Card,1564.59,6
ORD3,08-11-2024 19:56,PROD128,CUST189,Home Appliances,Bank Transfer,702.1,9
ORD4,5/30/24 12:48,PROD126,CUST171,Electronics,Debit Card,737.92,6
ORD5,7/13/24 17:27,PROD65,CUST255,Toys,PayPal,1749.17,5
ORD6,10/17/24 17:22,PROD121,CUST552,Fashion,PayPal,1706.03,5
ORD7,05-08-2024 05:42,PROD47,CUST814,Fashion,Credit Card,646.26,1
ORD8,6/25/24 12:38,PROD2,CUST739,Toys,Cash,1292.07,10
ORD9,10/28/24 16:13,PROD137,CUST920,Home Appliances,Bank Transfer,125.1,1
ORD10,02-01-2024 15:38,PROD136,CUST28,Books,Debit Card,281.18,6
ORD11,2/26/24 15:55,PROD104,CUST110,Books,Bank Transfer,1247.8,3
ORD12,10-06-2024 20:52,PROD165,CUST909,Books,Credit Card,202.97,1
ORD13,02-04-2024 06:36,PROD20,CUST217,Home Appliances,PayPal,1693.33,4
ORD14,2/29/24 0:43,PROD53,CUST74,Books,Cash,490.37,4
ORD15,02-05-2024 12:06,PROD147,CUST194,Electronics,PayPal,1974.19,7
ORD16,3/16/24 14:21,PROD194,CUST79,Electronics,PayPal,800.94,8
ORD17,08-07-2024 20:31,PROD30,CUST288,Books,Bank Transfer,224.91,3
ORD18,08-01-2024 01:15,PROD9,CUST346,Toys,PayPal,106.64,8
ORD19,4/24/24 23:06,PROD190,CUST198,Home Appliances,Cash,1803.04,8
ORD20,1/25/24 7:19,PROD125,CUST951,Toys,Cash,1249.61,1
ORD21,08-10-2024 20:00,PROD61,CUST575,Home Appliances,PayPal,1586.95,1
ORD22,2/22/24 17:27,PROD193,CUST281,Fashion,Bank Transfer,465.13,1
ORD23,06-11-2024 08:51,PROD24,CUST1,Fashion,Credit Card,321.62,10
ORD24,1/31/24 6:03,PROD29,CUST186,Fashion,Debit Card,824.74,8
ORD25,7/18/24 18:25,PROD42,CUST577,Fashion,Bank Transfer,1023.11,5
ORD26,10-08-2024 04:04,PROD8,CUST918,Books,Bank Transfer,1049.04,10
ORD27,05-08-2024 14:52,PROD48,CUST142,Home Appliances,Bank Transfer,517.65,8
ORD28,10/31/24 22:59,PROD136,CUST7,Home Appliances,Debit Card,141.62,1
ORD29,10/25/24 3:11,PROD195,CUST717,Electronics,Debit Card,1138.2,3
ORD30,8/21/24 15:57,PROD193,CUST426,Fashion,Credit Card,541.49,9
ORD31,7/18/24 14:56,PROD10,CUST138,Fashion,Credit Card,1814.68,3
ORD32,4/27/24 3:22,PROD144,CUST349,Electronics,Debit Card,939.9,10
ORD33,5/18/24 20:56,PROD9,CUST414,Home Appliances,Cash,127.34,5
ORD34,06-01-2024 21:59,PROD104,CUST806,Home Appliances,Cash,592.55,1
ORD35,03-05-2024 18:15,PROD18,CUST515,Toys,PayPal,580.9,1
ORD36,06-07-2024 14:23,PROD77,CUST650,Electronics,Cash,174.78,10
ORD37,01-10-2024 12:06,PROD139,CUST750,Fashion,Bank Transfer,21.15,8
ORD38,6/29/24 6:46,PROD40,CUST153,Home Appliances,Debit Card,1618.92,10
ORD39,09-05-2024 23:14,PROD104,CUST706,Home Appliances,Debit Card,1530,3
ORD40,3/17/24 1:37,PROD7,CUST592,Home Appliances,Bank Transfer,1377.05,7
ORD41,7/30/24 2:47,PROD179,CUST14,Fashion,Cash,1060.29,5
ORD42,01-09-2024 23:13,PROD146,CUST650,Electronics,Credit Card,837.66,5
ORD43,8/22/24 3:30,PROD117,CUST256,Toys,Credit Card,1424.66,9
ORD44,7/24/24 0:06,PROD163,CUST561,Books,Bank Transfer,944.56,7
ORD45,06-08-2024 11:40,PROD128,CUST989,Home Appliances,Cash,490.22,3
ORD46,4/22/24 18:47,PROD186,CUST951,Home Appliances,Bank Transfer,118.73,1
ORD47,3/16/24 23:10,PROD8,CUST16,Electronics,Debit Card,113.14,5
ORD48,02-04-2024 00:44,PROD167,CUST170,Fashion,Bank Transfer,1281.28,7
ORD49,06-02-2024 01:34,PROD144,CUST50,Fashion,Debit Card,1636.71,9
ORD50,7/30/24 21:17,PROD168,CUST885,Books,Cash,232.99,2
ORD51,07-07-2024 21:07,PROD63,CUST90,Fashion,PayPal,288.55,6
ORD52,02-08-2024 14:10,PROD16,CUST932,Toys,Credit Card,954.19,3
ORD53,6/19/24 12:24,PROD84,CUST619,Fashion,Cash,683.09,9
ORD54,7/15/24 9:23,PROD115,CUST140,Books,Cash,541.49,5
ORD55,04-11-2024 23:36,PROD48,CUST872,Fashion,PayPal,576.45,2
ORD56,02-08-2024 00:12,PROD173,CUST122,Home Appliances,Cash,1294.29,4
ORD57,4/15/24 9:57,PROD144,CUST588,Fashion,Credit Card,324.85,7
ORD58,10/14/24 14:21,PROD123,CUST991,Home Appliances,Bank Transfer,916.41,5
ORD59,07-04-2024 04:35,PROD21,CUST491,Fashion,Credit Card,1620.94,9
ORD60,9/15/24 23:01,PROD78,CUST226,Books,Cash,160.72,10
ORD61,04-10-2024 15:31,PROD188,CUST786,Electronics,Credit Card,1025.94,10
ORD62,06-03-2024 02:04,PROD143,CUST673,Home Appliances,PayPal,1618.77,9
ORD63,02-01-2024 21:28,PROD41,CUST786,Fashion,Debit Card,913.73,6
ORD64,02-12-2024 19:51,PROD26,CUST201,Toys,Debit Card,887.44,2
ORD65,02-02-2024 06:08,PROD6,CUST897,Books,Debit Card,1278.99,3
ORD66,6/29/24 16:24,PROD72,CUST108,Books,Debit Card,1051.32,7
ORD67,07-05-2024 12:48,PROD173,CUST740,Toys,Credit Card,597.81,8
ORD68,3/15/24 8:54,PROD30,CUST400,Books,Bank Transfer,134.94,1
ORD69,1/29/24 5:32,PROD32,CUST845,Toys,Credit Card,1943.12,9
ORD70,11/13/24 6:00,PROD114,CUST257,Books,Debit Card,877.8,9
ORD71,07-08-2024 04:04,PROD171,CUST744,Toys,Cash,836.04,4
ORD72,5/21/24 9:11,PROD69,CUST626,Toys,Cash,1260.67,3
ORD73,9/18/24 6:20,PROD113,CUST411,Electronics,Bank Transfer,1247.45,3
ORD74,10-09-2024 23:37,PROD35,CUST611,Books,PayPal,1300.53,3
ORD75,3/27/24 0:26,PROD104,CUST207,Books,PayPal,1621.04,2
ORD76,9/28/24 13:05,PROD108,CUST82,Electronics,Credit Card,759.16,4
ORD77,10/17/24 7:22,PROD3,CUST779,Toys,Debit Card,1898.09,9
ORD78,4/15/24 5:29,PROD71,CUST563,Books,Bank Transfer,809.82,1
ORD79,11/15/24 17:52,PROD77,CUST468,Electronics,Cash,706.3,5
ORD80,01-07-2024 21:27,PROD186,CUST552,Fashion,Debit Card,1923.24,4
ORD81,02-07-2024 12:08,PROD192,CUST131,Home Appliances,PayPal,1450.71,4
ORD82,07-03-2024 09:28,PROD192,CUST601,Home Appliances,Credit Card,881.52,4
ORD83,01-04-2024 00:18,PROD164,CUST192,Electronics,Cash,1055.17,2
ORD84,05-04-2024 02:28,PROD198,CUST396,Electronics,Credit Card,953.78,5
ORD85,01-03-2024 02:41,PROD40,CUST992,Toys,Debit Card,1164.59,2
ORD86,10-11-2024 21:08,PROD120,CUST905,Books,Bank Transfer,255.19,6
ORD87,02-11-2024 17:55,PROD55,CUST409,Fashion,Bank Transfer,1632.82,7
ORD88,04-02-2024 01:01,PROD90,CUST856,Electronics,Bank Transfer,944.06,10
ORD89,3/30/24 11:50,PROD193,CUST95,Electronics,Debit Card,1886.52,9
ORD90,6/26/24 11:02,PROD34,CUST722,Toys,PayPal,1595.73,6
ORD91,05-08-2024 11:11,PROD175,CUST18,Home Appliances,Credit Card,134.24,3
ORD92,2/14/24 16:55,PROD183,CUST709,Toys,Debit Card,391,10
ORD93,07-04-2024 23:09,PROD96,CUST264,Electronics,Cash,1741.35,7
ORD94,3/23/24 9:34,PROD60,CUST321,Toys,Credit Card,329.85,5
ORD95,5/16/24 22:32,PROD75,CUST258,Home Appliances,Bank Transfer,603.36,1
ORD96,7/24/24 10:46,PROD18,CUST882,Fashion,Debit Card,1535.46,4
ORD97,10/30/24 14:06,PROD21,CUST536,Fashion,Cash,482.64,4
ORD98,3/20/24 18:20,PROD83,CUST395,Toys,PayPal,1056.31,5
ORD99,10/27/24 3:05,PROD168,CUST562,Electronics,Bank Transfer,1664.34,10
ORD100,10/19/24 9:03,PROD95,CUST82,Fashion,Cash,992.31,4
ORD101,05-09-2024 17:31,PROD132,CUST812,Fashion,PayPal,81.72,6
ORD102,5/26/24 8:50,PROD100,CUST419,Fashion,Bank Transfer,1629.08,5
ORD103,08-03-2024 04:47,PROD143,CUST687,Home Appliances,Bank Transfer,1277.89,8
ORD104,4/15/24 17:02,PROD135,CUST6,Fashion,Bank Transfer,1476.86,9
ORD105,5/28/24 6:22,PROD190,CUST46,Books,PayPal,1377.37,9
ORD106,5/14/24 11:57,PROD71,CUST224,Books,Credit Card,503.98,5
ORD107,11-06-2024 11:31,PROD34,CUST436,Toys,Debit Card,1990.47,4
ORD108,5/22/24 5:09,PROD196,CUST241,Books,Debit Card,903.22,5
ORD109,06-04-2024 07:25,PROD52,CUST859,Fashion,Credit Card,241.65,10
ORD110,5/30/24 23:59,PROD65,CUST997,Home Appliances,PayPal,183.84,6
ORD111,4/22/24 11:34,PROD155,CUST719,Home Appliances,Bank Transfer,43.63,1
ORD112,9/23/24 2:13,PROD15,CUST989,Home Appliances,Cash,826.13,5
ORD113,10-11-2024 13:41,PROD47,CUST243,Home Appliances,Cash,277.84,3
ORD114,9/25/24 9:54,PROD107,CUST948,Fashion,Credit Card,1184.99,10
ORD115,07-03-2024 02:55,PROD120,CUST967,Toys,PayPal,972.57,6
ORD116,3/13/24 13:01,PROD172,CUST489,Toys,Debit Card,25.25,4
ORD117,01-07-2024 17:45,PROD96,CUST591,Fashion,PayPal,565.68,7
ORD118,8/17/24 15:28,PROD152,CUST162,Books,Cash,1820.55,4
ORD119,03-04-2024 14:39,PROD166,CUST860,Electronics,Debit Card,271.81,5
ORD120,1/20/24 10:55,PROD77,CUST747,Toys,Debit Card,849.42,3
ORD121,1/31/24 7:02,PROD193,CUST320,Fashion,Credit Card,1927.18,3
ORD122,1/28/24 2:13,PROD55,CUST111,Fashion,Credit Card,675.91,10
ORD123,10-05-2024 00:25,PROD64,CUST445,Electronics,Credit Card,796,2
ORD124,07-12-2024 06:42,PROD1,CUST125,Electronics,Cash,1983.51,5
ORD125,08-12-2024 17:02,PROD98,CUST898,Electronics,PayPal,1305.11,2
ORD126,02-10-2024 14:27,PROD8,CUST258,Fashion,Debit Card,553.61,4
ORD127,4/15/24 11:59,PROD1,CUST681,Books,Credit Card,601.86,4
ORD128,08-02-2024 00:22,PROD30,CUST661,Home Appliances,Debit Card,733.93,3
ORD129,09-08-2024 19:52,PROD36,CUST335,Home Appliances,PayPal,1241.06,5
ORD130,10-10-2024 01:58,PROD196,CUST229,Electronics,Cash,1933.11,3
ORD131,10-05-2024 07:03,PROD123,CUST883,Electronics,PayPal,1894.27,5
ORD132,2/26/24 23:57,PROD174,CUST115,Electronics,Credit Card,122.12,1
ORD133,11/14/24 6:56,PROD120,CUST579,Fashion,PayPal,1845.77,5
ORD134,7/20/24 22:31,PROD190,CUST135,Books,PayPal,678.51,10
ORD135,10-01-2024 09:43,PROD154,CUST901,Home Appliances,Debit Card,1732.78,9
ORD136,07-07-2024 12:38,PROD70,CUST473,Fashion,PayPal,635.29,2
ORD137,1/25/24 4:27,PROD95,CUST563,Books,Credit Card,117.17,5
ORD138,2/15/24 1:20,PROD5,CUST586,Electronics,Credit Card,1143.42,1
ORD139,08-05-2024 18:31,PROD36,CUST345,Home Appliances,Debit Card,1053.99,1
ORD140,7/30/24 6:44,PROD14,CUST969,Toys,Cash,1738.68,6
ORD141,5/29/24 10:10,PROD82,CUST388,Fashion,Cash,1530.92,3
ORD142,07-09-2024 08:17,PROD163,CUST731,Toys,Cash,1364.7,7
ORD143,02-10-2024 19:22,PROD162,CUST18,Home Appliances,PayPal,1506.84,9
ORD144,9/13/24 23:22,PROD149,CUST734,Fashion,Cash,1811.61,8
ORD145,7/20/24 11:53,PROD9,CUST755,Fashion,Bank Transfer,1142.15,9
ORD146,2/29/24 13:35,PROD186,CUST483,Electronics,Bank Transfer,405.03,1
ORD147,07-07-2024 07:57,PROD73,CUST331,Books,PayPal,1478.35,7
ORD148,10-05-2024 01:34,PROD20,CUST901,Electronics,Cash,686.05,2
ORD149,8/15/24 0:32,PROD115,CUST37,Home Appliances,Debit Card,821.43,1
ORD150,7/29/24 10:53,PROD69,CUST589,Fashion,Bank Transfer,864.33,8
ORD151,7/28/24 5:04,PROD132,CUST584,Electronics,Bank Transfer,47.18,4
ORD152,3/13/24 8:18,PROD75,CUST377,Fashion,Credit Card,1780.66,10
ORD153,02-06-2024 01:56,PROD33,CUST424,Books,PayPal,1670.92,8
ORD154,01-11-2024 04:30,PROD166,CUST354,Books,Debit Card,1378.79,9
ORD155,8/14/24 2:05,PROD104,CUST987,Fashion,Credit Card,225.07,7
ORD156,8/14/24 7:59,PROD68,CUST817,Books,PayPal,1762.46,5
ORD157,11/15/24 13:50,PROD33,CUST833,Toys,Debit Card,1372.08,3
ORD158,6/29/24 15:49,PROD51,CUST637,Fashion,Debit Card,1351.48,4
ORD159,5/31/24 5:19,PROD87,CUST143,Home Appliances,Bank Transfer,632.05,3
ORD160,05-12-2024 12:33,PROD87,CUST713,Toys,Cash,51.94,7
ORD161,10-02-2024 17:35,PROD43,CUST129,Home Appliances,PayPal,1490.48,2
ORD162,1/24/24 16:16,PROD146,CUST646,Toys,Bank Transfer,1097.97,1
ORD163,11-05-2024 23:45,PROD129,CUST495,Toys,PayPal,496.37,1
ORD164,9/28/24 8:13,PROD143,CUST743,Books,Credit Card,892.94,3
ORD165,8/22/24 14:38,PROD138,CUST600,Toys,Debit Card,1912.26,10
ORD166,05-10-2024 08:23,PROD31,CUST930,Electronics,Debit Card,1249.53,8
ORD167,5/14/24 5:23,PROD140,CUST920,Books,Credit Card,507.82,6
ORD168,4/26/24 12:12,PROD23,CUST75,Home Appliances,Bank Transfer,1480.49,7
ORD169,5/31/24 2:13,PROD2,CUST287,Home Appliances,Bank Transfer,458.77,9
ORD170,03-10-2024 19:20,PROD115,CUST195,Books,Credit Card,1790.4,6
ORD171,02-02-2024 00:40,PROD126,CUST383,Home Appliances,PayPal,941.45,7
ORD172,04-11-2024 18:33,PROD166,CUST124,Fashion,PayPal,1757.7,5
ORD173,7/18/24 15:04,PROD37,CUST506,Electronics,PayPal,1765.25,7
ORD174,3/28/24 0:46,PROD168,CUST662,Books,Bank Transfer,1466.9,1
ORD175,06-11-2024 23:43,PROD80,CUST507,Toys,Bank Transfer,628.44,6
ORD176,2/26/24 19:04,PROD69,CUST611,Electronics,PayPal,525.04,5
ORD177,01-02-2024 17:46,PROD124,CUST848,Electronics,Bank Transfer,879.01,4
ORD178,01-10-2024 19:43,PROD160,CUST190,Toys,PayPal,452.38,9
ORD179,3/25/24 12:57,PROD17,CUST20,Fashion,PayPal,1980.05,4
ORD180,09-06-2024 03:01,PROD112,CUST845,Toys,Bank Transfer,1650.05,4
ORD181,4/25/24 21:43,PROD29,CUST386,Toys,Debit Card,1520.15,4
ORD182,11-05-2024 06:51,PROD166,CUST694,Toys,PayPal,1073.96,9
ORD183,3/26/24 15:52,PROD65,CUST992,Electronics,Debit Card,890.4,5
ORD184,6/21/24 5:33,PROD136,CUST574,Books,Cash,199.51,9
ORD185,2/18/24 17:43,PROD21,CUST330,Toys,Debit Card,1251.06,9
ORD186,11-03-2024 15:16,PROD190,CUST914,Fashion,Credit Card,305.73,8
ORD187,4/30/24 12:00,PROD59,CUST434,Electronics,Bank Transfer,509.43,1
ORD188,9/19/24 7:59,PROD174,CUST980,Electronics,Cash,1392.01,1
ORD189,05-05-2024 20:16,PROD152,CUST502,Toys,Credit Card,756.71,10
ORD190,1/18/24 5:05,PROD95,CUST793,Home Appliances,PayPal,201.98,2
ORD191,05-02-2024 19:03,PROD5,CUST526,Home Appliances,Bank Transfer,952.6,2
ORD192,01-11-2024 05:10,PROD105,CUST695,Home Appliances,Debit Card,1647.55,9
ORD193,7/30/24 23:10,PROD148,CUST782,Fashion,Credit Card,1577.91,9
ORD194,07-07-2024 23:11,PROD127,CUST430,Fashion,Debit Card,1272.71,4
ORD195,08-12-2024 08:34,PROD185,CUST222,Home Appliances,Debit Card,448.39,10
ORD196,04-09-2024 17:10,PROD154,CUST23,Fashion,PayPal,1312.54,10
ORD197,6/25/24 14:45,PROD18,CUST65,Fashion,Cash,1361.57,5
ORD198,07-08-2024 04:10,PROD94,CUST236,Toys,PayPal,1682.07,9
ORD199,2/13/24 6:59,PROD101,CUST889,Toys,Bank Transfer,39.85,7
ORD200,5/30/24 18:33,PROD171,CUST460,Fashion,PayPal,380.36,7
ORD201,10-02-2024 00:32,PROD15,CUST706,Home Appliances,Debit Card,1290.65,5
ORD202,08-10-2024 03:42,PROD15,CUST988,Toys,Cash,937.14,7
ORD203,05-07-2024 17:45,PROD94,CUST291,Electronics,Cash,1805.79,5
ORD204,06-07-2024 03:17,PROD8,CUST170,Electronics,Cash,1163.06,1
ORD205,06-01-2024 16:34,PROD115,CUST9,Electronics,Cash,1479.15,9
ORD206,08-08-2024 22:38,PROD4,CUST69,Home Appliances,PayPal,1081.28,9
ORD207,4/18/24 16:27,PROD166,CUST904,Books,PayPal,638.74,1
ORD208,11-03-2024 18:01,PROD95,CUST535,Toys,Cash,681.3,7
ORD209,7/18/24 23:13,PROD51,CUST992,Books,Cash,1331.3,4
ORD210,7/22/24 23:55,PROD109,CUST415,Home Appliances,Debit Card,134,9
ORD211,10/25/24 1:19,PROD159,CUST873,Toys,Debit Card,580.64,3
ORD212,3/22/24 14:07,PROD118,CUST728,Home Appliances,Bank Transfer,214.89,10
ORD213,9/18/24 13:01,PROD144,CUST80,Electronics,Debit Card,811.03,10
ORD214,1/15/24 0:56,PROD99,CUST302,Home Appliances,Debit Card,1979.09,10
ORD215,5/13/24 12:53,PROD188,CUST73,Electronics,Cash,39.17,8
ORD216,9/14/24 5:12,PROD155,CUST603,Home Appliances,PayPal,471.54,2
ORD217,11-09-2024 06:07,PROD152,CUST90,Books,Cash,1977.84,6
ORD218,11-01-2024 19:28,PROD63,CUST776,Books,Cash,1081.68,6
ORD219,3/15/24 6:48,PROD136,CUST893,Electronics,Debit Card,1654.26,9
ORD220,4/25/24 0:21,PROD152,CUST657,Books,PayPal,277.88,4
ORD221,02-06-2024 22:16,PROD157,CUST696,Home Appliances,Cash,370.05,10
ORD222,3/30/24 13:54,PROD159,CUST651,Electronics,Credit Card,754.66,4
ORD223,05-12-2024 21:10,PROD123,CUST319,Electronics,Credit Card,1683.65,7
ORD224,2/22/24 7:02,PROD139,CUST974,Toys,Debit Card,1713.12,5
ORD225,6/28/24 2:38,PROD155,CUST474,Toys,PayPal,1855.85,9
ORD226,7/13/24 5:51,PROD64,CUST82,Fashion,Debit Card,1543.88,10
ORD227,07-12-2024 09:47,PROD30,CUST872,Toys,Credit Card,1334.17,1
ORD228,10/29/24 21:20,PROD63,CUST379,Fashion,Credit Card,1398.98,1
ORD229,2/25/24 11:55,PROD58,CUST140,Toys,Bank Transfer,1961.65,2
ORD230,03-10-2024 11:32,PROD6,CUST905,Fashion,Credit Card,1050.55,8
ORD231,6/15/24 3:41,PROD181,CUST52,Fashion,Debit Card,143.61,2
ORD232,1/31/24 22:30,PROD196,CUST338,Toys,Credit Card,220.26,5
ORD233,07-11-2024 20:35,PROD105,CUST461,Home Appliances,Cash,1318.93,3
ORD234,9/24/24 11:51,PROD36,CUST675,Toys,Bank Transfer,947.76,5
ORD235,02-06-2024 16:00,PROD18,CUST621,Toys,PayPal,1955.99,6
ORD236,8/20/24 17:01,PROD64,CUST988,Electronics,Debit Card,306.68,7
ORD237,02-09-2024 00:07,PROD189,CUST39,Fashion,Cash,1957.58,10
ORD238,10-11-2024 19:54,PROD96,CUST691,Electronics,Debit Card,1461.16,6
ORD239,3/28/24 17:17,PROD51,CUST847,Books,PayPal,1878.16,10
ORD240,2/13/24 0:10,PROD154,CUST910,Home Appliances,Debit Card,788.45,7
ORD241,01-05-2024 18:03,PROD39,CUST188,Home Appliances,Cash,1913.51,7
ORD242,10-11-2024 10:16,PROD161,CUST770,Home Appliances,Debit Card,1345.22,5
ORD243,5/24/24 15:45,PROD190,CUST319,Toys,Cash,625.87,4
ORD244,7/20/24 21:54,PROD43,CUST735,Electronics,Bank Transfer,127.27,5
ORD245,6/28/24 21:15,PROD87,CUST91,Toys,Debit Card,137.05,9
ORD246,4/22/24 22:02,PROD67,CUST503,Books,Debit Card,924.08,7
ORD247,8/14/24 5:44,PROD10,CUST841,Home Appliances,Cash,1114.89,7
ORD248,7/13/24 18:04,PROD166,CUST105,Fashion,PayPal,1500.14,10
ORD249,4/17/24 7:02,PROD171,CUST756,Electronics,Debit Card,952.28,8
ORD250,03-02-2024 16:19,PROD86,CUST949,Electronics,Cash,1167.16,4
ORD251,10/24/24 0:15,PROD93,CUST482,Toys,PayPal,1769.89,7
ORD252,10-01-2024 20:45,PROD11,CUST451,Fashion,Debit Card,659.34,1
ORD253,2/24/24 1:27,PROD124,CUST346,Electronics,Credit Card,38.53,10
ORD254,06-06-2024 03:00,PROD32,CUST652,Toys,Bank Transfer,986.56,9
ORD255,08-07-2024 06:09,PROD164,CUST252,Fashion,Debit Card,164.02,2
ORD256,1/15/24 18:01,PROD50,CUST309,Toys,Credit Card,434.55,4
ORD257,6/22/24 9:11,PROD103,CUST572,Home Appliances,Debit Card,1324.57,6
ORD258,04-06-2024 10:09,PROD42,CUST632,Fashion,Debit Card,548.2,10
ORD259,01-06-2024 15:36,PROD41,CUST297,Home Appliances,Cash,318.49,7
ORD260,02-02-2024 00:19,PROD139,CUST200,Electronics,Cash,1459.57,8
ORD261,1/16/24 18:23,PROD96,CUST812,Fashion,Cash,275.94,3
ORD262,11-11-2024 10:53,PROD190,CUST102,Electronics,Credit Card,1975.44,9
ORD263,02-04-2024 14:59,PROD199,CUST226,Home Appliances,Credit Card,1035.48,8
ORD264,9/19/24 0:30,PROD88,CUST417,Electronics,PayPal,1733.85,5
ORD265,11-06-2024 14:30,PROD48,CUST656,Electronics,Debit Card,411.73,1
ORD266,09-05-2024 23:22,PROD124,CUST195,Books,Bank Transfer,444.72,6
ORD267,05-04-2024 05:36,PROD89,CUST491,Fashion,Debit Card,1540.96,5
ORD268,05-02-2024 14:03,PROD142,CUST427,Home Appliances,Credit Card,1254.9,7
ORD269,03-02-2024 15:01,PROD112,CUST551,Books,Cash,818.7,10
ORD270,06-07-2024 02:59,PROD41,CUST759,Books,PayPal,1332.18,6
ORD271,06-05-2024 14:40,PROD107,CUST466,Toys,Credit Card,730.12,5
ORD272,05-09-2024 20:48,PROD129,CUST844,Home Appliances,Debit Card,378.25,2
ORD273,8/23/24 3:38,PROD90,CUST176,Fashion,Credit Card,1124.59,4
ORD274,07-08-2024 21:30,PROD6,CUST88,Toys,Cash,1693.15,3
ORD275,1/28/24 6:43,PROD104,CUST154,Home Appliances,Bank Transfer,565.09,9
ORD276,6/19/24 23:24,PROD112,CUST379,Fashion,Debit Card,175.3,7
ORD277,1/26/24 16:37,PROD36,CUST838,Home Appliances,PayPal,448.25,3
ORD278,9/27/24 1:43,PROD134,CUST432,Toys,Bank Transfer,771.57,7
ORD279,6/16/24 8:36,PROD78,CUST391,Books,Bank Transfer,602.24,7
ORD280,8/15/24 7:54,PROD25,CUST791,Home Appliances,Credit Card,392.32,9
ORD281,05-06-2024 19:30,PROD185,CUST685,Electronics,Bank Transfer,1543.07,4
ORD282,9/16/24 20:38,PROD105,CUST148,Toys,Bank Transfer,228.18,4
ORD283,05-11-2024 01:53,PROD165,CUST493,Home Appliances,Bank Transfer,869.46,4
ORD284,5/19/24 11:21,PROD41,CUST63,Fashion,Debit Card,1732.2,8
ORD285,06-09-2024 14:49,PROD12,CUST738,Fashion,Cash,175.39,10
ORD286,4/24/24 16:06,PROD196,CUST385,Toys,Debit Card,700.08,1
ORD287,4/29/24 4:10,PROD156,CUST256,Home Appliances,Debit Card,1280.96,1
ORD288,1/28/24 2:17,PROD197,CUST677,Books,Bank Transfer,1615.62,6
ORD289,1/19/24 5:45,PROD84,CUST209,Toys,Bank Transfer,1218.26,10
ORD290,2/26/24 22:46,PROD6,CUST529,Toys,Bank Transfer,133.26,7
ORD291,10-08-2024 05:36,PROD63,CUST386,Electronics,PayPal,537.76,7
ORD292,08-08-2024 23:32,PROD176,CUST852,Toys,Bank Transfer,358.86,3
ORD293,01-03-2024 05:42,PROD191,CUST697,Electronics,Bank Transfer,1462.21,6
ORD294,01-04-2024 10:39,PROD142,CUST229,Electronics,Bank Transfer,440.69,5
ORD295,11-01-2024 14:54,PROD44,CUST238,Books,PayPal,1575.4,4
ORD296,08-07-2024 15:51,PROD118,CUST919,Fashion,Cash,916.73,5
ORD297,09-12-2024 16:02,PROD176,CUST960,Fashion,Debit Card,1456.23,2
ORD298,8/19/24 19:13,PROD59,CUST170,Fashion,Bank Transfer,957.33,4
ORD299,01-10-2024 03:16,PROD48,CUST109,Electronics,Credit Card,826.54,6
ORD300,7/23/24 15:08,PROD7,CUST986,Books,Cash,1775.9,6
ORD301,06-05-2024 07:02,PROD144,CUST824,Electronics,Cash,1380.41,8
ORD302,08-09-2024 11:44,PROD68,CUST926,Fashion,Debit Card,800.18,10
ORD303,1/23/24 11:27,PROD148,CUST348,Home Appliances,PayPal,657.3,7
ORD304,3/15/24 11:02,PROD24,CUST130,Books,Cash,1583.02,3
ORD305,01-10-2024 21:55,PROD27,CUST58,Home Appliances,Debit Card,343.38,6
ORD306,4/26/24 6:09,PROD52,CUST955,Books,Debit Card,867.07,2
ORD307,1/19/24 4:26,PROD116,CUST63,Fashion,Credit Card,1320.68,8
ORD308,10/25/24 23:44,PROD33,CUST625,Fashion,PayPal,1614.99,3
ORD309,8/23/24 11:30,PROD168,CUST813,Home Appliances,Cash,322.06,5
ORD310,10/21/24 10:29,PROD61,CUST138,Home Appliances,Credit Card,1254.66,8
ORD311,8/31/24 15:29,PROD52,CUST944,Electronics,PayPal,859.03,3
ORD312,07-01-2024 00:17,PROD31,CUST994,Fashion,PayPal,1840.92,3
ORD313,6/26/24 14:18,PROD80,CUST611,Books,PayPal,1232.54,1
ORD314,09-06-2024 10:31,PROD66,CUST678,Home Appliances,Credit Card,1260.37,8
ORD315,02-02-2024 23:23,PROD200,CUST474,Fashion,PayPal,62.92,2
ORD316,5/19/24 20:55,PROD90,CUST369,Home Appliances,Bank Transfer,928.38,6
ORD317,1/13/24 22:11,PROD56,CUST575,Home Appliances,Bank Transfer,241.4,1
ORD318,9/13/24 16:11,PROD145,CUST296,Books,Credit Card,517.88,5
ORD319,10-10-2024 09:40,PROD175,CUST797,Books,Credit Card,1146.25,7
ORD320,11-05-2024 01:05,PROD199,CUST687,Home Appliances,PayPal,700.7,8
ORD321,04-10-2024 13:23,PROD26,CUST869,Fashion,Debit Card,385.76,8
ORD322,5/20/24 1:14,PROD37,CUST141,Fashion,Bank Transfer,1419.28,1
ORD323,3/15/24 2:57,PROD60,CUST416,Fashion,Debit Card,1938.1,1
ORD324,09-10-2024 10:07,PROD132,CUST511,Home Appliances,Cash,1696.81,10
ORD325,8/21/24 23:34,PROD95,CUST177,Books,Debit Card,205.32,8
ORD326,10/30/24 10:04,PROD26,CUST734,Fashion,Credit Card,1403.67,10
ORD327,5/21/24 16:43,PROD191,CUST896,Books,Cash,690.35,6
ORD328,2/23/24 5:17,PROD143,CUST634,Fashion,Bank Transfer,1431.32,9
ORD329,09-01-2024 05:24,PROD49,CUST23,Toys,Bank Transfer,223.51,5
ORD330,9/30/24 19:47,PROD140,CUST898,Home Appliances,Debit Card,1730.78,5
ORD331,4/20/24 12:05,PROD66,CUST187,Toys,Bank Transfer,355.18,1
ORD332,2/27/24 16:41,PROD58,CUST238,Books,Bank Transfer,1411.2,2
ORD333,01-05-2024 22:34,PROD55,CUST436,Toys,Bank Transfer,1139.98,8
ORD334,09-07-2024 11:07,PROD134,CUST887,Fashion,Cash,1804.53,2
ORD335,06-09-2024 19:45,PROD199,CUST709,Fashion,Bank Transfer,1778.39,6
ORD336,7/19/24 13:38,PROD80,CUST225,Books,PayPal,1945.27,3
ORD337,07-08-2024 19:32,PROD139,CUST870,Fashion,Debit Card,591,8
ORD338,04-11-2024 01:30,PROD17,CUST995,Books,Cash,1246.79,9
ORD339,06-08-2024 12:54,PROD197,CUST266,Books,Bank Transfer,884.34,7
ORD340,05-07-2024 12:38,PROD95,CUST316,Fashion,Credit Card,308.88,5
ORD341,05-03-2024 04:28,PROD125,CUST956,Toys,Bank Transfer,703.91,7
ORD342,7/31/24 13:19,PROD17,CUST764,Home Appliances,Credit Card,761.08,7
ORD343,1/17/24 0:58,PROD77,CUST935,Books,Bank Transfer,1628.32,9
ORD344,08-08-2024 12:14,PROD56,CUST412,Books,Cash,412.15,1
ORD345,5/16/24 7:23,PROD127,CUST534,Electronics,Debit Card,1879.8,7
ORD346,5/28/24 13:12,PROD135,CUST546,Fashion,Bank Transfer,1351.75,1
ORD347,2/23/24 16:47,PROD55,CUST512,Toys,Credit Card,647.51,8
ORD348,05-10-2024 11:45,PROD167,CUST579,Toys,Credit Card,390.58,6
ORD349,05-03-2024 20:31,PROD193,CUST945,Home Appliances,Debit Card,638.71,8
ORD350,07-11-2024 12:07,PROD157,CUST294,Home Appliances,Cash,722.67,6
ORD351,10/27/24 17:59,PROD24,CUST212,Home Appliances,Credit Card,1416.13,2
ORD352,1/23/24 3:19,PROD135,CUST639,Fashion,Credit Card,1696.95,8
ORD353,05-11-2024 03:37,PROD26,CUST90,Books,Credit Card,1283.47,10
ORD354,4/14/24 1:24,PROD14,CUST266,Books,Cash,1683,1
ORD355,5/20/24 22:00,PROD89,CUST821,Home Appliances,PayPal,34.2,2
ORD356,10-09-2024 15:57,PROD68,CUST694,Toys,Credit Card,1549.32,7
ORD357,08-10-2024 14:07,PROD46,CUST138,Fashion,PayPal,408.97,5
ORD358,4/19/24 22:17,PROD129,CUST55,Home Appliances,Debit Card,347.76,7
ORD359,07-10-2024 23:36,PROD48,CUST119,Toys,PayPal,1458.03,4
ORD360,9/20/24 19:59,PROD121,CUST343,Electronics,PayPal,1950.71,7
ORD361,2/26/24 4:48,PROD15,CUST231,Toys,Bank Transfer,596.72,10
ORD362,6/21/24 21:59,PROD70,CUST115,Books,Bank Transfer,581.78,5
ORD363,5/27/24 22:39,PROD68,CUST546,Fashion,Cash,1779.4,3
ORD364,2/22/24 1:45,PROD38,CUST953,Books,PayPal,1333.69,3
ORD365,10-05-2024 19:08,PROD84,CUST205,Toys,PayPal,175.82,10
ORD366,02-02-2024 11:09,PROD121,CUST741,Books,PayPal,1926.53,5
ORD367,3/13/24 6:42,PROD156,CUST97,Home Appliances,Credit Card,1928.9,2
ORD368,02-03-2024 12:35,PROD189,CUST400,Electronics,Bank Transfer,844.81,10
ORD369,7/24/24 7:16,PROD35,CUST391,Books,Credit Card,1495.92,5
ORD370,4/24/24 13:48,PROD138,CUST470,Books,Bank Transfer,1849.4,3
ORD371,07-01-2024 05:54,PROD194,CUST744,Books,Debit Card,1932.16,3
ORD372,03-07-2024 21:07,PROD62,CUST659,Fashion,Bank Transfer,1097.8,9
ORD373,09-08-2024 23:05,PROD97,CUST829,Books,Cash,1937.51,3
ORD374,11-07-2024 18:09,PROD106,CUST337,Electronics,Cash,1359.33,10
ORD375,10/28/24 3:14,PROD36,CUST664,Fashion,PayPal,1853.64,4
ORD376,4/19/24 2:18,PROD127,CUST594,Books,Bank Transfer,144.75,3
ORD377,03-09-2024 01:04,PROD148,CUST883,Toys,PayPal,231.68,10
ORD378,08-12-2024 20:14,PROD2,CUST951,Books,PayPal,539.49,1
ORD379,11-06-2024 14:32,PROD190,CUST341,Books,Credit Card,1804.47,6
ORD380,08-04-2024 10:22,PROD173,CUST622,Fashion,Cash,1622.74,2
ORD381,09-10-2024 14:22,PROD70,CUST432,Toys,Credit Card,906.43,2
ORD382,9/19/24 12:41,PROD20,CUST217,Electronics,PayPal,1489.36,5
ORD383,3/26/24 12:00,PROD133,CUST111,Toys,Credit Card,1505.65,2
ORD384,08-04-2024 19:10,PROD35,CUST516,Fashion,Credit Card,1675.7,1
ORD385,10-11-2024 02:36,PROD119,CUST83,Toys,Credit Card,104.56,9
ORD386,09-06-2024 06:44,PROD162,CUST71,Toys,Debit Card,138.41,5
ORD387,01-07-2024 07:05,PROD121,CUST745,Fashion,PayPal,323.07,5
ORD388,1/20/24 14:40,PROD83,CUST314,Books,Bank Transfer,1584.49,6
ORD389,3/31/24 19:49,PROD156,CUST781,Home Appliances,Debit Card,775.32,6
ORD390,01-12-2024 12:41,PROD27,CUST228,Books,Cash,795.81,5
ORD391,6/26/24 3:16,PROD47,CUST289,Books,PayPal,171.55,6
ORD392,01-05-2024 14:26,PROD5,CUST150,Electronics,Debit Card,1814.46,7
ORD393,4/19/24 16:52,PROD193,CUST356,Electronics,Debit Card,998.26,7
ORD394,11-01-2024 06:54,PROD58,CUST208,Books,Debit Card,1654.8,6
ORD395,4/22/24 8:02,PROD86,CUST661,Fashion,PayPal,1726.26,10
ORD396,07-12-2024 14:10,PROD31,CUST666,Fashion,Credit Card,544.43,9
ORD397,02-12-2024 19:11,PROD157,CUST61,Fashion,Debit Card,173.24,6
ORD398,03-10-2024 12:08,PROD23,CUST922,Fashion,Credit Card,632.51,1
ORD399,7/13/24 17:03,PROD59,CUST625,Toys,Cash,1709,8
ORD400,7/27/24 1:37,PROD26,CUST627,Fashion,Bank Transfer,83.17,8
ORD401,9/15/24 19:47,PROD60,CUST617,Fashion,Credit Card,1051.59,8
ORD402,10-01-2024 03:18,PROD94,CUST76,Fashion,Cash,362.66,5
ORD403,08-02-2024 09:01,PROD171,CUST399,Electronics,PayPal,711.35,10
ORD404,4/20/24 12:17,PROD65,CUST702,Fashion,Bank Transfer,691.83,9
ORD405,01-09-2024 01:49,PROD75,CUST176,Fashion,PayPal,938.87,7
ORD406,9/30/24 16:43,PROD158,CUST548,Electronics,PayPal,133.88,7
ORD407,6/13/24 2:12,PROD57,CUST178,Books,Debit Card,1640.08,8
ORD408,7/16/24 7:30,PROD55,CUST188,Books,Bank Transfer,966.11,3
ORD409,4/19/24 15:49,PROD164,CUST136,Home Appliances,Cash,946.49,5
ORD410,03-05-2024 08:12,PROD99,CUST779,Home Appliances,Bank Transfer,977.45,2
ORD411,04-05-2024 09:55,PROD132,CUST78,Electronics,Cash,984.32,1
ORD412,10-04-2024 17:01,PROD170,CUST621,Toys,Credit Card,1693.42,9
ORD413,7/22/24 22:05,PROD127,CUST736,Fashion,Cash,727.61,10
ORD414,06-02-2024 20:56,PROD58,CUST173,Books,Cash,64.56,8
ORD415,8/28/24 7:07,PROD132,CUST997,Electronics,Debit Card,227.87,9
ORD416,07-07-2024 17:39,PROD111,CUST952,Home Appliances,Bank Transfer,1967.32,5
ORD417,11-12-2024 09:23,PROD68,CUST525,Books,PayPal,1825.58,8
ORD418,07-05-2024 10:08,PROD80,CUST70,Fashion,PayPal,1558.02,6
ORD419,2/14/24 23:26,PROD192,CUST301,Home Appliances,Cash,1095.45,2
ORD420,02-12-2024 19:44,PROD4,CUST251,Toys,Cash,882.32,3
ORD421,7/30/24 15:29,PROD177,CUST732,Toys,Bank Transfer,1901.95,7
ORD422,11/16/24 20:28,PROD114,CUST196,Books,PayPal,1338.15,7
ORD423,3/28/24 10:44,PROD133,CUST232,Electronics,Credit Card,1823.62,2
ORD424,7/21/24 19:05,PROD138,CUST276,Fashion,Debit Card,280.27,6
ORD425,8/24/24 13:28,PROD20,CUST472,Toys,Cash,647.55,1
ORD426,01-02-2024 10:50,PROD56,CUST404,Electronics,PayPal,1577.89,9
ORD427,03-10-2024 21:49,PROD23,CUST492,Home Appliances,Debit Card,991.91,10
ORD428,06-09-2024 22:00,PROD158,CUST549,Home Appliances,PayPal,731.61,10
ORD429,05-09-2024 05:16,PROD198,CUST769,Electronics,Debit Card,133.09,9
ORD430,09-05-2024 06:47,PROD166,CUST131,Toys,Cash,1588.67,4
ORD431,08-03-2024 17:07,PROD139,CUST204,Home Appliances,Cash,1791.84,5
ORD432,2/23/24 18:12,PROD77,CUST770,Toys,Cash,1599.67,1
ORD433,08-03-2024 19:29,PROD101,CUST167,Toys,Bank Transfer,221.04,4
ORD434,5/24/24 16:44,PROD158,CUST766,Fashion,Debit Card,1546.79,7
ORD435,2/17/24 14:00,PROD118,CUST329,Books,PayPal,86.12,4
ORD436,01-09-2024 22:57,PROD141,CUST53,Fashion,Credit Card,1735.68,10
ORD437,10/31/24 11:11,PROD83,CUST616,Books,Cash,1327.77,2
ORD438,8/22/24 3:54,PROD162,CUST14,Electronics,Cash,1843.98,7
ORD439,08-03-2024 07:51,PROD112,CUST510,Fashion,Bank Transfer,609.43,1
ORD440,04-04-2024 20:52,PROD149,CUST947,Electronics,Debit Card,23.93,3
ORD441,03-02-2024 09:44,PROD187,CUST493,Toys,Credit Card,1789.14,9
ORD442,7/16/24 19:33,PROD125,CUST710,Books,Debit Card,808.07,7
ORD443,2/17/24 0:18,PROD138,CUST659,Toys,Credit Card,23.28,5
ORD444,1/27/24 19:51,PROD9,CUST283,Electronics,PayPal,527.52,10
ORD445,05-07-2024 07:30,PROD58,CUST246,Toys,Credit Card,581.47,2
ORD446,1/30/24 2:36,PROD117,CUST341,Books,Debit Card,1212.53,7
ORD447,11-02-2024 03:42,PROD3,CUST207,Home Appliances,PayPal,1342.5,3
ORD448,1/14/24 18:39,PROD11,CUST550,Home Appliances,Credit Card,1042.59,7
ORD449,02-06-2024 16:13,PROD61,CUST549,Toys,PayPal,1322.69,7
ORD450,3/14/24 6:20,PROD105,CUST660,Home Appliances,Bank Transfer,1870.82,9
ORD451,11-06-2024 16:27,PROD36,CUST355,Toys,Credit Card,1416.98,9
ORD452,6/15/24 18:17,PROD76,CUST984,Home Appliances,Debit Card,501.08,7
ORD453,05-10-2024 23:49,PROD50,CUST550,Electronics,Debit Card,556.87,10
ORD454,7/20/24 5:37,PROD71,CUST359,Books,Cash,1526.71,4
ORD455,1/24/24 11:25,PROD87,CUST156,Toys,PayPal,233.47,4
ORD456,06-07-2024 15:29,PROD134,CUST49,Home Appliances,Debit Card,1064.82,3
ORD457,9/29/24 0:55,PROD50,CUST336,Books,Credit Card,392.75,10
ORD458,02-01-2024 00:48,PROD95,CUST780,Home Appliances,Debit Card,607.88,7
ORD459,07-01-2024 22:19,PROD183,CUST297,Home Appliances,Debit Card,441.86,3
ORD460,09-10-2024 12:40,PROD196,CUST404,Electronics,Credit Card,1518.03,1
ORD461,8/22/24 9:40,PROD57,CUST989,Home Appliances,Debit Card,1955.32,1
ORD462,8/25/24 17:23,PROD83,CUST79,Fashion,Debit Card,1320.04,7
ORD463,8/13/24 16:58,PROD64,CUST178,Fashion,Credit Card,251.45,2
ORD464,06-05-2024 01:21,PROD182,CUST366,Home Appliances,Bank Transfer,1656.03,4
ORD465,9/22/24 0:20,PROD85,CUST434,Electronics,PayPal,679.35,3
ORD466,10/19/24 1:36,PROD15,CUST241,Fashion,Credit Card,702.76,1
ORD467,5/25/24 20:25,PROD36,CUST629,Fashion,Debit Card,1349.8,9
ORD468,09-11-2024 08:24,PROD159,CUST124,Home Appliances,Debit Card,190.3,2
ORD469,09-12-2024 19:24,PROD31,CUST742,Books,Cash,1278.14,7
ORD470,08-11-2024 05:15,PROD189,CUST308,Electronics,Debit Card,256.22,6
ORD471,07-12-2024 03:18,PROD64,CUST725,Books,Bank Transfer,179.67,4
ORD472,01-02-2024 03:57,PROD23,CUST820,Home Appliances,Debit Card,1818.71,8
ORD473,10/23/24 0:54,PROD163,CUST976,Books,Credit Card,1357.81,4
ORD474,1/24/24 2:56,PROD171,CUST458,Fashion,Bank Transfer,1236.51,2
ORD475,4/30/24 21:25,PROD164,CUST41,Home Appliances,Credit Card,1472.59,2
ORD476,05-07-2024 20:04,PROD69,CUST379,Home Appliances,Debit Card,1676.33,8
ORD477,08-12-2024 23:02,PROD130,CUST111,Home Appliances,Debit Card,1952.03,6
ORD478,10/13/24 4:54,PROD159,CUST813,Electronics,Credit Card,1004.39,4
ORD479,3/31/24 2:50,PROD16,CUST286,Electronics,Bank Transfer,1859.73,8
ORD480,01-01-2024 05:44,PROD102,CUST602,Home Appliances,Cash,1853.03,6
ORD481,6/27/24 23:37,PROD188,CUST848,Electronics,Cash,122.22,10
ORD482,1/22/24 9:31,PROD25,CUST891,Fashion,Cash,1959.06,1
ORD483,10/14/24 16:39,PROD199,CUST805,Home Appliances,Debit Card,1061.4,8
ORD484,8/27/24 5:22,PROD115,CUST893,Fashion,Debit Card,437.24,10
ORD485,6/17/24 5:30,PROD188,CUST854,Home Appliances,Cash,1515.97,1
ORD486,6/22/24 4:34,PROD11,CUST184,Home Appliances,PayPal,606.59,4
ORD487,2/24/24 10:09,PROD16,CUST234,Electronics,Debit Card,708.31,6
ORD488,05-08-2024 03:22,PROD123,CUST114,Toys,Cash,1109.46,9
ORD489,11-09-2024 00:13,PROD52,CUST515,Books,PayPal,381.62,7
ORD490,4/15/24 12:25,PROD25,CUST487,Electronics,Cash,1800.43,6
ORD491,08-07-2024 06:52,PROD130,CUST915,Books,Credit Card,1640.13,3
ORD492,1/30/24 3:05,PROD160,CUST498,Home Appliances,PayPal,149.87,2
ORD493,3/28/24 2:42,PROD89,CUST141,Toys,Bank Transfer,29.84,2
ORD494,01-10-2024 19:29,PROD123,CUST898,Toys,PayPal,1060.57,9
ORD495,06-02-2024 17:06,PROD12,CUST754,Books,Debit Card,256.28,7
ORD496,9/25/24 23:51,PROD194,CUST529,Home Appliances,PayPal,618.5,4
ORD497,2/26/24 2:47,PROD31,CUST646,Toys,Bank Transfer,681.29,10
ORD498,9/19/24 0:57,PROD55,CUST342,Electronics,Cash,1219.45,10
ORD499,10/29/24 23:44,PROD20,CUST488,Home Appliances,Debit Card,985.73,6
ORD500,6/16/24 13:54,PROD103,CUST569,Toys,Credit Card,1677.93,1
ORD501,8/25/24 5:44,PROD10,CUST625,Toys,Bank Transfer,1155.89,2
ORD502,8/19/24 17:16,PROD90,CUST403,Books,Bank Transfer,1555.46,6
ORD503,1/29/24 11:06,PROD174,CUST816,Toys,Cash,259.74,1
ORD504,7/21/24 1:21,PROD197,CUST449,Home Appliances,Bank Transfer,1509.5,9
ORD505,01-07-2024 12:39,PROD27,CUST851,Toys,Debit Card,1754.85,5
ORD506,6/29/24 13:59,PROD51,CUST438,Home Appliances,PayPal,1807.53,6
ORD507,7/27/24 7:42,PROD107,CUST121,Toys,Cash,1978.78,10
ORD508,01-02-2024 09:15,PROD108,CUST780,Electronics,Bank Transfer,1006.68,5
ORD509,10/17/24 3:17,PROD101,CUST775,Fashion,Debit Card,220.01,9
ORD510,9/26/24 3:11,PROD162,CUST385,Electronics,Debit Card,837.55,7
ORD511,1/13/24 17:45,PROD54,CUST175,Electronics,Cash,730.74,6
ORD512,7/31/24 2:08,PROD171,CUST142,Toys,PayPal,487.34,3
ORD513,3/30/24 2:31,PROD102,CUST521,Electronics,Credit Card,1310.7,6
ORD514,4/19/24 5:08,PROD162,CUST25,Home Appliances,Bank Transfer,766.74,10
ORD515,8/30/24 7:46,PROD84,CUST634,Books,PayPal,1144.88,4
ORD516,11-07-2024 10:07,PROD14,CUST821,Toys,Cash,150.53,7
ORD517,02-03-2024 15:51,PROD155,CUST106,Toys,Debit Card,175.17,3
ORD518,2/13/24 7:38,PROD112,CUST141,Fashion,PayPal,48.75,9
ORD519,04-03-2024 22:57,PROD87,CUST952,Toys,Cash,1575.35,8
ORD520,10-01-2024 22:23,PROD33,CUST550,Home Appliances,Debit Card,1602.98,1
ORD521,1/15/24 16:36,PROD11,CUST983,Home Appliances,Bank Transfer,47.71,4
ORD522,10/22/24 0:03,PROD3,CUST946,Toys,PayPal,1527.76,5
ORD523,2/23/24 11:12,PROD105,CUST191,Home Appliances,Credit Card,508.66,4
ORD524,10-11-2024 07:27,PROD166,CUST669,Books,Cash,1049.06,2
ORD525,07-02-2024 06:58,PROD122,CUST140,Home Appliances,Bank Transfer,790.47,3
ORD526,1/31/24 10:15,PROD23,CUST868,Electronics,Credit Card,1988.65,1
ORD527,05-04-2024 11:18,PROD96,CUST846,Electronics,Bank Transfer,1987.08,5
ORD528,06-10-2024 02:33,PROD71,CUST52,Toys,Cash,236.07,1
ORD529,02-07-2024 10:12,PROD98,CUST360,Books,Credit Card,1416.08,8
ORD530,07-03-2024 05:51,PROD117,CUST496,Electronics,Debit Card,1647.62,3
ORD531,08-05-2024 03:32,PROD188,CUST201,Fashion,Cash,665.8,7
ORD532,8/22/24 21:21,PROD37,CUST651,Home Appliances,Credit Card,186.54,9
ORD533,4/27/24 4:44,PROD140,CUST391,Electronics,Credit Card,846.61,9
ORD534,10-07-2024 12:56,PROD135,CUST310,Books,Bank Transfer,41.2,2
ORD535,03-04-2024 11:38,PROD15,CUST404,Home Appliances,Cash,287.96,5
ORD536,10/25/24 10:47,PROD61,CUST987,Books,Cash,39.32,8
ORD537,5/28/24 22:43,PROD88,CUST317,Fashion,Bank Transfer,1980.07,8
ORD538,06-10-2024 02:54,PROD67,CUST110,Electronics,Debit Card,1619.96,6
ORD539,5/29/24 1:26,PROD3,CUST588,Fashion,Credit Card,773.62,5
ORD540,5/16/24 18:04,PROD119,CUST808,Fashion,Debit Card,1323.59,4
ORD541,8/25/24 18:53,PROD154,CUST624,Electronics,Debit Card,1914.22,7
ORD542,01-08-2024 06:50,PROD186,CUST228,Electronics,Bank Transfer,981.75,2
ORD543,06-09-2024 02:32,PROD48,CUST355,Books,Cash,1555.11,5
ORD544,3/26/24 15:59,PROD143,CUST402,Home Appliances,Debit Card,1082.83,3
ORD545,01-05-2024 19:36,PROD51,CUST419,Fashion,PayPal,203.54,6
ORD546,03-04-2024 03:17,PROD164,CUST48,Books,Bank Transfer,1456.44,2
ORD547,6/30/24 22:18,PROD72,CUST828,Home Appliances,PayPal,45.83,7
ORD548,09-01-2024 09:50,PROD70,CUST71,Electronics,Bank Transfer,768.33,5
ORD549,02-09-2024 13:56,PROD26,CUST955,Books,PayPal,1300.99,6
ORD550,02-03-2024 02:14,PROD115,CUST488,Books,Bank Transfer,1105.78,8
ORD551,10/30/24 12:41,PROD87,CUST635,Home Appliances,Bank Transfer,711.21,2
ORD552,3/27/24 10:58,PROD193,CUST279,Home Appliances,Cash,1334.17,3
ORD553,6/14/24 14:48,PROD39,CUST470,Toys,Cash,659.52,9
ORD554,7/14/24 19:05,PROD47,CUST944,Books,Cash,1496.54,6
ORD555,07-11-2024 17:34,PROD55,CUST239,Toys,Bank Transfer,1668.01,8
ORD556,10/21/24 1:07,PROD183,CUST702,Electronics,Credit Card,553.06,1
ORD557,9/19/24 14:44,PROD135,CUST871,Fashion,Debit Card,1977.29,1
ORD558,03-03-2024 16:47,PROD104,CUST720,Toys,PayPal,866.96,2
ORD559,9/27/24 19:21,PROD128,CUST457,Home Appliances,Debit Card,174.19,3
ORD560,1/13/24 22:21,PROD53,CUST852,Electronics,Bank Transfer,383.47,2
ORD561,5/30/24 17:07,PROD133,CUST366,Toys,Cash,229.07,2
ORD562,9/17/24 18:55,PROD45,CUST998,Electronics,Bank Transfer,65.09,6
ORD563,4/27/24 13:06,PROD66,CUST795,Toys,Debit Card,173.1,3
ORD564,6/18/24 21:14,PROD150,CUST558,Home Appliances,Cash,55.56,6
ORD565,3/27/24 10:23,PROD192,CUST299,Electronics,Cash,779.37,2
ORD566,02-04-2024 07:09,PROD35,CUST659,Fashion,Cash,1168.4,3
ORD567,8/16/24 0:58,PROD159,CUST927,Electronics,PayPal,1442.62,5
ORD568,6/22/24 5:02,PROD28,CUST622,Books,Bank Transfer,454.09,1
ORD569,11/13/24 23:27,PROD183,CUST157,Electronics,Bank Transfer,838.17,5
ORD570,01-08-2024 04:03,PROD176,CUST663,Books,Credit Card,1727.58,5
ORD571,6/28/24 17:51,PROD171,CUST707,Books,Cash,258.17,6
ORD572,5/14/24 4:54,PROD142,CUST108,Home Appliances,Cash,397.04,6
ORD573,02-12-2024 11:42,PROD142,CUST174,Electronics,Bank Transfer,1656.28,2
ORD574,04-01-2024 15:28,PROD161,CUST427,Electronics,PayPal,288.98,5
ORD575,6/19/24 17:35,PROD86,CUST876,Home Appliances,Credit Card,236.32,9
ORD576,09-04-2024 18:14,PROD84,CUST206,Fashion,Credit Card,834.83,10
ORD577,2/20/24 13:43,PROD112,CUST506,Electronics,Credit Card,1105.63,3
ORD578,02-06-2024 14:18,PROD159,CUST344,Books,PayPal,754.93,9
ORD579,1/31/24 13:16,PROD180,CUST208,Books,Debit Card,1936.34,4
ORD580,5/26/24 17:45,PROD122,CUST51,Toys,PayPal,1790.76,4
ORD581,11-07-2024 14:16,PROD197,CUST740,Books,Cash,1660.05,10
ORD582,1/31/24 19:45,PROD104,CUST793,Fashion,Credit Card,1270.3,3
ORD583,08-12-2024 19:20,PROD100,CUST475,Toys,Bank Transfer,1475.15,6
ORD584,02-10-2024 11:20,PROD111,CUST895,Home Appliances,PayPal,1289.8,2
ORD585,06-11-2024 18:51,PROD2,CUST598,Toys,PayPal,1982.61,1
ORD586,8/19/24 23:34,PROD92,CUST175,Books,PayPal,623.39,4
ORD587,9/23/24 22:13,PROD28,CUST145,Toys,Credit Card,1428.21,10
ORD588,6/24/24 18:43,PROD125,CUST987,Electronics,PayPal,1324.79,6
ORD589,6/29/24 11:02,PROD173,CUST281,Fashion,Bank Transfer,64.4,4
ORD590,6/14/24 12:29,PROD7,CUST360,Fashion,Debit Card,871.55,9
ORD591,2/19/24 22:02,PROD110,CUST262,Fashion,Bank Transfer,1065.07,1
ORD592,08-03-2024 06:07,PROD109,CUST645,Home Appliances,Cash,1030.04,5
ORD593,06-02-2024 12:03,PROD8,CUST499,Fashion,Credit Card,1646.48,6
ORD594,06-05-2024 03:49,PROD126,CUST140,Fashion,PayPal,259.66,8
ORD595,3/28/24 1:02,PROD88,CUST53,Books,PayPal,1851.87,10
ORD596,01-03-2024 21:26,PROD89,CUST74,Fashion,Bank Transfer,239.25,10
ORD597,9/30/24 7:16,PROD111,CUST738,Toys,Cash,1353.35,4
ORD598,05-04-2024 21:51,PROD90,CUST210,Electronics,PayPal,1518.46,10
ORD599,04-01-2024 12:14,PROD137,CUST477,Home Appliances,Cash,549.12,10
ORD600,05-09-2024 12:13,PROD141,CUST579,Books,Cash,394.55,2
ORD601,5/18/24 16:14,PROD105,CUST728,Toys,PayPal,479.67,1
ORD602,03-09-2024 21:57,PROD85,CUST809,Fashion,Credit Card,1253.07,3
ORD603,10-02-2024 00:40,PROD17,CUST103,Fashion,Credit Card,213.18,2
ORD604,4/16/24 23:52,PROD105,CUST369,Toys,Cash,480.67,3
ORD605,11-07-2024 13:10,PROD172,CUST79,Fashion,Bank Transfer,306.19,3
ORD606,3/14/24 21:00,PROD24,CUST211,Books,Credit Card,681.53,2
ORD607,04-01-2024 09:08,PROD49,CUST907,Toys,Debit Card,825.24,7
ORD608,9/27/24 11:26,PROD191,CUST186,Books,Bank Transfer,514.05,6
ORD609,2/14/24 5:11,PROD27,CUST833,Books,Bank Transfer,118.12,9
ORD610,01-09-2024 08:01,PROD138,CUST778,Home Appliances,Debit Card,36.32,4
ORD611,10-01-2024 01:39,PROD148,CUST98,Home Appliances,Credit Card,1500.4,7
ORD612,01-12-2024 06:11,PROD113,CUST44,Books,Cash,1241.66,1
ORD613,08-06-2024 08:51,PROD195,CUST661,Books,Cash,1608.13,8
ORD614,7/26/24 23:58,PROD189,CUST449,Fashion,Credit Card,787.33,8
ORD615,01-03-2024 02:50,PROD142,CUST1000,Toys,Cash,154.71,1
ORD616,3/23/24 12:09,PROD25,CUST255,Fashion,Bank Transfer,1945.66,6
ORD617,9/23/24 10:41,PROD116,CUST509,Home Appliances,PayPal,71.23,9
ORD618,05-07-2024 05:18,PROD45,CUST759,Home Appliances,PayPal,603.52,6
ORD619,1/19/24 12:03,PROD90,CUST669,Books,Cash,433.41,10
ORD620,10/13/24 7:16,PROD96,CUST236,Toys,Debit Card,1055.89,7
ORD621,3/27/24 7:02,PROD131,CUST155,Fashion,PayPal,183.5,3
ORD622,3/13/24 8:50,PROD112,CUST719,Electronics,Cash,127.02,8
ORD623,6/20/24 6:49,PROD124,CUST971,Electronics,PayPal,1829.18,7
ORD624,8/15/24 0:16,PROD190,CUST999,Books,Debit Card,1138.92,8
ORD625,03-04-2024 08:59,PROD106,CUST182,Home Appliances,Credit Card,1729.16,1
ORD626,3/24/24 21:59,PROD99,CUST896,Electronics,Bank Transfer,358.45,9
ORD627,06-12-2024 02:57,PROD36,CUST842,Toys,PayPal,1316.08,10
ORD628,03-06-2024 21:50,PROD179,CUST624,Books,Cash,1305.23,4
ORD629,5/31/24 11:04,PROD61,CUST464,Electronics,Cash,1521.02,6
ORD630,05-03-2024 21:08,PROD140,CUST987,Electronics,PayPal,1813.25,6
ORD631,7/26/24 12:42,PROD138,CUST632,Home Appliances,Cash,929.1,10
ORD632,3/13/24 12:37,PROD130,CUST802,Books,Bank Transfer,78.03,3
ORD633,1/16/24 0:32,PROD196,CUST15,Home Appliances,Credit Card,1795.03,4
ORD634,05-12-2024 06:58,PROD186,CUST802,Electronics,Debit Card,1626.9,8
ORD635,9/26/24 9:42,PROD98,CUST707,Electronics,Bank Transfer,1933.32,1
ORD636,09-07-2024 05:49,PROD147,CUST570,Books,Debit Card,1691.37,4
ORD637,04-07-2024 00:00,PROD21,CUST376,Books,Cash,35.93,1
ORD638,02-01-2024 16:26,PROD38,CUST459,Electronics,Credit Card,1197.14,6
ORD639,03-11-2024 05:24,PROD19,CUST250,Home Appliances,Cash,681.79,7
ORD640,07-12-2024 19:13,PROD200,CUST836,Toys,Debit Card,1098.89,9
ORD641,04-04-2024 04:03,PROD168,CUST220,Toys,Debit Card,464.43,5
ORD642,07-10-2024 16:40,PROD54,CUST157,Toys,Bank Transfer,1090.91,1
ORD643,7/22/24 9:14,PROD116,CUST400,Home Appliances,PayPal,1687.41,3
ORD644,6/18/24 13:40,PROD37,CUST892,Electronics,PayPal,194.42,4
ORD645,1/27/24 4:01,PROD146,CUST806,Books,Credit Card,1289.46,2
ORD646,8/28/24 6:23,PROD130,CUST319,Home Appliances,PayPal,636.53,8
ORD647,05-01-2024 18:58,PROD35,CUST600,Home Appliances,Debit Card,1664.21,7
ORD648,2/17/24 22:11,PROD129,CUST671,Electronics,Debit Card,265.71,3
ORD649,1/16/24 21:20,PROD159,CUST144,Electronics,PayPal,575.83,1
ORD650,6/18/24 22:03,PROD171,CUST271,Electronics,Cash,1443.75,3
ORD651,05-02-2024 16:08,PROD90,CUST426,Toys,Cash,284.26,9
ORD652,10/15/24 1:37,PROD7,CUST465,Books,Cash,1089.88,9
ORD653,2/21/24 1:01,PROD156,CUST53,Home Appliances,Credit Card,1690.32,6
ORD654,2/21/24 23:18,PROD75,CUST732,Electronics,Cash,1046.21,3
ORD655,9/15/24 11:57,PROD92,CUST508,Fashion,Credit Card,1664.94,9
ORD656,2/15/24 2:50,PROD36,CUST279,Books,Cash,1042.98,2
ORD657,9/29/24 7:11,PROD121,CUST533,Books,Debit Card,1704.76,8
ORD658,6/30/24 18:14,PROD150,CUST674,Fashion,Cash,874.71,5
ORD659,10/26/24 5:08,PROD156,CUST115,Books,Credit Card,858.77,4
ORD660,6/27/24 1:52,PROD98,CUST652,Toys,PayPal,436.85,8
ORD661,06-10-2024 21:11,PROD118,CUST775,Electronics,PayPal,468.12,3
ORD662,04-06-2024 20:10,PROD72,CUST684,Books,Debit Card,1235.5,4
ORD663,6/27/24 1:45,PROD116,CUST678,Home Appliances,Credit Card,1035.1,1
ORD664,01-11-2024 02:25,PROD149,CUST66,Books,Credit Card,556.62,2
ORD665,01-02-2024 17:45,PROD115,CUST395,Electronics,Bank Transfer,333.59,9
ORD666,4/18/24 4:45,PROD82,CUST680,Home Appliances,Credit Card,1677.62,9
ORD667,04-02-2024 18:28,PROD101,CUST400,Home Appliances,Bank Transfer,337.4,5
ORD668,09-11-2024 11:12,PROD67,CUST3,Books,Bank Transfer,1039.31,8
ORD669,2/19/24 4:54,PROD25,CUST369,Books,Credit Card,1730.01,1
ORD670,2/25/24 9:56,PROD5,CUST368,Home Appliances,Debit Card,962.46,4
ORD671,04-02-2024 22:10,PROD49,CUST213,Books,Credit Card,1992.19,10
ORD672,4/13/24 16:32,PROD45,CUST996,Home Appliances,PayPal,1284.57,6
ORD673,08-11-2024 14:13,PROD53,CUST837,Books,Bank Transfer,928.45,6
ORD674,1/17/24 14:36,PROD134,CUST143,Home Appliances,Cash,837.03,2
ORD675,06-03-2024 02:13,PROD40,CUST957,Books,Credit Card,211.31,6
ORD676,06-01-2024 10:33,PROD84,CUST156,Books,PayPal,1522.93,7
ORD677,2/14/24 7:53,PROD121,CUST20,Books,Bank Transfer,1288.07,1
ORD678,08-01-2024 20:15,PROD115,CUST394,Home Appliances,Credit Card,279.67,10
ORD679,08-11-2024 16:26,PROD159,CUST247,Books,Bank Transfer,1457.69,5
ORD680,6/21/24 17:03,PROD120,CUST945,Books,PayPal,311.88,8
ORD681,03-10-2024 01:12,PROD96,CUST224,Books,PayPal,1933.11,6
ORD682,09-06-2024 05:55,PROD92,CUST239,Electronics,Bank Transfer,600.91,7
ORD683,4/22/24 7:44,PROD10,CUST317,Books,Credit Card,1793.85,6
ORD684,4/16/24 5:22,PROD17,CUST253,Toys,PayPal,1131.25,2
ORD685,7/14/24 6:11,PROD161,CUST845,Toys,Debit Card,1048.63,1
ORD686,7/31/24 19:40,PROD186,CUST500,Toys,Credit Card,705.47,5
ORD687,5/31/24 4:06,PROD127,CUST81,Home Appliances,PayPal,1307.76,1
ORD688,7/13/24 7:18,PROD2,CUST937,Electronics,Credit Card,592.65,1
ORD689,4/24/24 0:41,PROD85,CUST878,Electronics,Credit Card,1948.38,5
ORD690,9/22/24 14:54,PROD63,CUST977,Home Appliances,Debit Card,1458.61,10
ORD691,8/15/24 7:45,PROD6,CUST109,Books,PayPal,1656.06,7
ORD692,08-02-2024 05:58,PROD101,CUST735,Home Appliances,Cash,1598.63,10
ORD693,1/21/24 20:19,PROD171,CUST608,Books,Credit Card,1380,6
ORD694,7/24/24 12:49,PROD150,CUST187,Toys,Cash,1876.33,7
ORD695,10/26/24 19:37,PROD38,CUST67,Books,Debit Card,1928,6
ORD696,5/14/24 10:03,PROD93,CUST616,Books,PayPal,1825.81,8
ORD697,10-07-2024 00:37,PROD39,CUST585,Toys,Debit Card,1053.72,9
ORD698,06-10-2024 01:12,PROD110,CUST844,Home Appliances,PayPal,142.47,5
ORD699,09-07-2024 18:05,PROD113,CUST495,Toys,Credit Card,1526.09,1
ORD700,05-05-2024 05:48,PROD112,CUST8,Fashion,Bank Transfer,313.56,6
ORD701,08-09-2024 00:58,PROD93,CUST287,Toys,Credit Card,25.24,1
ORD702,2/20/24 8:19,PROD167,CUST304,Electronics,PayPal,1818.7,7
ORD703,4/19/24 13:26,PROD72,CUST637,Books,PayPal,1213.48,3
ORD704,06-09-2024 05:39,PROD141,CUST881,Fashion,PayPal,1816.08,2
ORD705,7/19/24 6:44,PROD44,CUST1,Books,Bank Transfer,1439.61,8
ORD706,7/28/24 14:35,PROD108,CUST625,Books,PayPal,462.7,4
ORD707,06-04-2024 06:24,PROD186,CUST596,Electronics,Bank Transfer,1030.19,10
ORD708,05-11-2024 00:39,PROD192,CUST502,Books,Cash,806.07,4
ORD709,4/13/24 21:35,PROD33,CUST770,Fashion,PayPal,746.77,7
ORD710,11-03-2024 07:21,PROD43,CUST682,Books,Bank Transfer,1101.75,7
ORD711,4/30/24 18:40,PROD32,CUST552,Home Appliances,Cash,1182.2,6
ORD712,5/27/24 15:31,PROD89,CUST177,Toys,PayPal,1921.63,6
ORD713,10/16/24 12:24,PROD8,CUST626,Fashion,PayPal,1350.18,4
ORD714,1/27/24 17:46,PROD197,CUST364,Home Appliances,PayPal,685.21,6
ORD715,10-09-2024 16:34,PROD146,CUST470,Toys,Credit Card,1046.33,8
ORD716,9/22/24 6:55,PROD73,CUST450,Toys,Credit Card,618.72,1
ORD717,7/15/24 15:34,PROD157,CUST755,Fashion,Credit Card,656.18,10
ORD718,10/29/24 4:20,PROD53,CUST475,Home Appliances,PayPal,996.74,6
ORD719,5/23/24 6:54,PROD150,CUST212,Toys,Bank Transfer,1689.68,8
ORD720,8/28/24 22:54,PROD177,CUST836,Home Appliances,Credit Card,560.93,6
ORD721,11-12-2024 15:46,PROD109,CUST815,Books,Bank Transfer,875.61,2
ORD722,9/20/24 0:10,PROD12,CUST760,Fashion,Credit Card,1644.02,1
ORD723,1/26/24 15:48,PROD197,CUST733,Toys,Cash,1630.04,7
ORD724,8/14/24 15:07,PROD28,CUST307,Home Appliances,Credit Card,1981.97,7
ORD725,05-02-2024 00:48,PROD11,CUST261,Home Appliances,Cash,512.76,10
ORD726,9/15/24 3:11,PROD197,CUST181,Electronics,PayPal,546.7,1
ORD727,1/31/24 13:54,PROD58,CUST768,Toys,Cash,1477.88,5
ORD728,11-07-2024 21:51,PROD13,CUST647,Electronics,Debit Card,872.62,1
ORD729,8/19/24 8:41,PROD177,CUST824,Books,Cash,89.66,7
ORD730,10-12-2024 00:46,PROD186,CUST878,Toys,Cash,1327.25,7
ORD731,9/30/24 0:55,PROD195,CUST934,Books,PayPal,1801,2
ORD732,10/18/24 3:23,PROD1,CUST107,Fashion,Debit Card,977.72,10
ORD733,4/26/24 19:20,PROD171,CUST248,Fashion,Debit Card,97.55,3
ORD734,11-09-2024 01:54,PROD40,CUST927,Home Appliances,PayPal,1799.79,2
ORD735,07-11-2024 22:07,PROD39,CUST614,Toys,Cash,360.58,6
ORD736,1/28/24 6:45,PROD53,CUST297,Fashion,Debit Card,995.56,1
ORD737,08-10-2024 16:40,PROD75,CUST508,Books,Bank Transfer,179.68,8
ORD738,4/27/24 16:23,PROD154,CUST833,Books,Credit Card,676.59,2
ORD739,8/18/24 1:49,PROD2,CUST332,Electronics,Debit Card,480.36,6
ORD740,11-05-2024 07:49,PROD179,CUST745,Electronics,PayPal,1047.2,7
ORD741,06-02-2024 02:37,PROD99,CUST223,Toys,Cash,190.68,7
ORD742,4/15/24 0:40,PROD157,CUST860,Fashion,Bank Transfer,1993.01,1
ORD743,5/19/24 17:44,PROD190,CUST167,Books,Credit Card,1171.2,3
ORD744,8/16/24 22:12,PROD160,CUST835,Fashion,Bank Transfer,1166.24,3
ORD745,09-12-2024 10:00,PROD132,CUST727,Electronics,Bank Transfer,1046.57,10
ORD746,3/30/24 13:21,PROD134,CUST907,Electronics,Bank Transfer,1057.91,9
ORD747,11-03-2024 17:51,PROD3,CUST956,Home Appliances,PayPal,1828.82,1
ORD748,02-02-2024 01:56,PROD31,CUST283,Toys,Debit Card,616.29,1
ORD749,04-03-2024 09:38,PROD25,CUST158,Fashion,Credit Card,564.94,8
ORD750,3/17/24 0:47,PROD164,CUST732,Fashion,Debit Card,1190.5,10
ORD751,06-03-2024 13:11,PROD141,CUST737,Home Appliances,Cash,1842.95,7
ORD752,11-03-2024 23:27,PROD102,CUST774,Books,Bank Transfer,751.99,10
ORD753,03-02-2024 18:03,PROD68,CUST89,Fashion,Credit Card,32.05,2
ORD754,6/15/24 5:16,PROD37,CUST632,Fashion,Cash,673.27,1
ORD755,8/30/24 1:47,PROD166,CUST745,Fashion,Bank Transfer,1401.24,8
ORD756,1/25/24 23:29,PROD118,CUST242,Fashion,Credit Card,1209.27,1
ORD757,7/26/24 21:46,PROD185,CUST678,Toys,Debit Card,348.9,2
ORD758,1/30/24 23:28,PROD179,CUST644,Toys,PayPal,679.26,1
ORD759,4/20/24 1:22,PROD20,CUST229,Home Appliances,Credit Card,249.1,6
ORD760,1/17/24 5:15,PROD23,CUST331,Toys,Bank Transfer,437.19,7
ORD761,9/13/24 13:29,PROD122,CUST43,Toys,Bank Transfer,1802.46,8
ORD762,05-08-2024 19:50,PROD49,CUST721,Home Appliances,Credit Card,774.19,6
ORD763,5/16/24 19:11,PROD199,CUST286,Books,Credit Card,1062.03,10
ORD764,7/31/24 6:23,PROD156,CUST570,Fashion,Bank Transfer,616.6,10
ORD765,03-04-2024 11:05,PROD45,CUST902,Electronics,PayPal,774.08,7
ORD766,8/26/24 14:36,PROD93,CUST682,Toys,PayPal,782.52,1
ORD767,3/23/24 11:03,PROD153,CUST879,Toys,Credit Card,817.94,1
ORD768,7/28/24 9:23,PROD141,CUST453,Books,PayPal,1176.75,8
ORD769,6/14/24 17:33,PROD34,CUST71,Books,Cash,1745.93,8
ORD770,2/19/24 15:55,PROD90,CUST774,Books,Bank Transfer,1214.82,10
ORD771,3/20/24 5:40,PROD71,CUST377,Electronics,Debit Card,1468.57,4
ORD772,03-08-2024 13:03,PROD84,CUST383,Toys,PayPal,759.24,10
ORD773,9/27/24 16:51,PROD193,CUST855,Books,Cash,200.45,10
ORD774,10/18/24 15:16,PROD76,CUST827,Electronics,PayPal,411.24,5
ORD775,10/30/24 7:23,PROD71,CUST679,Books,Debit Card,1866.93,1
ORD776,8/28/24 22:49,PROD75,CUST39,Home Appliances,Credit Card,491.96,6
ORD777,2/24/24 9:44,PROD192,CUST541,Toys,Cash,1463.19,2
ORD778,10/28/24 20:15,PROD57,CUST867,Electronics,Credit Card,1678.35,2
ORD779,7/28/24 0:35,PROD45,CUST883,Books,Debit Card,1115.19,10
ORD780,5/17/24 5:20,PROD48,CUST299,Toys,Cash,639.25,5
ORD781,1/27/24 19:49,PROD69,CUST566,Fashion,Cash,1104.36,3
ORD782,4/26/24 22:07,PROD66,CUST439,Electronics,Bank Transfer,1230.63,3
ORD783,6/28/24 4:47,PROD33,CUST669,Electronics,Cash,1019.93,8
ORD784,08-08-2024 22:37,PROD171,CUST611,Home Appliances,Debit Card,106.1,8
ORD785,7/14/24 19:20,PROD23,CUST397,Books,Cash,453.17,9
ORD786,1/14/24 10:32,PROD199,CUST222,Home Appliances,Credit Card,1469.35,2
ORD787,8/22/24 0:42,PROD15,CUST850,Books,PayPal,360.5,8
ORD788,01-06-2024 08:23,PROD79,CUST194,Toys,Credit Card,1063.37,7
ORD789,04-02-2024 22:10,PROD126,CUST741,Fashion,Cash,1711.11,9
ORD790,07-05-2024 23:43,PROD189,CUST689,Home Appliances,PayPal,492.89,10
ORD791,11-12-2024 10:24,PROD169,CUST35,Home Appliances,Debit Card,1667.48,2
ORD792,8/18/24 15:12,PROD112,CUST708,Fashion,Credit Card,1008.51,3
ORD793,8/17/24 16:23,PROD159,CUST287,Home Appliances,Cash,1676.58,9
ORD794,4/28/24 19:04,PROD179,CUST664,Fashion,Debit Card,968.8,3
ORD795,11/17/24 7:17,PROD88,CUST84,Fashion,PayPal,1198.99,6
ORD796,06-05-2024 13:15,PROD52,CUST593,Fashion,Cash,698.86,7
ORD797,7/21/24 5:45,PROD127,CUST253,Home Appliances,Credit Card,1119.88,2
ORD798,10/24/24 2:38,PROD28,CUST888,Home Appliances,Credit Card,1701.58,3
ORD799,1/21/24 20:39,PROD88,CUST988,Toys,Cash,974.68,5
ORD800,7/24/24 6:42,PROD126,CUST305,Electronics,Bank Transfer,683.13,8
ORD801,03-01-2024 00:41,PROD31,CUST957,Home Appliances,Debit Card,1754.31,3
ORD802,1/27/24 5:20,PROD66,CUST146,Home Appliances,Debit Card,34.23,3
ORD803,7/14/24 17:14,PROD66,CUST334,Fashion,Cash,1691.14,5
ORD804,8/17/24 9:54,PROD168,CUST841,Electronics,Bank Transfer,362.8,4
ORD805,5/18/24 16:14,PROD84,CUST858,Home Appliances,PayPal,1694.62,3
ORD806,08-11-2024 04:13,PROD103,CUST271,Fashion,PayPal,386.81,9
ORD807,2/25/24 3:32,PROD44,CUST594,Books,PayPal,1550.42,10
ORD808,02-02-2024 04:40,PROD142,CUST544,Electronics,Credit Card,1644.58,10
ORD809,7/19/24 6:19,PROD106,CUST423,Electronics,Cash,1359.11,4
ORD810,06-11-2024 00:31,PROD35,CUST156,Electronics,Cash,1063.25,9
ORD811,07-04-2024 02:14,PROD49,CUST116,Fashion,Cash,466.11,3
ORD812,06-05-2024 12:20,PROD71,CUST648,Electronics,Bank Transfer,1957.59,7
ORD813,2/18/24 12:23,PROD194,CUST273,Home Appliances,Bank Transfer,231.03,5
ORD814,1/15/24 22:36,PROD81,CUST164,Books,Cash,1638.67,2
ORD815,1/21/24 15:06,PROD195,CUST530,Home Appliances,Credit Card,784.8,9
ORD816,4/17/24 20:22,PROD66,CUST921,Toys,Cash,108.15,3
ORD817,5/24/24 16:05,PROD28,CUST252,Home Appliances,Credit Card,1367.83,8
ORD818,09-05-2024 19:36,PROD114,CUST274,Books,PayPal,1007.62,4
ORD819,03-10-2024 21:28,PROD75,CUST971,Books,Cash,1182.54,2
ORD820,05-01-2024 09:05,PROD60,CUST502,Toys,PayPal,419.25,3
ORD821,7/17/24 13:33,PROD200,CUST535,Books,Cash,371.74,2
ORD822,05-05-2024 15:24,PROD135,CUST206,Fashion,Bank Transfer,243.33,3
ORD823,5/16/24 13:40,PROD107,CUST140,Home Appliances,Bank Transfer,1188.85,8
ORD824,6/25/24 14:39,PROD36,CUST349,Books,Debit Card,32.07,5
ORD825,10-12-2024 20:14,PROD80,CUST18,Toys,Bank Transfer,386.2,2
ORD826,01-01-2024 09:33,PROD174,CUST279,Electronics,Debit Card,1291.23,8
ORD827,04-04-2024 19:11,PROD162,CUST405,Toys,Cash,74.35,5
ORD828,6/19/24 7:18,PROD124,CUST5,Toys,Cash,1240.66,4
ORD829,6/13/24 8:59,PROD122,CUST706,Toys,Bank Transfer,728.13,5
ORD830,03-05-2024 06:11,PROD37,CUST158,Fashion,PayPal,1354.02,6
ORD831,3/19/24 8:50,PROD99,CUST553,Electronics,Credit Card,132.27,5
ORD832,02-10-2024 22:03,PROD32,CUST669,Toys,Cash,1867.86,4
ORD833,06-12-2024 03:48,PROD157,CUST9,Fashion,Bank Transfer,1506.38,1
ORD834,5/18/24 17:45,PROD162,CUST2,Electronics,Cash,1389.34,9
ORD835,10/24/24 14:13,PROD106,CUST543,Electronics,Bank Transfer,472.94,3
ORD836,10/23/24 12:18,PROD100,CUST346,Fashion,Bank Transfer,1061.46,10
ORD837,3/29/24 12:48,PROD178,CUST143,Fashion,Credit Card,574.16,8
ORD838,02-09-2024 07:34,PROD156,CUST1000,Fashion,PayPal,634.99,5
ORD839,06-02-2024 21:35,PROD95,CUST859,Home Appliances,PayPal,1233.37,7
ORD840,01-11-2024 22:37,PROD35,CUST107,Fashion,PayPal,709.47,10
ORD841,10-03-2024 01:57,PROD64,CUST754,Books,Bank Transfer,1980.97,5
ORD842,8/19/24 3:21,PROD194,CUST654,Books,Debit Card,1656.22,3
ORD843,07-10-2024 10:31,PROD179,CUST512,Home Appliances,PayPal,1324.48,10
ORD844,04-05-2024 10:02,PROD75,CUST264,Fashion,Credit Card,1645.33,6
ORD845,9/30/24 16:04,PROD129,CUST112,Home Appliances,Credit Card,1338.32,10
ORD846,4/26/24 23:31,PROD105,CUST989,Fashion,Cash,492.12,5
ORD847,3/31/24 2:37,PROD193,CUST317,Home Appliances,PayPal,807.95,3
ORD848,3/19/24 1:26,PROD174,CUST818,Toys,Credit Card,29.58,4
ORD849,03-05-2024 20:49,PROD45,CUST108,Home Appliances,Bank Transfer,1044.94,7
ORD850,9/28/24 12:58,PROD178,CUST459,Books,Cash,1679.15,10
ORD851,6/24/24 19:36,PROD122,CUST928,Home Appliances,PayPal,777.88,3
ORD852,8/19/24 10:10,PROD39,CUST186,Electronics,Debit Card,177.3,5
ORD853,3/14/24 22:27,PROD91,CUST844,Electronics,Cash,203.32,3
ORD854,09-12-2024 09:08,PROD175,CUST926,Home Appliances,Credit Card,790.41,3
ORD855,08-12-2024 10:31,PROD163,CUST972,Electronics,PayPal,103.97,8
ORD856,3/28/24 23:00,PROD58,CUST87,Home Appliances,Bank Transfer,1693.33,1
ORD857,11-11-2024 00:05,PROD184,CUST338,Electronics,PayPal,1095.01,1
ORD858,10/17/24 4:18,PROD198,CUST141,Toys,Credit Card,1231.78,5
ORD859,8/14/24 22:10,PROD43,CUST545,Home Appliances,Debit Card,1589.17,10
ORD860,6/14/24 4:22,PROD166,CUST761,Fashion,PayPal,1289.52,7
ORD861,7/24/24 3:29,PROD196,CUST119,Toys,Credit Card,597.01,6
ORD862,03-04-2024 21:44,PROD89,CUST684,Toys,PayPal,1671.81,6
ORD863,09-10-2024 11:39,PROD153,CUST73,Books,Debit Card,1051.4,5
ORD864,06-03-2024 20:23,PROD194,CUST655,Toys,Debit Card,1711.94,7
ORD865,03-08-2024 08:38,PROD15,CUST252,Books,Bank Transfer,1667.21,7
ORD866,6/21/24 11:16,PROD200,CUST983,Home Appliances,Cash,1270.06,2
ORD867,8/14/24 4:04,PROD146,CUST323,Books,Cash,58.69,7
ORD868,1/18/24 16:03,PROD89,CUST759,Home Appliances,Debit Card,413.54,7
ORD869,10/18/24 6:26,PROD72,CUST80,Electronics,Debit Card,819.12,7
ORD870,2/14/24 5:18,PROD102,CUST44,Electronics,PayPal,1097.11,2
ORD871,6/15/24 10:38,PROD137,CUST52,Books,Cash,1128.26,6
ORD872,04-11-2024 00:31,PROD172,CUST902,Electronics,Credit Card,782.63,7
ORD873,4/14/24 14:53,PROD89,CUST577,Fashion,Credit Card,169.25,7
ORD874,4/24/24 10:36,PROD82,CUST616,Fashion,PayPal,619.2,5
ORD875,05-10-2024 21:08,PROD161,CUST984,Books,Credit Card,1702.46,8
ORD876,8/31/24 23:50,PROD124,CUST427,Electronics,Debit Card,912.93,7
ORD877,6/26/24 19:36,PROD199,CUST571,Electronics,Bank Transfer,1038.62,10
ORD878,7/13/24 7:29,PROD130,CUST76,Home Appliances,PayPal,269.66,7
ORD879,02-09-2024 23:43,PROD3,CUST571,Toys,Cash,401.87,6
ORD880,05-09-2024 10:49,PROD171,CUST326,Toys,PayPal,486.71,1
ORD881,3/29/24 2:17,PROD6,CUST981,Toys,Credit Card,1946.42,2
ORD882,07-02-2024 16:57,PROD108,CUST491,Toys,Credit Card,1099.17,7
ORD883,8/16/24 0:14,PROD196,CUST843,Books,Credit Card,272.16,4
ORD884,08-01-2024 20:57,PROD145,CUST957,Home Appliances,Credit Card,1432.34,4
ORD885,3/14/24 7:19,PROD10,CUST924,Books,PayPal,982.51,5
ORD886,4/27/24 16:10,PROD96,CUST571,Fashion,PayPal,606.48,1
ORD887,6/24/24 5:55,PROD149,CUST933,Books,PayPal,1037.39,2
ORD888,11-07-2024 12:04,PROD157,CUST409,Toys,Credit Card,888,4
ORD889,05-09-2024 23:33,PROD6,CUST680,Books,Credit Card,681.44,5
ORD890,8/18/24 0:36,PROD130,CUST470,Toys,Cash,1132.24,5
ORD891,09-04-2024 09:51,PROD34,CUST564,Books,Bank Transfer,609.5,3
ORD892,05-06-2024 04:29,PROD74,CUST966,Fashion,Bank Transfer,1768.13,10
ORD893,7/14/24 18:00,PROD185,CUST920,Home Appliances,Bank Transfer,1348.27,7
ORD894,10/13/24 16:40,PROD78,CUST759,Electronics,Debit Card,1027.19,3
ORD895,7/17/24 0:58,PROD105,CUST578,Electronics,Debit Card,1177.11,1
ORD896,9/13/24 17:29,PROD75,CUST307,Toys,Debit Card,1937.31,8
ORD897,2/16/24 10:47,PROD103,CUST892,Toys,Debit Card,1620.68,1
ORD898,6/27/24 6:41,PROD137,CUST749,Books,PayPal,1961.24,5
ORD899,9/22/24 14:10,PROD139,CUST76,Toys,Cash,248.77,6
ORD900,8/16/24 4:59,PROD22,CUST160,Toys,Credit Card,1508.11,10
ORD901,8/25/24 13:12,PROD188,CUST53,Books,Bank Transfer,29.16,9
ORD902,4/26/24 4:49,PROD60,CUST646,Electronics,PayPal,1156.41,4
ORD903,5/17/24 7:34,PROD194,CUST280,Home Appliances,PayPal,137.88,4
ORD904,5/30/24 5:20,PROD35,CUST793,Toys,Cash,1191.6,10
ORD905,3/21/24 3:24,PROD54,CUST804,Books,Credit Card,685.81,4
ORD906,03-01-2024 13:09,PROD174,CUST168,Books,Debit Card,1925.99,9
ORD907,10/25/24 21:21,PROD166,CUST588,Books,Cash,1702.52,10
ORD908,9/13/24 4:11,PROD162,CUST507,Electronics,PayPal,516.5,2
ORD909,02-09-2024 04:29,PROD121,CUST408,Home Appliances,Bank Transfer,748.86,4
ORD910,2/26/24 20:04,PROD82,CUST774,Fashion,Bank Transfer,1405.67,10
ORD911,09-07-2024 23:01,PROD70,CUST335,Electronics,PayPal,279.89,6
ORD912,10/29/24 10:23,PROD198,CUST283,Electronics,Credit Card,123.75,4
ORD913,2/29/24 12:44,PROD186,CUST585,Home Appliances,Credit Card,1520.33,5
ORD914,04-12-2024 06:47,PROD142,CUST367,Electronics,Credit Card,1035.89,2
ORD915,10/25/24 8:02,PROD175,CUST475,Home Appliances,Credit Card,1700.86,10
ORD916,4/20/24 0:28,PROD115,CUST588,Books,Bank Transfer,984.04,7
ORD917,10/13/24 16:01,PROD174,CUST764,Toys,Cash,1600.43,4
ORD918,9/21/24 20:43,PROD158,CUST324,Home Appliances,Debit Card,1741.67,1
ORD919,3/18/24 23:06,PROD27,CUST118,Home Appliances,PayPal,1671.19,2
ORD920,7/17/24 9:30,PROD178,CUST230,Home Appliances,Credit Card,200.49,5
ORD921,2/28/24 23:52,PROD33,CUST119,Toys,Credit Card,602.17,1
ORD922,02-04-2024 02:30,PROD52,CUST732,Books,Debit Card,240.04,3
ORD923,9/20/24 3:48,PROD175,CUST177,Fashion,Bank Transfer,1390.5,1
ORD924,5/30/24 0:39,PROD2,CUST401,Toys,Credit Card,500.56,6
ORD925,9/23/24 6:36,PROD200,CUST475,Home Appliances,Debit Card,1258.24,7
ORD926,05-02-2024 04:11,PROD141,CUST991,Electronics,PayPal,1525.97,5
ORD927,1/21/24 21:43,PROD161,CUST41,Electronics,Bank Transfer,1016.31,10
ORD928,02-12-2024 08:20,PROD108,CUST727,Fashion,PayPal,1784.05,5
ORD929,7/20/24 21:10,PROD59,CUST275,Books,PayPal,1011.1,3
ORD930,8/30/24 4:50,PROD75,CUST45,Books,Debit Card,277.4,8
ORD931,08-12-2024 03:50,PROD144,CUST451,Fashion,Cash,1228.46,9
ORD932,03-10-2024 16:01,PROD25,CUST343,Home Appliances,Credit Card,686.98,9
ORD933,1/19/24 8:48,PROD78,CUST497,Electronics,PayPal,942.65,7
ORD934,3/20/24 13:19,PROD84,CUST802,Toys,Credit Card,553.85,2
ORD935,5/28/24 9:15,PROD81,CUST784,Toys,Credit Card,1247.22,8
ORD936,5/17/24 5:17,PROD66,CUST626,Electronics,Bank Transfer,446.57,5
ORD937,5/29/24 4:59,PROD197,CUST25,Fashion,Credit Card,53.62,5
ORD938,04-01-2024 14:23,PROD100,CUST363,Home Appliances,Cash,966.1,2
ORD939,06-01-2024 19:18,PROD132,CUST436,Fashion,Debit Card,700.04,7
ORD940,09-10-2024 12:49,PROD50,CUST310,Electronics,Bank Transfer,898.84,10
ORD941,7/17/24 11:50,PROD150,CUST936,Home Appliances,Credit Card,343.61,9
ORD942,4/22/24 15:50,PROD28,CUST557,Fashion,Debit Card,1485.13,2
ORD943,07-01-2024 09:42,PROD168,CUST328,Fashion,PayPal,898.61,4
ORD944,1/17/24 1:29,PROD186,CUST26,Books,Cash,1589.17,3
ORD945,3/23/24 17:31,PROD145,CUST354,Home Appliances,Cash,1887.21,6
ORD946,05-07-2024 10:03,PROD161,CUST612,Toys,Cash,1076.83,8
ORD947,02-02-2024 23:57,PROD120,CUST63,Home Appliances,PayPal,1059.23,9
ORD948,09-01-2024 03:33,PROD48,CUST996,Fashion,Credit Card,107.62,3
ORD949,9/28/24 3:44,PROD55,CUST794,Fashion,Bank Transfer,1097.51,9
ORD950,3/24/24 22:46,PROD114,CUST206,Toys,Bank Transfer,1508.16,5
ORD951,8/13/24 5:18,PROD105,CUST911,Electronics,Bank Transfer,1580.96,10
ORD952,8/22/24 21:46,PROD27,CUST189,Electronics,Bank Transfer,1898.68,2
ORD953,6/20/24 23:21,PROD55,CUST344,Books,PayPal,944.07,8
ORD954,8/18/24 7:55,PROD143,CUST447,Electronics,Debit Card,281.58,5
ORD955,05-02-2024 12:53,PROD21,CUST518,Home Appliances,Cash,670.18,2
ORD956,09-11-2024 10:02,PROD162,CUST77,Home Appliances,Debit Card,210.58,4
ORD957,06-09-2024 10:59,PROD31,CUST862,Fashion,Credit Card,426.24,2
ORD958,05-04-2024 19:31,PROD141,CUST719,Electronics,Bank Transfer,695.43,9
ORD959,5/25/24 1:13,PROD154,CUST590,Home Appliances,Cash,300.29,7
ORD960,2/23/24 19:38,PROD173,CUST226,Toys,Bank Transfer,1182,8
ORD961,5/30/24 22:30,PROD38,CUST954,Toys,Bank Transfer,1776.62,5
ORD962,7/14/24 6:52,PROD83,CUST984,Home Appliances,Bank Transfer,1849.04,5
ORD963,10-10-2024 12:44,PROD142,CUST677,Toys,Credit Card,1995.09,10
ORD964,02-05-2024 03:09,PROD75,CUST423,Electronics,Cash,134.07,9
ORD965,3/18/24 23:44,PROD44,CUST314,Home Appliances,Bank Transfer,1315.01,2
ORD966,6/19/24 7:38,PROD28,CUST6,Electronics,Debit Card,936.26,10
ORD967,02-01-2024 01:38,PROD169,CUST143,Toys,PayPal,1167.5,3
ORD968,5/22/24 17:57,PROD59,CUST435,Books,PayPal,536.33,2
ORD969,8/31/24 17:04,PROD43,CUST386,Books,Debit Card,753.07,7
ORD970,03-11-2024 10:36,PROD104,CUST136,Fashion,Credit Card,90.99,1
ORD971,9/18/24 7:49,PROD167,CUST457,Fashion,Debit Card,216.95,9
ORD972,4/17/24 18:19,PROD78,CUST367,Home Appliances,PayPal,1850.25,6
ORD973,05-03-2024 10:54,PROD71,CUST121,Toys,PayPal,658.89,2
ORD974,2/25/24 14:58,PROD150,CUST770,Home Appliances,Bank Transfer,1241.25,4
ORD975,5/26/24 11:38,PROD133,CUST661,Home Appliances,Debit Card,851.31,9
ORD976,02-01-2024 21:15,PROD15,CUST879,Electronics,PayPal,203.95,6
ORD977,9/19/24 20:49,PROD94,CUST129,Toys,Credit Card,841.06,7
ORD978,6/23/24 6:22,PROD46,CUST702,Electronics,Bank Transfer,648.62,7
ORD979,9/15/24 8:50,PROD90,CUST350,Electronics,PayPal,1363.89,4
ORD980,08-04-2024 21:58,PROD36,CUST61,Home Appliances,Cash,197.67,6
ORD981,5/16/24 18:50,PROD64,CUST867,Electronics,Bank Transfer,982.52,1
ORD982,10/19/24 10:46,PROD44,CUST889,Home Appliances,PayPal,675.54,5
ORD983,1/30/24 17:46,PROD16,CUST750,Books,Cash,682.72,2
ORD984,2/14/24 21:01,PROD87,CUST992,Toys,Bank Transfer,711.57,10
ORD985,04-08-2024 18:49,PROD124,CUST794,Books,PayPal,1224.63,5
ORD986,10-02-2024 22:54,PROD172,CUST201,Books,Debit Card,1871.7,2
ORD987,08-11-2024 23:32,PROD111,CUST141,Toys,Cash,648.48,4
ORD988,10/14/24 5:29,PROD121,CUST216,Home Appliances,Cash,966.87,1
ORD989,6/16/24 20:10,PROD66,CUST113,Fashion,Debit Card,973.42,1
ORD990,8/23/24 19:58,PROD179,CUST726,Electronics,Cash,1491.27,7
ORD991,6/20/24 4:26,PROD138,CUST519,Electronics,Cash,691.05,10
ORD992,08-07-2024 03:20,PROD192,CUST535,Home Appliances,Credit Card,1556.64,9
ORD993,1/23/24 21:25,PROD1,CUST383,Fashion,Bank Transfer,1713.48,8
ORD994,3/13/24 1:12,PROD19,CUST856,Electronics,Cash,101.67,5
ORD995,4/22/24 15:51,PROD167,CUST17,Home Appliances,Bank Transfer,1429.08,5
ORD996,05-08-2024 11:44,PROD163,CUST678,Books,Cash,1159.02,5
ORD997,8/30/24 7:08,PROD33,CUST56,Books,PayPal,1395.75,3
ORD998,3/29/24 14:54,PROD138,CUST770,Books,Credit Card,71.48,10
ORD999,09-07-2024 14:04,PROD36,CUST193,Home Appliances,Credit Card,773.54,10
ORD1000,3/14/24 12:05,PROD100,CUST190,Books,PayPal,1865.94,2
ORD1001,03-09-2024 22:16,PROD41,CUST100,Electronics,Bank Transfer,1587.42,4
ORD1002,7/30/24 20:00,PROD12,CUST721,Electronics,Cash,474.21,3
ORD1003,01-04-2024 22:28,PROD2,CUST291,Books,PayPal,972.45,3
ORD1004,01-11-2024 05:36,PROD4,CUST957,Toys,PayPal,129.48,4
ORD1005,07-02-2024 23:15,PROD22,CUST77,Home Appliances,Debit Card,1862.97,8
ORD1006,6/15/24 10:16,PROD123,CUST675,Home Appliances,PayPal,911.73,1
ORD1007,10-04-2024 11:46,PROD21,CUST661,Books,PayPal,1627.1,7
ORD1008,9/21/24 14:09,PROD86,CUST837,Electronics,Credit Card,915.64,6
ORD1009,10/21/24 5:39,PROD89,CUST893,Fashion,Debit Card,354.57,4
ORD1010,08-10-2024 17:11,PROD26,CUST942,Home Appliances,PayPal,1228.83,9
ORD1011,6/27/24 17:08,PROD112,CUST295,Home Appliances,Bank Transfer,1357.52,6
ORD1012,5/20/24 1:59,PROD139,CUST899,Fashion,Cash,1617.75,1
ORD1013,10/27/24 10:17,PROD158,CUST235,Home Appliances,Bank Transfer,395.33,1
ORD1014,5/20/24 2:37,PROD27,CUST467,Fashion,Bank Transfer,1897.09,2
ORD1015,01-04-2024 03:33,PROD3,CUST786,Home Appliances,Debit Card,612.79,3
ORD1016,4/18/24 1:08,PROD182,CUST493,Books,PayPal,664.02,2
ORD1017,02-01-2024 11:13,PROD182,CUST476,Toys,PayPal,1658.52,8
ORD1018,02-09-2024 18:24,PROD37,CUST393,Toys,Cash,1725.25,6
ORD1019,3/21/24 14:00,PROD195,CUST12,Fashion,Credit Card,897.72,3
ORD1020,08-11-2024 08:50,PROD121,CUST567,Books,Bank Transfer,1237.92,8
ORD1021,08-05-2024 16:29,PROD95,CUST604,Home Appliances,Bank Transfer,1708.09,5
ORD1022,2/19/24 12:34,PROD26,CUST162,Toys,PayPal,1437.28,4
ORD1023,6/21/24 21:50,PROD61,CUST98,Fashion,Bank Transfer,1280.91,10
ORD1024,04-12-2024 23:34,PROD79,CUST323,Toys,Credit Card,1318.82,9
ORD1025,10/17/24 22:51,PROD132,CUST436,Books,Cash,973.01,10
ORD1026,07-11-2024 07:17,PROD48,CUST452,Electronics,PayPal,761.61,10
ORD1027,5/24/24 9:11,PROD89,CUST680,Electronics,Credit Card,1686.44,9
ORD1028,3/26/24 3:00,PROD73,CUST952,Electronics,Cash,1872.27,3
ORD1029,9/29/24 6:57,PROD44,CUST33,Toys,Cash,464.88,2
ORD1030,08-05-2024 18:32,PROD107,CUST439,Books,Debit Card,179.54,1
ORD1031,09-03-2024 22:24,PROD153,CUST886,Books,Bank Transfer,565,2
ORD1032,4/28/24 20:20,PROD66,CUST894,Home Appliances,Bank Transfer,277.45,2
ORD1033,02-01-2024 15:23,PROD50,CUST610,Books,Debit Card,1670.72,4
ORD1034,6/25/24 3:05,PROD10,CUST447,Electronics,Bank Transfer,267.89,10
ORD1035,9/23/24 0:34,PROD196,CUST123,Books,Debit Card,1194.94,1
ORD1036,8/30/24 14:47,PROD179,CUST991,Fashion,Debit Card,1858.29,2
ORD1037,3/24/24 8:38,PROD177,CUST15,Electronics,PayPal,104.01,3
ORD1038,5/16/24 1:11,PROD148,CUST562,Home Appliances,Debit Card,1533.78,2
ORD1039,11-04-2024 02:34,PROD28,CUST319,Home Appliances,Cash,554.03,2
ORD1040,1/20/24 3:13,PROD70,CUST290,Fashion,Bank Transfer,964.55,3
ORD1041,9/20/24 13:12,PROD101,CUST88,Books,PayPal,734.12,6
ORD1042,2/28/24 22:53,PROD196,CUST427,Home Appliances,Credit Card,887.35,8
ORD1043,4/13/24 4:26,PROD79,CUST852,Toys,Bank Transfer,1796.35,2
ORD1044,7/26/24 19:23,PROD111,CUST307,Fashion,Bank Transfer,1771.84,6
ORD1045,05-08-2024 18:50,PROD157,CUST259,Fashion,PayPal,1627.22,10
ORD1046,2/20/24 11:51,PROD101,CUST640,Books,Cash,428.64,1
ORD1047,06-05-2024 09:42,PROD178,CUST940,Home Appliances,Cash,1798.1,7
ORD1048,6/27/24 17:44,PROD54,CUST267,Home Appliances,Cash,407.16,7
ORD1049,04-08-2024 18:31,PROD97,CUST556,Toys,Bank Transfer,1497.1,9
ORD1050,2/25/24 17:16,PROD36,CUST131,Books,Credit Card,563.47,6
ORD1051,06-08-2024 04:59,PROD11,CUST549,Books,Credit Card,1857.88,6
ORD1052,7/21/24 5:31,PROD51,CUST810,Fashion,Credit Card,1533.43,10
ORD1053,07-03-2024 14:48,PROD135,CUST712,Electronics,Credit Card,194.9,7
ORD1054,09-05-2024 19:02,PROD118,CUST408,Electronics,Debit Card,1808.48,8
ORD1055,01-10-2024 09:28,PROD50,CUST291,Fashion,Bank Transfer,759.14,6
ORD1056,10-05-2024 13:23,PROD192,CUST692,Books,Cash,1521.31,8
ORD1057,5/23/24 8:03,PROD55,CUST320,Home Appliances,Credit Card,225.91,7
ORD1058,8/31/24 16:30,PROD151,CUST351,Electronics,Credit Card,1566.67,2
ORD1059,9/21/24 6:10,PROD53,CUST625,Fashion,PayPal,1245.97,3
ORD1060,5/17/24 14:43,PROD163,CUST120,Fashion,Bank Transfer,995,4
ORD1061,03-04-2024 03:33,PROD185,CUST152,Electronics,Cash,1313.53,7
ORD1062,10/16/24 19:45,PROD61,CUST411,Home Appliances,Credit Card,483.44,10
ORD1063,11/14/24 14:59,PROD14,CUST73,Fashion,PayPal,1354.96,1
ORD1064,7/31/24 17:46,PROD195,CUST203,Fashion,Bank Transfer,1037.97,7
ORD1065,05-04-2024 08:14,PROD185,CUST477,Toys,Cash,1088.28,2
ORD1066,02-03-2024 23:22,PROD81,CUST250,Fashion,Credit Card,1938.12,7
ORD1067,3/15/24 22:09,PROD200,CUST607,Home Appliances,Cash,1652.83,6
ORD1068,3/30/24 4:59,PROD90,CUST409,Books,Credit Card,686.72,9
ORD1069,09-07-2024 02:34,PROD200,CUST237,Fashion,Cash,655.44,2
ORD1070,05-04-2024 02:09,PROD133,CUST397,Electronics,Credit Card,1153.51,5
ORD1071,6/22/24 7:55,PROD127,CUST122,Toys,Bank Transfer,1526.6,9
ORD1072,01-05-2024 07:49,PROD44,CUST495,Electronics,Debit Card,902.2,4
ORD1073,10/18/24 6:25,PROD21,CUST675,Home Appliances,Credit Card,1994.82,7
ORD1074,7/30/24 17:46,PROD44,CUST629,Home Appliances,PayPal,1188.49,3
ORD1075,09-02-2024 11:53,PROD161,CUST253,Home Appliances,Cash,127.22,2
ORD1076,8/26/24 10:41,PROD172,CUST628,Home Appliances,Credit Card,622.92,8
ORD1077,4/18/24 0:10,PROD29,CUST324,Toys,Credit Card,1347.23,9
ORD1078,2/19/24 4:17,PROD187,CUST513,Home Appliances,Cash,1891.39,8
ORD1079,6/15/24 21:00,PROD79,CUST663,Home Appliances,Debit Card,1262.23,5
ORD1080,02-04-2024 19:10,PROD195,CUST53,Books,Bank Transfer,1702.85,1
ORD1081,6/22/24 1:19,PROD121,CUST61,Fashion,Credit Card,1532.77,2
ORD1082,11-07-2024 02:47,PROD1,CUST459,Fashion,Credit Card,1178.93,4
ORD1083,4/28/24 5:11,PROD168,CUST691,Books,Cash,166.36,10
ORD1084,09-02-2024 12:01,PROD41,CUST601,Books,Credit Card,1134.43,5
ORD1085,10/13/24 3:43,PROD184,CUST549,Fashion,Bank Transfer,925.07,8
ORD1086,5/14/24 0:14,PROD141,CUST808,Electronics,Credit Card,1754.39,5
ORD1087,02-10-2024 15:43,PROD92,CUST451,Fashion,Debit Card,1554.35,2
ORD1088,6/18/24 4:26,PROD157,CUST346,Toys,Bank Transfer,1316.79,7
ORD1089,3/28/24 16:31,PROD166,CUST650,Fashion,PayPal,742.21,3
ORD1090,07-02-2024 05:33,PROD116,CUST502,Fashion,Credit Card,121.39,6
ORD1091,7/31/24 6:01,PROD158,CUST967,Toys,Cash,931.53,8
ORD1092,04-03-2024 06:47,PROD178,CUST948,Home Appliances,Credit Card,1991.11,3
ORD1093,8/18/24 7:08,PROD33,CUST527,Fashion,Bank Transfer,1599.12,6
ORD1094,7/14/24 12:54,PROD107,CUST320,Toys,Bank Transfer,729.6,6
ORD1095,4/24/24 18:34,PROD158,CUST526,Electronics,Credit Card,67.13,1
ORD1096,11-10-2024 12:34,PROD68,CUST526,Electronics,Credit Card,918.49,5
ORD1097,11-06-2024 02:34,PROD126,CUST90,Toys,Debit Card,803.74,9
ORD1098,8/19/24 4:26,PROD118,CUST770,Home Appliances,PayPal,106.61,3
ORD1099,10-05-2024 15:40,PROD190,CUST409,Electronics,Credit Card,838.1,1
ORD1100,08-03-2024 01:00,PROD168,CUST260,Electronics,Cash,634,2
ORD1101,11-07-2024 22:58,PROD176,CUST661,Home Appliances,Bank Transfer,1248.26,3
ORD1102,11-08-2024 04:04,PROD95,CUST163,Fashion,Debit Card,1563.09,6
ORD1103,06-05-2024 18:48,PROD183,CUST712,Electronics,Bank Transfer,888.33,4
ORD1104,4/18/24 21:06,PROD48,CUST93,Toys,Debit Card,288.46,8
ORD1105,3/19/24 7:30,PROD104,CUST315,Toys,Credit Card,864.4,3
ORD1106,07-09-2024 21:20,PROD60,CUST822,Books,Debit Card,1610.61,3
ORD1107,07-06-2024 16:57,PROD56,CUST128,Home Appliances,Cash,1556.83,7
ORD1108,5/26/24 18:38,PROD65,CUST879,Fashion,Debit Card,1652.37,4
ORD1109,07-10-2024 01:33,PROD78,CUST761,Books,Credit Card,250.43,6
ORD1110,3/17/24 18:52,PROD188,CUST943,Toys,PayPal,1079.8,10
ORD1111,8/23/24 7:15,PROD105,CUST407,Toys,Debit Card,1910.81,5
ORD1112,3/27/24 23:37,PROD122,CUST528,Home Appliances,Debit Card,930.43,3
ORD1113,07-04-2024 09:36,PROD160,CUST114,Home Appliances,Cash,146.19,3
ORD1114,6/22/24 7:06,PROD149,CUST975,Home Appliances,Credit Card,1225.48,3
ORD1115,6/27/24 16:50,PROD159,CUST740,Fashion,Bank Transfer,953.31,4
ORD1116,10-01-2024 05:36,PROD37,CUST734,Books,Credit Card,333.09,2
ORD1117,07-02-2024 19:15,PROD147,CUST317,Books,Debit Card,1873.76,3
ORD1118,06-09-2024 21:33,PROD39,CUST491,Home Appliances,Debit Card,267.5,7
ORD1119,9/20/24 11:58,PROD125,CUST627,Toys,Credit Card,1480.41,8
ORD1120,01-09-2024 04:05,PROD23,CUST945,Electronics,Cash,1329.69,7
ORD1121,6/13/24 10:56,PROD113,CUST423,Toys,Bank Transfer,979.09,4
ORD1122,9/30/24 22:07,PROD10,CUST230,Home Appliances,Cash,1695.07,9
ORD1123,4/27/24 5:39,PROD67,CUST666,Electronics,Bank Transfer,453.78,4
ORD1124,1/14/24 15:03,PROD52,CUST847,Home Appliances,Debit Card,590.92,1
ORD1125,9/21/24 8:02,PROD103,CUST674,Fashion,Bank Transfer,1659.96,1
ORD1126,5/20/24 4:40,PROD193,CUST82,Home Appliances,Credit Card,192.56,8
ORD1127,5/15/24 0:04,PROD11,CUST583,Toys,Debit Card,1924.02,2
ORD1128,9/24/24 2:12,PROD121,CUST583,Toys,Debit Card,557.32,4
ORD1129,5/26/24 1:44,PROD111,CUST924,Fashion,Bank Transfer,101.33,7
ORD1130,6/15/24 14:31,PROD77,CUST174,Electronics,Debit Card,851.62,7
ORD1131,5/18/24 8:16,PROD69,CUST557,Home Appliances,Bank Transfer,1114.9,10
ORD1132,04-02-2024 20:00,PROD119,CUST339,Electronics,Bank Transfer,1820.46,1
ORD1133,10/18/24 16:06,PROD169,CUST857,Fashion,PayPal,1930.95,6
ORD1134,05-01-2024 11:30,PROD140,CUST524,Fashion,PayPal,1839.01,10
ORD1135,9/18/24 1:43,PROD24,CUST150,Home Appliances,Cash,475.25,10
ORD1136,8/24/24 19:30,PROD190,CUST133,Toys,Cash,1308.6,2
ORD1137,01-05-2024 20:17,PROD112,CUST398,Fashion,Debit Card,325.07,6
ORD1138,07-05-2024 20:03,PROD78,CUST892,Books,Bank Transfer,1670.01,5
ORD1139,5/27/24 4:14,PROD161,CUST524,Toys,Bank Transfer,1019.59,3
ORD1140,6/26/24 3:20,PROD68,CUST46,Home Appliances,PayPal,1212.12,7
ORD1141,08-08-2024 16:13,PROD142,CUST229,Books,PayPal,193.63,3
ORD1142,2/29/24 4:27,PROD193,CUST727,Fashion,Cash,294.73,10
ORD1143,09-10-2024 13:14,PROD29,CUST308,Toys,Bank Transfer,1413.97,4
ORD1144,10/24/24 14:35,PROD117,CUST232,Toys,Credit Card,1966.85,9
ORD1145,10-07-2024 12:26,PROD85,CUST141,Books,Credit Card,732.23,3
ORD1146,3/26/24 8:36,PROD101,CUST101,Toys,PayPal,268.57,7
ORD1147,10/14/24 22:23,PROD56,CUST595,Home Appliances,Cash,1890.73,2
ORD1148,02-11-2024 01:22,PROD74,CUST235,Fashion,Bank Transfer,945.52,9
ORD1149,9/22/24 12:30,PROD80,CUST177,Fashion,PayPal,368.21,3
ORD1150,11-10-2024 07:23,PROD98,CUST649,Books,Debit Card,109.69,4
ORD1151,01-01-2024 17:24,PROD62,CUST840,Toys,Credit Card,307.84,7
ORD1152,04-10-2024 14:39,PROD134,CUST783,Fashion,PayPal,530.86,4
ORD1153,06-11-2024 12:14,PROD183,CUST532,Electronics,Debit Card,917.95,3
ORD1154,9/25/24 13:13,PROD53,CUST318,Home Appliances,Bank Transfer,628.19,3
ORD1155,01-09-2024 10:55,PROD191,CUST480,Electronics,Credit Card,1331.03,4
ORD1156,04-02-2024 03:24,PROD12,CUST584,Electronics,Bank Transfer,913.31,9
ORD1157,4/24/24 3:06,PROD85,CUST965,Electronics,Cash,1564.28,10
ORD1158,03-10-2024 05:13,PROD95,CUST578,Books,Bank Transfer,1331.05,7
ORD1159,10-09-2024 11:53,PROD129,CUST416,Fashion,Cash,792.17,7
ORD1160,2/17/24 18:48,PROD129,CUST329,Electronics,Credit Card,996.52,3
ORD1161,05-08-2024 23:48,PROD129,CUST545,Fashion,Cash,201.92,10
ORD1162,7/24/24 0:00,PROD33,CUST853,Fashion,Credit Card,1859.6,8
ORD1163,4/29/24 1:50,PROD194,CUST288,Toys,Debit Card,918.91,2
ORD1164,1/22/24 0:58,PROD74,CUST505,Electronics,Bank Transfer,390.12,8
ORD1165,01-10-2024 00:42,PROD120,CUST214,Books,Bank Transfer,1674.06,7
ORD1166,05-05-2024 18:57,PROD113,CUST525,Books,PayPal,412.62,8
ORD1167,03-03-2024 16:53,PROD35,CUST610,Electronics,Cash,1788.6,10
ORD1168,08-10-2024 22:00,PROD31,CUST407,Home Appliances,Debit Card,752.54,2
ORD1169,3/22/24 4:12,PROD172,CUST798,Electronics,Bank Transfer,580.46,7
ORD1170,11-07-2024 11:17,PROD141,CUST97,Home Appliances,Debit Card,708.73,2
ORD1171,4/17/24 7:34,PROD152,CUST334,Books,Credit Card,1198.2,7
ORD1172,9/30/24 23:42,PROD140,CUST686,Toys,Bank Transfer,1300.8,5
ORD1173,7/17/24 15:28,PROD180,CUST35,Books,Credit Card,335.54,6
ORD1174,10-12-2024 04:16,PROD194,CUST441,Fashion,Bank Transfer,1203.56,4
ORD1175,09-03-2024 01:19,PROD172,CUST543,Home Appliances,Bank Transfer,756.77,7
ORD1176,09-08-2024 04:44,PROD78,CUST572,Electronics,Debit Card,308.15,5
ORD1177,05-02-2024 21:47,PROD76,CUST688,Fashion,Bank Transfer,129.46,1
ORD1178,03-01-2024 19:43,PROD136,CUST961,Books,Credit Card,560.51,5
ORD1179,2/13/24 19:07,PROD42,CUST380,Books,PayPal,513.02,2
ORD1180,1/29/24 11:04,PROD79,CUST935,Books,Debit Card,1432.6,2
ORD1181,3/24/24 3:56,PROD67,CUST660,Toys,Cash,29.72,1
ORD1182,11-02-2024 11:05,PROD198,CUST974,Home Appliances,Bank Transfer,321.54,6
ORD1183,1/29/24 3:19,PROD191,CUST81,Books,Cash,1310.18,3
ORD1184,10-02-2024 00:46,PROD42,CUST979,Electronics,Credit Card,812.88,8
ORD1185,06-02-2024 05:16,PROD82,CUST677,Books,Bank Transfer,1430.44,2
ORD1186,03-07-2024 05:55,PROD152,CUST77,Electronics,Debit Card,873.1,5
ORD1187,02-06-2024 14:17,PROD37,CUST581,Home Appliances,PayPal,1756.16,1
ORD1188,11-07-2024 20:47,PROD186,CUST800,Books,Debit Card,110.73,8
ORD1189,09-08-2024 06:44,PROD107,CUST333,Toys,PayPal,751.71,1
ORD1190,3/26/24 14:28,PROD110,CUST778,Fashion,Cash,1663.22,3
ORD1191,8/25/24 11:06,PROD23,CUST395,Electronics,Credit Card,1486.84,2
ORD1192,1/20/24 22:45,PROD51,CUST212,Home Appliances,Cash,1902.87,8
ORD1193,1/28/24 7:29,PROD106,CUST333,Electronics,PayPal,1799.55,5
ORD1194,8/27/24 20:17,PROD137,CUST586,Fashion,PayPal,1364.95,3
ORD1195,06-07-2024 08:28,PROD29,CUST737,Fashion,Bank Transfer,1118.46,6
ORD1196,1/14/24 7:06,PROD174,CUST179,Fashion,Cash,186.07,3
ORD1197,6/16/24 1:14,PROD65,CUST644,Toys,Bank Transfer,646.66,6
ORD1198,6/30/24 19:30,PROD115,CUST482,Fashion,Credit Card,905.95,2
ORD1199,1/20/24 4:18,PROD188,CUST784,Toys,Bank Transfer,24.96,5
ORD1200,2/17/24 19:24,PROD140,CUST120,Books,Debit Card,775.56,4
ORD1201,03-02-2024 02:18,PROD50,CUST306,Books,Cash,1893.51,5
ORD1202,4/17/24 10:04,PROD200,CUST220,Electronics,Cash,109,1
ORD1203,07-03-2024 12:20,PROD122,CUST617,Home Appliances,Bank Transfer,1684.81,2
ORD1204,10/27/24 13:55,PROD64,CUST370,Books,Credit Card,194.55,4
ORD1205,03-02-2024 22:43,PROD77,CUST84,Fashion,Credit Card,1350.34,3
ORD1206,3/14/24 1:33,PROD93,CUST905,Electronics,Debit Card,1656.17,1
ORD1207,06-01-2024 11:37,PROD27,CUST419,Electronics,Bank Transfer,981.55,9
ORD1208,3/27/24 3:27,PROD172,CUST299,Toys,Debit Card,192.06,3
ORD1209,08-09-2024 21:29,PROD60,CUST527,Toys,Debit Card,128.9,10
ORD1210,6/30/24 8:00,PROD23,CUST758,Books,Credit Card,986.1,6
ORD1211,8/28/24 23:12,PROD77,CUST472,Electronics,Credit Card,274.73,4
ORD1212,7/15/24 18:19,PROD161,CUST733,Books,Cash,1362.38,8
ORD1213,11-05-2024 11:17,PROD71,CUST441,Fashion,PayPal,1319.93,8
ORD1214,6/30/24 21:24,PROD198,CUST431,Toys,Credit Card,1989.98,6
ORD1215,5/27/24 1:47,PROD10,CUST191,Books,Bank Transfer,1812.94,5
ORD1216,07-02-2024 12:32,PROD154,CUST903,Toys,Cash,1140.14,10
ORD1217,10/18/24 0:58,PROD108,CUST104,Home Appliances,Credit Card,101.73,7
ORD1218,06-08-2024 01:12,PROD149,CUST748,Toys,Cash,418.95,5
ORD1219,7/30/24 17:23,PROD35,CUST944,Toys,Cash,716.97,5
ORD1220,4/18/24 14:51,PROD129,CUST635,Fashion,Debit Card,26.31,10
ORD1221,1/28/24 3:37,PROD70,CUST4,Toys,Credit Card,825.55,2
ORD1222,10/25/24 22:26,PROD179,CUST832,Toys,Debit Card,1371.13,6
ORD1223,5/30/24 22:33,PROD45,CUST189,Fashion,PayPal,906.45,6
ORD1224,7/23/24 23:31,PROD119,CUST427,Electronics,Cash,1663.65,1
ORD1225,06-01-2024 18:37,PROD63,CUST517,Toys,Bank Transfer,1800.31,3
ORD1226,05-11-2024 15:34,PROD28,CUST515,Fashion,Credit Card,1440.54,9
ORD1227,9/17/24 16:00,PROD51,CUST863,Toys,Credit Card,1983.37,7
ORD1228,05-04-2024 06:29,PROD6,CUST952,Books,Cash,71.68,6
ORD1229,5/13/24 0:14,PROD25,CUST875,Home Appliances,Credit Card,1689.86,2
ORD1230,7/26/24 21:51,PROD158,CUST903,Books,Credit Card,1985.11,6
ORD1231,8/29/24 21:47,PROD162,CUST806,Toys,Bank Transfer,129.25,9
ORD1232,08-03-2024 20:09,PROD185,CUST528,Home Appliances,PayPal,1610.73,2
ORD1233,08-11-2024 04:03,PROD193,CUST321,Home Appliances,PayPal,1160.98,10
ORD1234,08-08-2024 20:51,PROD34,CUST415,Home Appliances,Credit Card,1147.33,2
ORD1235,05-05-2024 01:19,PROD177,CUST84,Home Appliances,Cash,248.83,1
ORD1236,6/25/24 2:54,PROD137,CUST263,Electronics,Cash,1480.91,3
ORD1237,5/31/24 3:14,PROD33,CUST612,Electronics,PayPal,1651.17,3
ORD1238,10/25/24 11:42,PROD130,CUST764,Electronics,Cash,1669.92,1
ORD1239,05-12-2024 03:53,PROD108,CUST299,Electronics,Credit Card,1742.9,3
ORD1240,10/18/24 8:24,PROD69,CUST618,Fashion,Cash,636.61,1
ORD1241,1/24/24 17:21,PROD32,CUST953,Home Appliances,Cash,367.51,10
ORD1242,9/29/24 15:37,PROD174,CUST780,Electronics,Debit Card,539.21,8
ORD1243,2/20/24 11:06,PROD85,CUST738,Toys,PayPal,522.88,7
ORD1244,09-05-2024 02:48,PROD42,CUST758,Electronics,Credit Card,477.69,6
ORD1245,04-07-2024 17:40,PROD40,CUST197,Home Appliances,PayPal,886.55,7
ORD1246,11-12-2024 10:46,PROD168,CUST170,Electronics,Cash,511.91,3
ORD1247,6/20/24 3:28,PROD9,CUST514,Fashion,PayPal,949.89,8
ORD1248,9/19/24 4:36,PROD86,CUST169,Electronics,Bank Transfer,687.82,8
ORD1249,06-02-2024 03:44,PROD153,CUST933,Toys,Debit Card,234.47,9
ORD1250,06-12-2024 02:53,PROD15,CUST977,Home Appliances,Credit Card,827.54,2
ORD1251,10/25/24 7:26,PROD85,CUST977,Books,Bank Transfer,808.64,4
ORD1252,02-03-2024 07:44,PROD137,CUST292,Home Appliances,Credit Card,819.66,1
ORD1253,5/27/24 19:27,PROD133,CUST865,Books,PayPal,1459.11,1
ORD1254,05-01-2024 18:27,PROD78,CUST215,Electronics,Cash,381.42,9
ORD1255,4/13/24 4:31,PROD163,CUST508,Books,Cash,205.01,3
ORD1256,5/17/24 20:11,PROD86,CUST151,Fashion,Credit Card,460.57,2
ORD1257,3/16/24 17:51,PROD54,CUST695,Books,Debit Card,593.81,5
ORD1258,04-01-2024 15:44,PROD2,CUST128,Books,Cash,1887.89,7
ORD1259,4/19/24 9:33,PROD176,CUST516,Home Appliances,Cash,198.24,8
ORD1260,2/29/24 23:05,PROD180,CUST861,Home Appliances,Cash,1457.24,3
ORD1261,02-09-2024 08:28,PROD171,CUST75,Electronics,Bank Transfer,419.64,5
ORD1262,1/16/24 15:24,PROD117,CUST534,Books,Credit Card,90.33,9
ORD1263,3/18/24 19:00,PROD153,CUST29,Electronics,Credit Card,1167.49,1
ORD1264,6/15/24 19:22,PROD110,CUST802,Electronics,Cash,58.24,6
ORD1265,9/19/24 8:03,PROD50,CUST586,Toys,Debit Card,590.47,9
ORD1266,01-01-2024 02:33,PROD77,CUST589,Toys,Credit Card,124.22,7
ORD1267,03-02-2024 05:38,PROD200,CUST326,Fashion,Cash,547.03,9
ORD1268,7/25/24 5:48,PROD75,CUST667,Books,PayPal,1423.48,10
ORD1269,05-09-2024 06:14,PROD83,CUST201,Fashion,Bank Transfer,291.79,8
ORD1270,6/22/24 16:05,PROD36,CUST929,Books,Debit Card,1409.32,9
ORD1271,6/24/24 20:15,PROD17,CUST701,Books,Bank Transfer,459.86,2
ORD1272,06-09-2024 17:23,PROD106,CUST320,Books,Debit Card,1856.16,4
ORD1273,7/26/24 2:35,PROD58,CUST68,Toys,Debit Card,1165.97,4
ORD1274,11-08-2024 22:36,PROD96,CUST776,Toys,Credit Card,178.11,2
ORD1275,3/25/24 2:21,PROD11,CUST508,Home Appliances,PayPal,574,3
ORD1276,1/28/24 2:15,PROD172,CUST505,Books,Cash,1335.8,5
ORD1277,01-10-2024 06:04,PROD80,CUST63,Books,Cash,630.94,9
ORD1278,6/28/24 19:12,PROD148,CUST151,Toys,PayPal,720.9,2
ORD1279,11-01-2024 11:14,PROD97,CUST155,Toys,Credit Card,1289.83,4
ORD1280,3/13/24 9:02,PROD13,CUST808,Electronics,Debit Card,1148,3
ORD1281,06-04-2024 19:23,PROD157,CUST525,Electronics,Bank Transfer,1373.21,8
ORD1282,1/23/24 18:53,PROD154,CUST754,Fashion,Debit Card,284.48,8
ORD1283,8/23/24 23:49,PROD178,CUST225,Electronics,Debit Card,685.46,3
ORD1284,1/14/24 0:01,PROD96,CUST479,Books,Credit Card,1288.95,6
ORD1285,3/21/24 11:03,PROD185,CUST952,Electronics,Credit Card,1412.98,6
ORD1286,9/26/24 3:28,PROD44,CUST656,Electronics,Cash,1445.34,7
ORD1287,8/25/24 10:22,PROD135,CUST301,Toys,Bank Transfer,580.17,10
ORD1288,02-12-2024 19:27,PROD162,CUST672,Toys,PayPal,916.37,10
ORD1289,10-06-2024 09:30,PROD6,CUST1000,Home Appliances,Cash,974.5,9
ORD1290,08-04-2024 12:48,PROD124,CUST593,Home Appliances,Credit Card,1854.24,9
ORD1291,02-11-2024 21:45,PROD1,CUST369,Home Appliances,Credit Card,1559.88,3
ORD1292,4/22/24 21:00,PROD95,CUST59,Toys,PayPal,529.91,10
ORD1293,4/16/24 22:21,PROD122,CUST926,Electronics,Debit Card,1725.33,5
ORD1294,3/15/24 18:20,PROD54,CUST446,Electronics,Debit Card,1499.12,8
ORD1295,2/16/24 4:02,PROD111,CUST915,Books,PayPal,670.77,3
ORD1296,10-11-2024 03:43,PROD70,CUST660,Toys,Cash,165.6,2
ORD1297,10/23/24 4:52,PROD4,CUST962,Electronics,PayPal,554.18,7
ORD1298,2/23/24 6:52,PROD152,CUST864,Toys,Cash,1035.4,2
ORD1299,05-10-2024 10:30,PROD25,CUST290,Books,PayPal,1334.03,3
ORD1300,01-10-2024 07:39,PROD78,CUST510,Books,Credit Card,1660.59,8
ORD1301,1/21/24 16:11,PROD131,CUST847,Toys,Debit Card,484.88,1
ORD1302,01-01-2024 17:53,PROD134,CUST876,Fashion,Debit Card,675.01,7
ORD1303,1/20/24 15:26,PROD1,CUST620,Books,Credit Card,1747.79,6
ORD1304,07-06-2024 04:54,PROD65,CUST494,Toys,Debit Card,1240.46,3
ORD1305,6/13/24 20:28,PROD118,CUST403,Electronics,Cash,298.27,5
ORD1306,7/16/24 5:48,PROD153,CUST819,Books,Bank Transfer,191.16,7
ORD1307,10/29/24 14:03,PROD68,CUST310,Toys,PayPal,984.71,7
ORD1308,8/18/24 9:49,PROD113,CUST233,Electronics,Cash,1031.18,4
ORD1309,2/20/24 0:54,PROD96,CUST667,Books,PayPal,1353.22,10
ORD1310,6/26/24 10:35,PROD187,CUST524,Books,Bank Transfer,709.37,7
ORD1311,2/28/24 21:49,PROD155,CUST619,Home Appliances,PayPal,1286.17,7
ORD1312,5/22/24 20:52,PROD50,CUST862,Toys,Debit Card,1191.31,8
ORD1313,2/22/24 0:29,PROD188,CUST153,Fashion,Debit Card,1210.79,9
ORD1314,03-09-2024 08:56,PROD159,CUST425,Toys,PayPal,1016.17,9
ORD1315,3/31/24 4:15,PROD40,CUST295,Toys,Cash,1349.95,4
ORD1316,6/30/24 3:51,PROD49,CUST419,Home Appliances,Credit Card,1836.25,9
ORD1317,11-08-2024 13:52,PROD166,CUST234,Fashion,Cash,281.56,3
ORD1318,3/16/24 2:48,PROD195,CUST206,Electronics,Debit Card,963.57,6
ORD1319,08-08-2024 03:03,PROD108,CUST645,Electronics,Debit Card,1548.42,4
ORD1320,04-03-2024 05:25,PROD174,CUST571,Toys,Credit Card,798.05,10
ORD1321,9/25/24 17:18,PROD100,CUST829,Electronics,Credit Card,1767.09,1
ORD1322,10/14/24 18:37,PROD85,CUST389,Home Appliances,Credit Card,357.49,1
ORD1323,04-04-2024 19:46,PROD199,CUST317,Home Appliances,Bank Transfer,766.98,9
ORD1324,10/30/24 20:26,PROD93,CUST649,Electronics,Cash,1835.03,9
ORD1325,7/16/24 17:48,PROD54,CUST42,Books,Credit Card,67.17,5
ORD1326,04-10-2024 16:15,PROD6,CUST159,Electronics,Credit Card,176.41,1
ORD1327,6/20/24 21:48,PROD117,CUST117,Toys,Cash,983.67,6
ORD1328,6/25/24 1:22,PROD102,CUST584,Home Appliances,Cash,450.48,2
ORD1329,10/19/24 11:17,PROD29,CUST521,Home Appliances,PayPal,947.02,9
ORD1330,10/28/24 1:38,PROD115,CUST140,Home Appliances,Debit Card,1940.79,9
ORD1331,4/13/24 14:51,PROD57,CUST646,Home Appliances,Cash,909.7,7
ORD1332,4/17/24 18:16,PROD61,CUST364,Electronics,Debit Card,1828.11,9
ORD1333,7/24/24 12:40,PROD71,CUST793,Books,Credit Card,1638.33,4
ORD1334,03-05-2024 11:16,PROD105,CUST100,Fashion,Bank Transfer,917.1,1
ORD1335,03-05-2024 02:18,PROD60,CUST384,Toys,Debit Card,1571.8,4
ORD1336,7/24/24 22:13,PROD6,CUST873,Fashion,Debit Card,617.42,1
ORD1337,8/23/24 20:38,PROD151,CUST753,Fashion,Cash,598.4,4
ORD1338,5/23/24 8:51,PROD150,CUST823,Home Appliances,Debit Card,33.17,4
ORD1339,05-06-2024 09:07,PROD35,CUST776,Fashion,Credit Card,1815.78,4
ORD1340,06-07-2024 09:00,PROD142,CUST271,Books,Debit Card,1643.15,5
ORD1341,10/14/24 17:54,PROD145,CUST872,Home Appliances,Debit Card,1281.64,10
ORD1342,9/18/24 19:34,PROD187,CUST520,Electronics,PayPal,864.41,10
ORD1343,4/24/24 9:17,PROD132,CUST844,Fashion,Bank Transfer,1517.79,8
ORD1344,08-05-2024 13:49,PROD186,CUST756,Home Appliances,Debit Card,1765.16,5
ORD1345,10/26/24 4:53,PROD158,CUST526,Home Appliances,Cash,735.92,8
ORD1346,2/16/24 4:43,PROD61,CUST212,Toys,Bank Transfer,433.19,5
ORD1347,1/27/24 6:28,PROD116,CUST165,Fashion,Debit Card,981.18,2
ORD1348,07-02-2024 00:30,PROD148,CUST57,Toys,Credit Card,1068.03,4
ORD1349,4/26/24 9:17,PROD117,CUST671,Books,PayPal,1136,8
ORD1350,5/29/24 7:51,PROD113,CUST511,Electronics,Bank Transfer,559.07,5
ORD1351,06-10-2024 13:23,PROD115,CUST203,Electronics,Debit Card,1089.66,9
ORD1352,7/21/24 13:13,PROD157,CUST102,Electronics,Debit Card,1913.15,3
ORD1353,03-04-2024 06:15,PROD13,CUST984,Electronics,Debit Card,522.69,6
ORD1354,7/29/24 9:35,PROD71,CUST968,Fashion,Bank Transfer,1474.54,3
ORD1355,7/16/24 7:58,PROD151,CUST97,Fashion,Credit Card,1973.8,4
ORD1356,06-07-2024 11:51,PROD5,CUST400,Books,Bank Transfer,1073.04,10
ORD1357,1/24/24 2:50,PROD28,CUST217,Books,Debit Card,1628.98,7
ORD1358,05-08-2024 01:31,PROD128,CUST13,Books,Cash,1926.09,3
ORD1359,10/14/24 20:55,PROD3,CUST725,Home Appliances,Credit Card,446.38,8
ORD1360,07-01-2024 10:54,PROD178,CUST523,Fashion,Cash,1690.65,6
ORD1361,05-06-2024 22:50,PROD100,CUST235,Fashion,Bank Transfer,331.61,2
ORD1362,02-03-2024 16:49,PROD89,CUST65,Books,Cash,648.06,9
ORD1363,3/19/24 19:00,PROD116,CUST521,Books,Bank Transfer,1535.94,10
ORD1364,11-02-2024 17:51,PROD48,CUST461,Toys,Bank Transfer,1317.13,1
ORD1365,03-02-2024 09:08,PROD6,CUST767,Toys,Bank Transfer,766.41,2
ORD1366,7/18/24 12:57,PROD191,CUST571,Books,Debit Card,1048.49,3
ORD1367,01-12-2024 10:12,PROD116,CUST678,Home Appliances,PayPal,637.98,4
ORD1368,04-03-2024 06:50,PROD117,CUST98,Fashion,Cash,868.23,2
ORD1369,02-03-2024 19:02,PROD200,CUST43,Books,Debit Card,805.13,9
ORD1370,5/27/24 11:30,PROD42,CUST915,Home Appliances,PayPal,199.28,9
ORD1371,02-01-2024 03:50,PROD139,CUST136,Fashion,Bank Transfer,68.63,10
ORD1372,4/15/24 5:29,PROD89,CUST840,Books,Cash,1486.62,5
ORD1373,8/24/24 12:23,PROD101,CUST727,Books,Bank Transfer,66.76,2
ORD1374,01-07-2024 08:42,PROD124,CUST978,Books,Bank Transfer,1654.89,5
ORD1375,3/29/24 11:50,PROD32,CUST136,Books,Cash,339.6,6
ORD1376,10/18/24 20:46,PROD109,CUST370,Books,Cash,1773.72,4
ORD1377,3/25/24 2:28,PROD150,CUST538,Fashion,Credit Card,1393.99,8
ORD1378,4/25/24 9:37,PROD43,CUST64,Books,PayPal,573.29,2
ORD1379,1/31/24 23:47,PROD40,CUST460,Home Appliances,Debit Card,218.93,1
ORD1380,10-03-2024 06:43,PROD110,CUST78,Electronics,Cash,951.97,8
ORD1381,06-09-2024 00:26,PROD4,CUST50,Fashion,Bank Transfer,1316.07,10
ORD1382,04-07-2024 22:03,PROD33,CUST255,Fashion,Bank Transfer,1055.16,2
ORD1383,04-05-2024 07:03,PROD76,CUST32,Home Appliances,Bank Transfer,1430.85,9
ORD1384,7/29/24 22:27,PROD150,CUST151,Toys,Cash,1093.6,9
ORD1385,10/14/24 15:31,PROD152,CUST272,Home Appliances,Bank Transfer,1450.42,7
ORD1386,8/24/24 10:32,PROD130,CUST395,Fashion,Debit Card,1626.99,10
ORD1387,07-04-2024 00:11,PROD180,CUST202,Books,Cash,753.13,3
ORD1388,03-03-2024 21:35,PROD117,CUST536,Fashion,Credit Card,376.03,3
ORD1389,1/21/24 7:31,PROD119,CUST487,Toys,Bank Transfer,1599.1,3
ORD1390,01-10-2024 20:05,PROD3,CUST17,Fashion,PayPal,1727.95,6
ORD1391,9/23/24 16:07,PROD21,CUST575,Toys,PayPal,591.08,9
ORD1392,3/26/24 5:39,PROD135,CUST858,Toys,PayPal,263.93,7
ORD1393,08-04-2024 08:17,PROD75,CUST376,Books,Credit Card,847.13,8
ORD1394,11-08-2024 05:01,PROD24,CUST741,Electronics,Bank Transfer,1234.38,6
ORD1395,8/17/24 8:33,PROD5,CUST482,Toys,Debit Card,707.3,10
ORD1396,10/23/24 10:20,PROD6,CUST276,Books,Credit Card,861.05,3
ORD1397,04-08-2024 13:52,PROD53,CUST306,Books,Debit Card,1507.39,7
ORD1398,7/16/24 23:13,PROD33,CUST15,Toys,PayPal,1288.96,9
ORD1399,9/16/24 8:47,PROD69,CUST261,Fashion,Credit Card,669.9,10
ORD1400,09-03-2024 10:54,PROD132,CUST429,Electronics,Credit Card,1585.09,8
ORD1401,7/25/24 20:55,PROD194,CUST230,Fashion,PayPal,1383.15,7
ORD1402,2/14/24 2:29,PROD20,CUST497,Toys,Debit Card,1738.1,8
ORD1403,08-07-2024 20:08,PROD79,CUST423,Toys,Bank Transfer,1432.97,3
ORD1404,05-10-2024 02:40,PROD30,CUST124,Electronics,Credit Card,342.07,4
ORD1405,1/24/24 13:41,PROD34,CUST442,Toys,Cash,174.12,8
ORD1406,01-12-2024 01:00,PROD190,CUST235,Electronics,Credit Card,85.42,6
ORD1407,10/15/24 23:31,PROD32,CUST402,Electronics,Debit Card,898.14,1
ORD1408,9/24/24 23:48,PROD181,CUST907,Home Appliances,Credit Card,1738.13,8
ORD1409,5/30/24 7:02,PROD132,CUST173,Electronics,Credit Card,371.71,7
ORD1410,1/28/24 20:21,PROD155,CUST939,Toys,Bank Transfer,385.59,10
ORD1411,09-03-2024 06:34,PROD12,CUST620,Fashion,Debit Card,1073.61,10
ORD1412,7/29/24 15:25,PROD127,CUST333,Electronics,Credit Card,117.09,4
ORD1413,10-11-2024 10:17,PROD122,CUST639,Home Appliances,Credit Card,1561.13,3
ORD1414,9/25/24 3:29,PROD110,CUST885,Fashion,Cash,390.31,10
ORD1415,05-10-2024 12:42,PROD155,CUST706,Toys,PayPal,1176.24,7
ORD1416,9/17/24 13:59,PROD143,CUST535,Books,Debit Card,406.2,1
ORD1417,11/14/24 10:54,PROD20,CUST430,Home Appliances,PayPal,1885.34,9
ORD1418,02-08-2024 20:36,PROD46,CUST718,Toys,Bank Transfer,1378.74,2
ORD1419,1/19/24 11:13,PROD149,CUST448,Home Appliances,Bank Transfer,97.72,4
ORD1420,11-03-2024 09:06,PROD81,CUST671,Electronics,PayPal,1494.59,8
ORD1421,07-12-2024 12:28,PROD172,CUST499,Home Appliances,Bank Transfer,312.74,5
ORD1422,02-01-2024 23:22,PROD31,CUST400,Fashion,Debit Card,1971.58,8
ORD1423,03-05-2024 07:43,PROD134,CUST549,Toys,PayPal,1266.18,9
ORD1424,7/14/24 7:55,PROD128,CUST114,Books,Cash,328.29,3
ORD1425,9/19/24 14:44,PROD173,CUST292,Fashion,Bank Transfer,1250.44,10
ORD1426,10-12-2024 14:00,PROD133,CUST956,Fashion,Debit Card,1932.6,8
ORD1427,6/23/24 18:52,PROD41,CUST718,Toys,PayPal,751.65,3
ORD1428,03-01-2024 14:23,PROD3,CUST4,Electronics,Credit Card,103.37,7
ORD1429,06-06-2024 16:50,PROD192,CUST524,Home Appliances,Debit Card,1343.5,2
ORD1430,5/22/24 12:18,PROD114,CUST80,Fashion,Credit Card,1352.33,4
ORD1431,4/15/24 14:20,PROD110,CUST30,Home Appliances,Debit Card,983.95,8
ORD1432,4/25/24 2:30,PROD173,CUST77,Home Appliances,PayPal,561.83,5
ORD1433,10/18/24 19:13,PROD190,CUST558,Electronics,Debit Card,80.16,9
ORD1434,3/28/24 19:51,PROD70,CUST120,Electronics,Debit Card,1208.58,7
ORD1435,7/26/24 15:45,PROD157,CUST210,Toys,Cash,1755.81,7
ORD1436,02-07-2024 15:35,PROD46,CUST306,Home Appliances,Debit Card,1909.41,5
ORD1437,4/29/24 11:42,PROD16,CUST981,Toys,PayPal,786.29,4
ORD1438,11-09-2024 19:09,PROD146,CUST456,Fashion,Cash,118.65,5
ORD1439,10/22/24 16:02,PROD40,CUST302,Toys,Bank Transfer,847.81,4
ORD1440,07-02-2024 16:48,PROD179,CUST828,Fashion,Cash,802.73,9
ORD1441,06-01-2024 19:46,PROD37,CUST822,Fashion,Credit Card,1119.54,10
ORD1442,1/24/24 18:03,PROD39,CUST981,Books,PayPal,54.38,6
ORD1443,3/16/24 6:36,PROD156,CUST188,Electronics,PayPal,1080.46,6
ORD1444,5/25/24 21:15,PROD78,CUST142,Books,PayPal,134.36,3
ORD1445,11-02-2024 13:02,PROD178,CUST74,Toys,Credit Card,73.06,10
ORD1446,8/26/24 7:06,PROD173,CUST293,Electronics,Credit Card,1490.05,4
ORD1447,10/27/24 9:43,PROD92,CUST913,Fashion,Cash,1173.08,8
ORD1448,1/28/24 20:21,PROD54,CUST6,Home Appliances,Credit Card,1224.56,6
ORD1449,08-11-2024 04:17,PROD46,CUST635,Fashion,PayPal,1233.66,4
ORD1450,7/23/24 3:09,PROD159,CUST474,Fashion,PayPal,1830.94,4
ORD1451,4/28/24 16:41,PROD77,CUST195,Fashion,Credit Card,597.85,8
ORD1452,11-02-2024 12:42,PROD83,CUST204,Home Appliances,Cash,1670.73,6
ORD1453,09-02-2024 11:23,PROD136,CUST938,Home Appliances,Debit Card,770.12,10
ORD1454,7/31/24 16:22,PROD106,CUST802,Fashion,Debit Card,1886.04,1
ORD1455,05-01-2024 14:41,PROD82,CUST361,Toys,Bank Transfer,261.19,10
ORD1456,02-04-2024 19:07,PROD81,CUST660,Home Appliances,Cash,206.25,8
ORD1457,2/17/24 14:34,PROD133,CUST15,Fashion,PayPal,1336.01,2
ORD1458,7/24/24 9:05,PROD111,CUST764,Home Appliances,Bank Transfer,696.48,8
ORD1459,05-10-2024 19:39,PROD20,CUST82,Electronics,Bank Transfer,778.78,9
ORD1460,5/22/24 1:43,PROD152,CUST978,Fashion,Cash,1577.41,3
ORD1461,5/23/24 15:51,PROD89,CUST303,Electronics,PayPal,659.5,5
ORD1462,09-11-2024 18:07,PROD20,CUST661,Books,Bank Transfer,403.96,2
ORD1463,11/13/24 11:05,PROD66,CUST962,Fashion,Debit Card,360.38,2
ORD1464,10-12-2024 16:39,PROD16,CUST37,Books,Debit Card,1828.37,3
ORD1465,8/30/24 19:43,PROD185,CUST281,Toys,Debit Card,1873.69,1
ORD1466,06-06-2024 17:11,PROD71,CUST330,Toys,Cash,687.12,3
ORD1467,01-11-2024 04:44,PROD194,CUST5,Home Appliances,Credit Card,758.48,1
ORD1468,2/26/24 2:47,PROD92,CUST690,Toys,PayPal,1991.96,9
ORD1469,4/19/24 20:40,PROD21,CUST659,Books,Bank Transfer,792.4,9
ORD1470,10/30/24 2:23,PROD139,CUST194,Home Appliances,Credit Card,1455.95,1
ORD1471,08-06-2024 05:12,PROD67,CUST973,Electronics,Credit Card,1116.57,3
ORD1472,6/20/24 22:13,PROD140,CUST540,Home Appliances,Cash,956.78,3
ORD1473,07-11-2024 04:53,PROD123,CUST37,Books,Credit Card,837.77,2
ORD1474,7/20/24 7:56,PROD180,CUST87,Electronics,Debit Card,1209.31,3
ORD1475,06-06-2024 05:17,PROD68,CUST421,Books,PayPal,766.9,8
ORD1476,1/26/24 4:09,PROD155,CUST181,Books,Bank Transfer,452.5,6
ORD1477,02-07-2024 16:28,PROD56,CUST282,Books,Bank Transfer,57.94,8
ORD1478,06-07-2024 23:23,PROD137,CUST962,Electronics,Bank Transfer,671.53,6
ORD1479,09-02-2024 19:54,PROD193,CUST946,Home Appliances,Bank Transfer,1593.48,8
ORD1480,9/19/24 2:33,PROD146,CUST489,Home Appliances,PayPal,1289.62,4
ORD1481,07-12-2024 03:12,PROD60,CUST129,Books,Credit Card,1982.41,3
ORD1482,01-09-2024 09:04,PROD50,CUST209,Home Appliances,Cash,318.89,6
ORD1483,07-04-2024 05:14,PROD17,CUST487,Electronics,Cash,244.41,7
ORD1484,9/20/24 4:05,PROD81,CUST942,Fashion,Debit Card,979.02,4
ORD1485,2/26/24 3:23,PROD47,CUST462,Fashion,Credit Card,845.45,4
ORD1486,3/28/24 0:03,PROD15,CUST477,Books,Credit Card,269.72,1
ORD1487,7/18/24 10:09,PROD131,CUST940,Electronics,Bank Transfer,1684.1,3
ORD1488,04-10-2024 07:36,PROD186,CUST338,Home Appliances,Cash,892.2,10
ORD1489,10/28/24 23:37,PROD91,CUST961,Books,Bank Transfer,1295.76,2
ORD1490,02-10-2024 08:09,PROD190,CUST452,Toys,Cash,1626.28,8
ORD1491,4/27/24 15:52,PROD55,CUST504,Electronics,Credit Card,1988.99,4
ORD1492,5/13/24 0:16,PROD115,CUST639,Toys,PayPal,1210.93,8
ORD1493,03-12-2024 08:51,PROD146,CUST438,Home Appliances,Bank Transfer,1985.08,10
ORD1494,01-05-2024 17:09,PROD62,CUST367,Electronics,Debit Card,121.37,4
ORD1495,02-07-2024 17:21,PROD17,CUST745,Home Appliances,Cash,762.91,5
ORD1496,3/31/24 20:59,PROD96,CUST354,Fashion,Bank Transfer,199.31,8
ORD1497,10/14/24 11:49,PROD32,CUST859,Electronics,Bank Transfer,1994.87,7
ORD1498,9/20/24 11:11,PROD80,CUST679,Fashion,Bank Transfer,1114.17,6
ORD1499,5/18/24 11:25,PROD19,CUST978,Home Appliances,Debit Card,712.03,7
ORD1500,1/19/24 23:36,PROD38,CUST27,Books,Credit Card,1405.78,4
ORD1501,1/13/24 19:33,PROD102,CUST357,Home Appliances,Debit Card,1533.49,2
ORD1502,07-07-2024 01:39,PROD185,CUST987,Toys,Debit Card,164.89,2
ORD1503,2/21/24 4:41,PROD191,CUST804,Home Appliances,Bank Transfer,77.54,2
ORD1504,3/31/24 10:53,PROD41,CUST452,Electronics,Bank Transfer,1679.81,8
ORD1505,3/26/24 18:45,PROD63,CUST5,Books,Bank Transfer,581.42,6
ORD1506,02-05-2024 17:15,PROD176,CUST246,Books,PayPal,1757.3,10
ORD1507,1/30/24 4:09,PROD30,CUST609,Toys,Debit Card,1742.45,1
ORD1508,5/29/24 1:56,PROD189,CUST605,Books,Bank Transfer,170.79,9
ORD1509,5/20/24 21:22,PROD137,CUST763,Books,Cash,1377.63,10
ORD1510,10-08-2024 21:19,PROD118,CUST183,Books,Bank Transfer,1855.55,10
ORD1511,9/22/24 12:19,PROD7,CUST332,Books,Bank Transfer,288.05,6
ORD1512,6/30/24 1:47,PROD45,CUST108,Books,PayPal,1048.62,6
ORD1513,2/19/24 3:04,PROD142,CUST718,Fashion,Credit Card,1662.32,6
ORD1514,9/25/24 22:39,PROD6,CUST839,Books,PayPal,1998.54,3
ORD1515,4/22/24 5:18,PROD155,CUST333,Electronics,Debit Card,51.75,6
ORD1516,07-10-2024 14:50,PROD50,CUST702,Fashion,PayPal,40.59,9
ORD1517,3/22/24 6:08,PROD120,CUST245,Home Appliances,Bank Transfer,583.09,3
ORD1518,5/29/24 22:52,PROD8,CUST408,Books,Debit Card,1372.03,2
ORD1519,6/19/24 2:31,PROD49,CUST885,Home Appliances,PayPal,742.63,5
ORD1520,7/14/24 9:29,PROD174,CUST279,Home Appliances,PayPal,1477.83,5
ORD1521,03-02-2024 06:16,PROD155,CUST39,Electronics,PayPal,1693.89,1
ORD1522,7/17/24 8:46,PROD166,CUST323,Toys,Bank Transfer,1395.14,7
ORD1523,08-07-2024 23:38,PROD79,CUST838,Electronics,PayPal,1767.96,1
ORD1524,6/18/24 15:41,PROD54,CUST850,Home Appliances,Cash,532.99,10
ORD1525,07-07-2024 15:42,PROD21,CUST194,Electronics,Credit Card,946.46,7
ORD1526,6/24/24 6:13,PROD47,CUST187,Books,Cash,200.79,8
ORD1527,1/27/24 6:42,PROD61,CUST969,Books,PayPal,251.14,9
ORD1528,10-10-2024 10:17,PROD33,CUST359,Home Appliances,Bank Transfer,1217.46,8
ORD1529,9/18/24 5:51,PROD68,CUST154,Home Appliances,Credit Card,1920.78,9
ORD1530,1/29/24 13:52,PROD169,CUST406,Electronics,Cash,781.38,10
ORD1531,3/14/24 7:44,PROD80,CUST482,Home Appliances,Cash,578.83,2
ORD1532,09-12-2024 11:06,PROD34,CUST13,Books,Debit Card,1485.73,9
ORD1533,02-05-2024 22:30,PROD34,CUST466,Fashion,Bank Transfer,1254.63,6
ORD1534,11/14/24 12:45,PROD79,CUST613,Electronics,Bank Transfer,1227.58,10
ORD1535,10/21/24 15:32,PROD71,CUST36,Electronics,PayPal,1687.53,8
ORD1536,02-01-2024 08:06,PROD81,CUST34,Fashion,PayPal,695.7,8
ORD1537,4/28/24 7:00,PROD22,CUST970,Fashion,Credit Card,1671.8,7
ORD1538,1/31/24 7:57,PROD177,CUST914,Toys,Cash,1911.92,5
ORD1539,08-09-2024 15:50,PROD95,CUST806,Home Appliances,Credit Card,1398.14,6
ORD1540,08-11-2024 10:48,PROD47,CUST927,Home Appliances,Cash,1702.17,7
ORD1541,7/23/24 2:15,PROD52,CUST371,Fashion,Credit Card,697.85,2
ORD1542,01-09-2024 12:42,PROD119,CUST248,Fashion,PayPal,135.05,6
ORD1543,6/14/24 11:06,PROD38,CUST321,Books,Credit Card,534.71,7
ORD1544,08-01-2024 00:09,PROD77,CUST498,Toys,Cash,221.23,10
ORD1545,7/24/24 13:55,PROD156,CUST265,Electronics,PayPal,196.03,9
ORD1546,9/13/24 0:59,PROD130,CUST765,Fashion,Bank Transfer,299.77,7
ORD1547,09-01-2024 10:20,PROD196,CUST562,Fashion,Credit Card,95.11,6
ORD1548,6/13/24 2:53,PROD89,CUST806,Electronics,Cash,694.78,1
ORD1549,9/15/24 18:53,PROD72,CUST820,Electronics,Debit Card,1738.45,5
ORD1550,06-07-2024 10:06,PROD159,CUST629,Fashion,Credit Card,913.88,3
ORD1551,4/14/24 15:29,PROD81,CUST17,Electronics,PayPal,599.02,4
ORD1552,2/24/24 21:12,PROD104,CUST754,Books,Cash,1212.08,10
ORD1553,4/28/24 21:39,PROD105,CUST768,Home Appliances,Debit Card,1248.5,9
ORD1554,3/26/24 20:32,PROD141,CUST271,Fashion,PayPal,1470.81,8
ORD1555,03-02-2024 05:58,PROD134,CUST446,Books,Cash,1921.77,3
ORD1556,04-10-2024 23:57,PROD152,CUST513,Fashion,PayPal,65.65,9
ORD1557,10/31/24 13:27,PROD83,CUST135,Home Appliances,Bank Transfer,1486.36,5
ORD1558,3/15/24 14:47,PROD6,CUST648,Fashion,PayPal,633.56,10
ORD1559,05-05-2024 12:14,PROD80,CUST432,Fashion,Bank Transfer,662.93,1
ORD1560,7/16/24 19:08,PROD84,CUST283,Home Appliances,Credit Card,459.08,3
ORD1561,11-02-2024 12:18,PROD63,CUST36,Toys,PayPal,1461.14,1
ORD1562,9/23/24 5:02,PROD128,CUST105,Fashion,Bank Transfer,1826.03,9
ORD1563,09-07-2024 10:38,PROD13,CUST433,Home Appliances,Bank Transfer,24.47,6
ORD1564,04-01-2024 06:20,PROD68,CUST205,Home Appliances,PayPal,25.25,10
ORD1565,06-04-2024 16:46,PROD196,CUST557,Home Appliances,Credit Card,553.85,5
ORD1566,9/28/24 11:06,PROD62,CUST814,Fashion,Bank Transfer,589.29,10
ORD1567,9/21/24 11:05,PROD129,CUST832,Fashion,Credit Card,1133.25,3
ORD1568,9/25/24 7:21,PROD173,CUST709,Fashion,Credit Card,1718.33,6
ORD1569,11-06-2024 01:09,PROD48,CUST317,Home Appliances,Bank Transfer,1685.79,1
ORD1570,4/21/24 11:55,PROD170,CUST626,Electronics,Bank Transfer,1958.07,4
ORD1571,7/19/24 10:16,PROD33,CUST692,Home Appliances,Credit Card,1858.83,9
ORD1572,8/15/24 5:07,PROD137,CUST207,Home Appliances,Cash,1020.88,2
ORD1573,10-07-2024 10:29,PROD1,CUST442,Books,Debit Card,1905.45,3
ORD1574,7/14/24 6:19,PROD112,CUST827,Toys,PayPal,1191.52,3
ORD1575,10/29/24 5:09,PROD92,CUST798,Home Appliances,Credit Card,1388.92,6
ORD1576,7/25/24 2:57,PROD172,CUST776,Home Appliances,Debit Card,952.07,8
ORD1577,10/21/24 9:24,PROD25,CUST810,Fashion,Debit Card,718.59,9
ORD1578,2/24/24 4:03,PROD179,CUST879,Electronics,PayPal,1810.3,2
ORD1579,07-04-2024 08:22,PROD126,CUST952,Books,Debit Card,1585.22,1
ORD1580,11-01-2024 09:30,PROD145,CUST512,Electronics,Cash,838.84,1
ORD1581,01-04-2024 15:22,PROD80,CUST682,Home Appliances,PayPal,1833.99,9
ORD1582,11-10-2024 16:51,PROD80,CUST295,Books,Credit Card,1885.71,1
ORD1583,01-07-2024 05:33,PROD53,CUST391,Electronics,Cash,1882.74,10
ORD1584,05-12-2024 14:13,PROD103,CUST139,Toys,Debit Card,759.01,7
ORD1585,2/19/24 1:07,PROD152,CUST632,Electronics,Debit Card,872.3,10
ORD1586,9/24/24 7:45,PROD55,CUST502,Home Appliances,Debit Card,452.85,10
ORD1587,8/20/24 11:13,PROD197,CUST342,Books,Bank Transfer,616.81,2
ORD1588,8/16/24 1:01,PROD38,CUST544,Electronics,Bank Transfer,661.3,6
ORD1589,01-09-2024 01:15,PROD188,CUST51,Electronics,Debit Card,71.37,10
ORD1590,08-11-2024 18:50,PROD111,CUST765,Home Appliances,Cash,1851.43,10
ORD1591,4/13/24 7:44,PROD180,CUST758,Home Appliances,Debit Card,43.15,1
ORD1592,02-02-2024 07:22,PROD169,CUST997,Fashion,Credit Card,832.91,4
ORD1593,1/13/24 0:42,PROD41,CUST914,Fashion,Credit Card,120.98,1
ORD1594,2/14/24 5:07,PROD162,CUST205,Fashion,Cash,798.9,1
ORD1595,04-08-2024 08:26,PROD153,CUST191,Toys,PayPal,1979.34,7
ORD1596,5/19/24 10:31,PROD2,CUST508,Toys,Bank Transfer,1504.63,4
ORD1597,4/26/24 12:55,PROD169,CUST491,Home Appliances,Credit Card,1810.96,3
ORD1598,11-06-2024 16:31,PROD82,CUST760,Fashion,Debit Card,191.84,7
ORD1599,01-03-2024 22:53,PROD195,CUST823,Toys,Credit Card,488.45,1
ORD1600,09-12-2024 20:33,PROD14,CUST168,Books,Debit Card,1227.73,1
ORD1601,9/24/24 11:20,PROD60,CUST127,Home Appliances,Cash,1197.16,10
ORD1602,1/31/24 8:38,PROD81,CUST264,Fashion,Debit Card,1435.9,7
ORD1603,05-03-2024 04:12,PROD132,CUST377,Books,Debit Card,270.94,10
ORD1604,05-05-2024 03:54,PROD195,CUST674,Home Appliances,Bank Transfer,1739.17,7
ORD1605,03-04-2024 01:45,PROD65,CUST414,Electronics,PayPal,366.02,5
ORD1606,02-06-2024 12:30,PROD81,CUST273,Books,Bank Transfer,1787.43,10
ORD1607,5/14/24 2:47,PROD198,CUST577,Home Appliances,Cash,506.95,9
ORD1608,8/22/24 23:29,PROD132,CUST250,Toys,Bank Transfer,945.04,9
ORD1609,4/24/24 17:27,PROD104,CUST99,Books,Cash,775.35,2
ORD1610,7/26/24 5:06,PROD16,CUST742,Toys,Cash,489.45,3
ORD1611,2/23/24 17:19,PROD43,CUST389,Toys,Cash,1992.99,2
ORD1612,11/16/24 13:52,PROD129,CUST150,Fashion,Cash,1202.51,10
ORD1613,3/19/24 11:27,PROD194,CUST783,Electronics,Debit Card,251.01,7
ORD1614,03-05-2024 18:49,PROD200,CUST287,Toys,Bank Transfer,1197.81,8
ORD1615,07-09-2024 20:06,PROD117,CUST801,Fashion,Cash,1936.17,2
ORD1616,02-12-2024 11:48,PROD4,CUST51,Fashion,Debit Card,1988.83,4
ORD1617,4/28/24 2:29,PROD188,CUST740,Toys,PayPal,1374.19,6
ORD1618,08-10-2024 17:58,PROD34,CUST932,Electronics,Bank Transfer,1045.73,2
ORD1619,08-12-2024 17:18,PROD173,CUST141,Fashion,Cash,994.93,4
ORD1620,9/24/24 0:31,PROD166,CUST176,Home Appliances,Credit Card,1835.12,3
ORD1621,04-01-2024 06:29,PROD182,CUST307,Toys,Cash,811.55,5
ORD1622,09-03-2024 07:53,PROD165,CUST220,Electronics,Cash,380.74,3
ORD1623,05-02-2024 07:35,PROD185,CUST120,Home Appliances,Cash,249.19,9
ORD1624,2/23/24 6:35,PROD166,CUST972,Books,Bank Transfer,1449.55,1
ORD1625,8/20/24 9:50,PROD76,CUST346,Books,Bank Transfer,350.21,2
ORD1626,1/17/24 12:56,PROD7,CUST315,Electronics,Cash,1834.91,5
ORD1627,7/27/24 7:05,PROD186,CUST200,Fashion,Debit Card,119.41,9
ORD1628,9/13/24 21:26,PROD144,CUST166,Fashion,Credit Card,1600.44,8
ORD1629,02-11-2024 08:29,PROD31,CUST288,Toys,Credit Card,1665.79,2
ORD1630,05-10-2024 23:17,PROD15,CUST186,Toys,Credit Card,1968.82,1
ORD1631,05-11-2024 19:57,PROD165,CUST504,Home Appliances,Debit Card,606.59,1
ORD1632,2/23/24 7:12,PROD1,CUST153,Home Appliances,Credit Card,596.57,8
ORD1633,09-01-2024 17:01,PROD145,CUST348,Home Appliances,PayPal,901.78,10
ORD1634,11-06-2024 11:16,PROD115,CUST867,Home Appliances,Debit Card,873.17,3
ORD1635,7/27/24 18:22,PROD140,CUST548,Toys,Credit Card,1812.18,7
ORD1636,10/15/24 15:22,PROD161,CUST584,Electronics,Debit Card,429.86,10
ORD1637,2/15/24 22:17,PROD96,CUST157,Home Appliances,PayPal,639.98,4
ORD1638,11-12-2024 21:25,PROD33,CUST228,Toys,Cash,118.39,7
ORD1639,01-11-2024 11:07,PROD63,CUST357,Toys,Credit Card,1629.51,3
ORD1640,05-09-2024 03:00,PROD92,CUST873,Electronics,PayPal,870.61,3
ORD1641,3/16/24 6:29,PROD194,CUST295,Toys,Credit Card,71.91,2
ORD1642,5/24/24 3:58,PROD19,CUST606,Electronics,Debit Card,983.61,10
ORD1643,10/25/24 11:40,PROD158,CUST2,Home Appliances,Bank Transfer,1163.89,7
ORD1644,6/14/24 9:11,PROD147,CUST347,Fashion,Bank Transfer,1243.62,4
ORD1645,11-10-2024 02:13,PROD181,CUST292,Fashion,Credit Card,1818.02,5
ORD1646,11/15/24 21:33,PROD150,CUST796,Fashion,PayPal,451.57,8
ORD1647,07-06-2024 02:16,PROD27,CUST938,Electronics,PayPal,673.01,7
ORD1648,6/14/24 17:01,PROD156,CUST325,Fashion,Cash,825.24,9
ORD1649,9/16/24 7:19,PROD175,CUST891,Home Appliances,Credit Card,1201.32,5
ORD1650,4/21/24 2:43,PROD145,CUST38,Electronics,Credit Card,1624.26,8
ORD1651,7/24/24 6:29,PROD9,CUST359,Electronics,Debit Card,1572.28,8
ORD1652,5/23/24 17:02,PROD9,CUST750,Toys,Credit Card,1270.05,3
ORD1653,7/20/24 22:05,PROD32,CUST656,Toys,Credit Card,740.78,1
ORD1654,08-04-2024 21:38,PROD95,CUST962,Toys,PayPal,1685.96,4
ORD1655,7/30/24 23:48,PROD149,CUST116,Electronics,Credit Card,663.97,4
ORD1656,5/17/24 17:15,PROD53,CUST374,Fashion,Cash,857.12,3
ORD1657,11-11-2024 06:26,PROD191,CUST547,Fashion,Cash,726.35,5
ORD1658,04-07-2024 03:52,PROD81,CUST340,Home Appliances,Credit Card,1827.13,10
ORD1659,06-01-2024 08:58,PROD70,CUST545,Toys,Bank Transfer,290.4,9
ORD1660,11-10-2024 06:53,PROD30,CUST20,Electronics,Credit Card,730.54,10
ORD1661,10-09-2024 04:54,PROD165,CUST128,Fashion,Cash,428.85,10
ORD1662,03-01-2024 04:14,PROD91,CUST343,Toys,Credit Card,492.32,8
ORD1663,4/25/24 4:13,PROD162,CUST916,Home Appliances,Bank Transfer,901.7,5
ORD1664,06-09-2024 15:18,PROD44,CUST209,Home Appliances,Credit Card,1775.64,10
ORD1665,5/23/24 5:00,PROD193,CUST524,Electronics,PayPal,1986.15,8
ORD1666,4/23/24 2:23,PROD169,CUST581,Fashion,Debit Card,373.6,5
ORD1667,07-06-2024 10:57,PROD7,CUST960,Fashion,Debit Card,811.84,3
ORD1668,5/21/24 0:25,PROD130,CUST46,Electronics,Cash,66.27,8
ORD1669,06-11-2024 17:04,PROD58,CUST897,Home Appliances,Debit Card,712.97,3
ORD1670,06-11-2024 01:12,PROD128,CUST935,Toys,Debit Card,492.21,5
ORD1671,6/27/24 1:02,PROD91,CUST586,Toys,Credit Card,1096.64,7
ORD1672,9/22/24 23:24,PROD154,CUST868,Home Appliances,Credit Card,1553.8,7
ORD1673,04-07-2024 17:48,PROD175,CUST70,Toys,Bank Transfer,45.44,5
ORD1674,9/22/24 15:25,PROD51,CUST117,Electronics,PayPal,1072.73,3
ORD1675,01-03-2024 10:56,PROD158,CUST331,Toys,Cash,564.63,2
ORD1676,07-05-2024 20:09,PROD163,CUST974,Electronics,Cash,851.75,10
ORD1677,02-07-2024 23:46,PROD121,CUST101,Electronics,Debit Card,1250.25,1
ORD1678,1/31/24 18:49,PROD188,CUST405,Books,Debit Card,557.7,7
ORD1679,5/27/24 21:34,PROD28,CUST544,Home Appliances,Cash,940.42,1
ORD1680,02-01-2024 11:04,PROD125,CUST229,Books,PayPal,835.41,3
ORD1681,3/18/24 7:26,PROD30,CUST125,Toys,Cash,1246.6,1
ORD1682,6/25/24 3:43,PROD189,CUST901,Home Appliances,PayPal,1618.37,3
ORD1683,3/13/24 2:36,PROD91,CUST523,Home Appliances,Bank Transfer,1703.32,9
ORD1684,1/19/24 7:59,PROD35,CUST118,Electronics,Credit Card,661.23,5
ORD1685,2/20/24 12:00,PROD101,CUST24,Fashion,Debit Card,446.81,4
ORD1686,1/18/24 22:35,PROD93,CUST339,Toys,Debit Card,809.34,6
ORD1687,02-10-2024 11:26,PROD52,CUST554,Electronics,Credit Card,26.94,8
ORD1688,6/16/24 21:12,PROD120,CUST500,Books,PayPal,1257.32,8
ORD1689,7/15/24 23:08,PROD44,CUST300,Books,Debit Card,210.73,1
ORD1690,7/29/24 1:31,PROD80,CUST796,Fashion,Bank Transfer,341.95,1
ORD1691,04-03-2024 14:52,PROD197,CUST875,Fashion,PayPal,1930.12,10
ORD1692,1/31/24 11:35,PROD45,CUST901,Home Appliances,Credit Card,967.49,4
ORD1693,11-02-2024 16:28,PROD157,CUST883,Toys,Credit Card,992.32,9
ORD1694,5/19/24 19:45,PROD110,CUST69,Books,Bank Transfer,1190.87,10
ORD1695,8/16/24 10:13,PROD56,CUST85,Fashion,Credit Card,546.73,2
ORD1696,1/17/24 4:00,PROD119,CUST268,Toys,Bank Transfer,1107.48,8
ORD1697,9/22/24 6:52,PROD167,CUST524,Home Appliances,Credit Card,902.62,7
ORD1698,7/13/24 0:58,PROD121,CUST134,Fashion,Cash,1450.92,3
ORD1699,01-10-2024 19:36,PROD181,CUST434,Fashion,Cash,1032.27,4
ORD1700,5/29/24 9:02,PROD133,CUST601,Electronics,Cash,1456.17,6
ORD1701,5/27/24 19:33,PROD9,CUST694,Fashion,Bank Transfer,1246.77,3
ORD1702,8/30/24 23:07,PROD21,CUST48,Fashion,Debit Card,403.88,10
ORD1703,07-12-2024 10:05,PROD100,CUST21,Fashion,Debit Card,833.98,8
ORD1704,8/22/24 7:55,PROD72,CUST53,Books,Debit Card,912.57,7
ORD1705,03-07-2024 20:34,PROD78,CUST467,Home Appliances,Bank Transfer,1359.07,9
ORD1706,09-04-2024 22:14,PROD83,CUST42,Books,Debit Card,122.05,7
ORD1707,10-06-2024 02:01,PROD85,CUST287,Books,Cash,1040.38,7
ORD1708,03-08-2024 16:51,PROD66,CUST339,Home Appliances,Cash,31.23,8
ORD1709,06-12-2024 13:40,PROD174,CUST617,Toys,Bank Transfer,269.93,1
ORD1710,3/28/24 11:04,PROD157,CUST284,Fashion,PayPal,1218.86,8
ORD1711,11/17/24 7:44,PROD17,CUST34,Home Appliances,PayPal,1529.82,6
ORD1712,9/17/24 5:15,PROD121,CUST764,Electronics,Bank Transfer,341.67,6
ORD1713,03-03-2024 06:54,PROD103,CUST731,Electronics,Credit Card,1481.46,4
ORD1714,03-09-2024 21:36,PROD179,CUST15,Electronics,Credit Card,384.84,9
ORD1715,8/23/24 15:02,PROD37,CUST899,Electronics,Debit Card,429.91,1
ORD1716,9/18/24 23:57,PROD122,CUST496,Toys,PayPal,789.15,2
ORD1717,11/16/24 15:06,PROD146,CUST283,Toys,Credit Card,934.41,2
ORD1718,06-11-2024 10:59,PROD189,CUST992,Fashion,Bank Transfer,1466.26,8
ORD1719,10-02-2024 05:16,PROD45,CUST31,Books,Credit Card,1553.15,1
ORD1720,5/13/24 15:21,PROD40,CUST996,Fashion,Credit Card,1572.9,2
ORD1721,10/22/24 2:38,PROD50,CUST622,Fashion,Credit Card,135.86,7
ORD1722,8/30/24 4:38,PROD140,CUST27,Electronics,Bank Transfer,1504.09,10
ORD1723,5/17/24 7:46,PROD30,CUST13,Fashion,Cash,982.77,10
ORD1724,10/17/24 19:37,PROD129,CUST155,Home Appliances,Debit Card,1205.02,9
ORD1725,07-12-2024 05:25,PROD51,CUST300,Home Appliances,Credit Card,1241.72,4
ORD1726,8/15/24 8:37,PROD120,CUST108,Home Appliances,Debit Card,90.89,5
ORD1727,6/15/24 22:04,PROD12,CUST673,Home Appliances,Cash,243.57,4
ORD1728,6/23/24 15:02,PROD12,CUST536,Electronics,PayPal,445.14,7
ORD1729,9/13/24 22:06,PROD193,CUST747,Electronics,PayPal,355.82,3
ORD1730,5/27/24 13:18,PROD165,CUST328,Fashion,Cash,593.54,7
ORD1731,6/17/24 3:37,PROD20,CUST179,Books,Credit Card,1388.79,6
ORD1732,08-05-2024 06:50,PROD6,CUST196,Books,Debit Card,1373.3,5
ORD1733,07-07-2024 03:01,PROD199,CUST561,Home Appliances,Bank Transfer,1199.57,10
ORD1734,2/14/24 22:51,PROD13,CUST533,Home Appliances,Cash,1454.82,3
ORD1735,6/27/24 0:05,PROD31,CUST468,Home Appliances,Cash,505.31,5
ORD1736,9/24/24 8:33,PROD198,CUST135,Home Appliances,PayPal,767.86,9
ORD1737,06-04-2024 01:00,PROD187,CUST314,Home Appliances,Debit Card,1183.38,9
ORD1738,04-01-2024 11:22,PROD124,CUST269,Books,Cash,910.99,2
ORD1739,3/16/24 9:22,PROD148,CUST977,Books,Cash,831.04,5
ORD1740,5/28/24 23:19,PROD133,CUST598,Electronics,Bank Transfer,362.79,8
ORD1741,11-01-2024 04:22,PROD75,CUST381,Electronics,PayPal,241.09,9
ORD1742,9/25/24 23:39,PROD195,CUST831,Electronics,PayPal,1874.26,7
ORD1743,06-08-2024 00:42,PROD74,CUST998,Electronics,Cash,1801.53,9
ORD1744,6/17/24 19:07,PROD84,CUST912,Electronics,PayPal,1265.26,6
ORD1745,3/29/24 12:14,PROD117,CUST494,Books,Cash,1614.53,9
ORD1746,09-01-2024 10:29,PROD90,CUST576,Toys,PayPal,1941.91,7
ORD1747,2/27/24 22:08,PROD40,CUST399,Toys,Cash,1454.3,4
ORD1748,8/16/24 5:49,PROD87,CUST585,Toys,Cash,194.6,4
ORD1749,9/28/24 22:33,PROD43,CUST935,Toys,Credit Card,223.58,3
ORD1750,3/21/24 10:16,PROD76,CUST636,Toys,Credit Card,493.43,8
ORD1751,09-12-2024 22:32,PROD82,CUST459,Toys,Credit Card,42.78,3
ORD1752,2/17/24 8:45,PROD167,CUST917,Electronics,Credit Card,514.92,4
ORD1753,11-11-2024 22:07,PROD24,CUST444,Toys,Debit Card,1810.91,8
ORD1754,1/16/24 2:16,PROD59,CUST223,Electronics,Credit Card,734.58,7
ORD1755,02-08-2024 11:36,PROD130,CUST715,Toys,PayPal,863.2,1
ORD1756,07-12-2024 04:45,PROD53,CUST799,Toys,Debit Card,314.66,1
ORD1757,02-05-2024 21:29,PROD67,CUST607,Books,Credit Card,1039.02,1
ORD1758,04-03-2024 09:41,PROD193,CUST819,Books,PayPal,1789.29,5
ORD1759,08-02-2024 08:43,PROD187,CUST744,Fashion,Bank Transfer,1542.99,1
ORD1760,04-09-2024 15:04,PROD26,CUST939,Home Appliances,Credit Card,696.85,8
ORD1761,11-08-2024 09:31,PROD131,CUST550,Home Appliances,Cash,1175.27,2
ORD1762,03-05-2024 15:48,PROD32,CUST365,Electronics,Cash,1658.49,2
ORD1763,06-01-2024 02:18,PROD137,CUST806,Toys,PayPal,113.91,3
ORD1764,07-09-2024 15:07,PROD132,CUST910,Fashion,Cash,1799.84,6
ORD1765,05-03-2024 23:02,PROD6,CUST754,Electronics,Debit Card,1886.31,7
ORD1766,8/30/24 6:30,PROD56,CUST183,Electronics,Credit Card,983.26,2
ORD1767,4/13/24 21:24,PROD27,CUST205,Fashion,PayPal,260.94,5
ORD1768,07-06-2024 17:15,PROD174,CUST931,Electronics,PayPal,1119.17,6
ORD1769,9/20/24 3:31,PROD15,CUST291,Home Appliances,Cash,1165.2,3
ORD1770,3/24/24 18:17,PROD147,CUST799,Toys,Debit Card,942.84,6
ORD1771,05-05-2024 07:42,PROD111,CUST483,Fashion,Debit Card,482.95,7
ORD1772,07-05-2024 12:41,PROD133,CUST57,Fashion,Debit Card,1659.53,9
ORD1773,06-05-2024 03:04,PROD38,CUST768,Books,Debit Card,170.06,2
ORD1774,3/30/24 7:00,PROD41,CUST561,Home Appliances,Bank Transfer,1184.56,4
ORD1775,8/21/24 13:22,PROD171,CUST660,Fashion,PayPal,1313.26,6
ORD1776,4/27/24 8:23,PROD146,CUST2,Electronics,Debit Card,597.83,4
ORD1777,09-05-2024 09:28,PROD31,CUST949,Toys,PayPal,1093.24,2
ORD1778,10/17/24 5:30,PROD170,CUST992,Books,Cash,1211.56,2
ORD1779,02-05-2024 02:55,PROD161,CUST124,Home Appliances,Bank Transfer,877.43,6
ORD1780,8/28/24 17:33,PROD178,CUST287,Toys,PayPal,217.72,1
ORD1781,7/19/24 15:52,PROD83,CUST463,Books,PayPal,1435.33,2
ORD1782,5/18/24 4:02,PROD153,CUST983,Books,Bank Transfer,1861.95,2
ORD1783,06-10-2024 03:01,PROD75,CUST778,Fashion,Bank Transfer,1423.74,4
ORD1784,03-08-2024 12:36,PROD121,CUST895,Books,Cash,1892.93,5
ORD1785,3/21/24 14:23,PROD40,CUST771,Home Appliances,PayPal,873.19,9
ORD1786,6/19/24 21:46,PROD25,CUST901,Toys,Debit Card,310.59,5
ORD1787,2/19/24 3:50,PROD64,CUST430,Toys,PayPal,737.95,10
ORD1788,10/14/24 14:58,PROD125,CUST174,Fashion,Bank Transfer,660.48,1
ORD1789,6/15/24 22:04,PROD176,CUST100,Books,Bank Transfer,766.57,9
ORD1790,01-11-2024 14:42,PROD191,CUST773,Books,Debit Card,737.11,2
ORD1791,8/29/24 23:45,PROD160,CUST647,Books,PayPal,609.71,3
ORD1792,03-07-2024 03:46,PROD137,CUST870,Toys,PayPal,1358.67,3
ORD1793,3/27/24 23:13,PROD87,CUST141,Books,Debit Card,550.2,7
ORD1794,2/17/24 10:11,PROD141,CUST408,Books,Cash,25.76,8
ORD1795,1/20/24 15:01,PROD194,CUST798,Toys,Credit Card,297.96,8
ORD1796,01-09-2024 12:59,PROD176,CUST229,Home Appliances,PayPal,378.57,9
ORD1797,11/16/24 22:31,PROD28,CUST275,Books,Cash,1291.74,5
ORD1798,4/29/24 8:17,PROD60,CUST341,Toys,Credit Card,1550.66,10
ORD1799,4/13/24 22:31,PROD81,CUST762,Fashion,Cash,1738.42,8
ORD1800,2/29/24 1:28,PROD25,CUST37,Toys,Debit Card,37.71,7
ORD1801,8/28/24 20:24,PROD150,CUST125,Books,Bank Transfer,521.68,5
ORD1802,03-12-2024 19:00,PROD98,CUST132,Electronics,PayPal,1218.54,8
ORD1803,08-11-2024 18:19,PROD149,CUST464,Fashion,PayPal,580.48,7
ORD1804,8/14/24 8:31,PROD28,CUST728,Toys,PayPal,551.08,3
ORD1805,01-03-2024 04:13,PROD23,CUST698,Home Appliances,Debit Card,1334.79,8
ORD1806,05-12-2024 02:48,PROD136,CUST459,Home Appliances,Bank Transfer,1648.74,1
ORD1807,02-11-2024 17:10,PROD180,CUST917,Home Appliances,Credit Card,1905.75,9
ORD1808,08-05-2024 13:50,PROD115,CUST438,Home Appliances,Debit Card,878.28,10
ORD1809,04-02-2024 12:36,PROD173,CUST952,Electronics,Cash,713.91,1
ORD1810,11-02-2024 01:03,PROD113,CUST525,Toys,Debit Card,732.46,2
ORD1811,06-07-2024 23:55,PROD178,CUST269,Electronics,PayPal,575.49,3
ORD1812,10/16/24 19:48,PROD55,CUST710,Electronics,Debit Card,621.9,9
ORD1813,01-11-2024 20:21,PROD23,CUST162,Electronics,PayPal,518.41,7
ORD1814,3/23/24 14:00,PROD52,CUST471,Electronics,Credit Card,1219.32,6
ORD1815,7/26/24 3:50,PROD128,CUST793,Toys,Cash,1058.06,8
ORD1816,01-06-2024 18:49,PROD148,CUST754,Fashion,PayPal,518.62,7
ORD1817,3/29/24 15:07,PROD184,CUST803,Books,Debit Card,1328.77,6
ORD1818,10/14/24 19:51,PROD189,CUST929,Toys,Cash,284.85,4
ORD1819,02-02-2024 11:02,PROD145,CUST33,Home Appliances,Credit Card,1589.6,3
ORD1820,01-07-2024 19:36,PROD60,CUST340,Toys,PayPal,579.84,10
ORD1821,05-04-2024 14:20,PROD1,CUST379,Electronics,Debit Card,1475.78,3
ORD1822,08-04-2024 14:16,PROD97,CUST814,Home Appliances,Debit Card,693.35,3
ORD1823,9/18/24 10:17,PROD106,CUST577,Electronics,Cash,1989.67,2
ORD1824,01-02-2024 00:23,PROD180,CUST420,Toys,Cash,1940.35,2
ORD1825,1/22/24 11:49,PROD59,CUST280,Electronics,PayPal,503.45,6
ORD1826,05-06-2024 06:04,PROD118,CUST969,Fashion,Cash,1268.27,8
ORD1827,04-02-2024 20:15,PROD62,CUST829,Toys,PayPal,710.65,8
ORD1828,09-05-2024 21:11,PROD97,CUST714,Electronics,Credit Card,890.61,8
ORD1829,09-09-2024 17:46,PROD5,CUST33,Toys,Cash,731.05,6
ORD1830,10-03-2024 11:02,PROD3,CUST316,Books,Cash,1904.58,1
ORD1831,5/25/24 13:51,PROD167,CUST289,Home Appliances,Cash,1047.36,9
ORD1832,5/31/24 16:50,PROD193,CUST244,Fashion,Bank Transfer,1953.4,2
ORD1833,8/15/24 17:32,PROD128,CUST205,Home Appliances,Debit Card,1130.02,4
ORD1834,3/13/24 7:54,PROD82,CUST97,Toys,Credit Card,1783.98,6
ORD1835,02-07-2024 16:03,PROD8,CUST445,Home Appliances,Debit Card,543.43,9
ORD1836,8/24/24 14:02,PROD114,CUST129,Home Appliances,Bank Transfer,1313.56,3
ORD1837,05-08-2024 14:26,PROD126,CUST907,Toys,Bank Transfer,255.37,5
ORD1838,3/25/24 11:01,PROD155,CUST942,Books,PayPal,592.72,6
ORD1839,2/22/24 19:55,PROD172,CUST436,Electronics,Debit Card,302.87,7
ORD1840,08-07-2024 16:51,PROD50,CUST736,Fashion,Bank Transfer,1213.69,1
ORD1841,05-01-2024 06:41,PROD114,CUST756,Electronics,Bank Transfer,868.66,2
ORD1842,10/28/24 14:19,PROD152,CUST873,Electronics,Cash,1428.36,6
ORD1843,02-03-2024 19:50,PROD183,CUST478,Fashion,Cash,657.85,9
ORD1844,8/31/24 14:30,PROD158,CUST379,Books,Credit Card,1095.2,3
ORD1845,2/24/24 7:58,PROD118,CUST38,Home Appliances,Cash,1491.25,2
ORD1846,06-06-2024 17:23,PROD113,CUST772,Fashion,Cash,756.23,1
ORD1847,5/22/24 17:29,PROD59,CUST488,Home Appliances,PayPal,1222.88,5
ORD1848,7/16/24 4:46,PROD95,CUST880,Electronics,Bank Transfer,881.31,1
ORD1849,11/14/24 16:12,PROD170,CUST801,Fashion,Credit Card,1210.63,3
ORD1850,10/18/24 13:15,PROD67,CUST222,Fashion,PayPal,359.17,7
ORD1851,1/29/24 19:41,PROD100,CUST140,Books,Debit Card,1795.35,8
ORD1852,8/29/24 0:41,PROD172,CUST248,Home Appliances,Bank Transfer,1744.39,2
ORD1853,4/25/24 7:54,PROD134,CUST40,Fashion,Cash,407.96,4
ORD1854,5/26/24 3:16,PROD180,CUST31,Toys,Bank Transfer,1184.36,6
ORD1855,8/19/24 18:59,PROD46,CUST174,Toys,Cash,275.64,9
ORD1856,09-07-2024 07:01,PROD180,CUST241,Toys,PayPal,1523.78,4
ORD1857,6/16/24 16:43,PROD124,CUST772,Home Appliances,Cash,150.62,8
ORD1858,8/31/24 16:24,PROD126,CUST505,Electronics,Cash,1363.52,2
ORD1859,07-07-2024 06:28,PROD2,CUST312,Home Appliances,Cash,694.85,1
ORD1860,7/29/24 17:58,PROD2,CUST313,Electronics,Credit Card,193.3,9
ORD1861,7/15/24 14:38,PROD62,CUST771,Home Appliances,Cash,21.56,2
ORD1862,02-07-2024 21:14,PROD49,CUST388,Home Appliances,Cash,1561.59,5
ORD1863,10-12-2024 13:22,PROD59,CUST155,Books,Cash,1494.63,5
ORD1864,3/14/24 19:31,PROD153,CUST211,Home Appliances,Bank Transfer,1453.21,2
ORD1865,5/13/24 1:26,PROD198,CUST86,Fashion,Debit Card,622.1,10
ORD1866,08-01-2024 09:14,PROD143,CUST376,Home Appliances,PayPal,1249.83,3
ORD1867,2/19/24 6:29,PROD82,CUST327,Electronics,Credit Card,1982.08,7
ORD1868,7/13/24 1:20,PROD22,CUST61,Electronics,Credit Card,685.56,2
ORD1869,7/28/24 14:53,PROD142,CUST331,Fashion,Bank Transfer,1361.43,5
ORD1870,10/14/24 22:06,PROD5,CUST568,Toys,PayPal,780.49,1
ORD1871,7/20/24 5:58,PROD148,CUST929,Toys,Bank Transfer,1020.89,10
ORD1872,03-03-2024 02:10,PROD128,CUST534,Books,Cash,479.15,6
ORD1873,09-09-2024 10:44,PROD118,CUST17,Electronics,PayPal,1949.81,5
ORD1874,4/30/24 13:47,PROD109,CUST840,Books,Credit Card,1696.56,3
ORD1875,1/21/24 2:49,PROD129,CUST285,Home Appliances,Cash,84.23,9
ORD1876,10/31/24 19:10,PROD58,CUST598,Toys,Debit Card,430.7,1
ORD1877,8/19/24 23:04,PROD194,CUST592,Fashion,Bank Transfer,1133.72,10
ORD1878,01-07-2024 09:46,PROD137,CUST666,Electronics,Cash,499.1,10
ORD1879,5/23/24 12:33,PROD119,CUST41,Fashion,Debit Card,1057.83,10
ORD1880,9/13/24 7:39,PROD44,CUST254,Electronics,Credit Card,1502.03,9
ORD1881,08-02-2024 12:53,PROD21,CUST601,Electronics,Debit Card,1182.05,9
ORD1882,04-07-2024 23:00,PROD147,CUST88,Electronics,Credit Card,516.33,1
ORD1883,04-02-2024 06:54,PROD75,CUST256,Fashion,Credit Card,291.3,4
ORD1884,01-03-2024 01:42,PROD8,CUST590,Books,PayPal,1311.63,2
ORD1885,02-02-2024 01:47,PROD57,CUST346,Toys,PayPal,72.71,3
ORD1886,1/20/24 15:05,PROD34,CUST618,Fashion,Cash,1335.02,6
ORD1887,5/28/24 20:56,PROD134,CUST973,Books,Debit Card,94.05,4
ORD1888,11-10-2024 15:01,PROD144,CUST196,Books,Credit Card,730.08,4
ORD1889,5/22/24 5:49,PROD170,CUST820,Toys,Bank Transfer,413.6,9
ORD1890,04-11-2024 06:34,PROD79,CUST722,Toys,PayPal,980.42,5
ORD1891,1/24/24 16:04,PROD128,CUST672,Electronics,PayPal,230.33,7
ORD1892,06-07-2024 02:41,PROD152,CUST838,Fashion,PayPal,220.39,1
ORD1893,1/19/24 15:28,PROD105,CUST993,Electronics,PayPal,1261.23,7
ORD1894,02-01-2024 06:16,PROD28,CUST124,Home Appliances,Bank Transfer,1064.11,2
ORD1895,6/24/24 22:04,PROD38,CUST835,Home Appliances,PayPal,1016.87,5
ORD1896,4/15/24 14:19,PROD87,CUST649,Books,Bank Transfer,713.84,8
ORD1897,2/14/24 3:12,PROD192,CUST21,Home Appliances,Credit Card,1348.66,3
ORD1898,1/17/24 6:59,PROD136,CUST873,Fashion,Debit Card,500.17,4
ORD1899,8/28/24 11:32,PROD58,CUST728,Home Appliances,PayPal,222.44,4
ORD1900,02-08-2024 16:12,PROD15,CUST601,Fashion,Cash,1655.2,5
ORD1901,06-07-2024 10:26,PROD127,CUST308,Toys,Bank Transfer,1754.72,3
ORD1902,4/15/24 1:58,PROD124,CUST295,Fashion,Bank Transfer,1942.08,10
ORD1903,10/21/24 3:14,PROD84,CUST22,Books,Debit Card,186,9
ORD1904,9/15/24 20:15,PROD71,CUST219,Electronics,Debit Card,1448.19,3
ORD1905,7/31/24 6:29,PROD33,CUST2,Fashion,Bank Transfer,1862.14,1
ORD1906,01-05-2024 17:21,PROD92,CUST564,Electronics,Bank Transfer,607.61,6
ORD1907,3/15/24 5:58,PROD96,CUST552,Toys,Cash,1487.33,1
ORD1908,10/23/24 17:43,PROD112,CUST381,Home Appliances,Bank Transfer,913.95,6
ORD1909,09-09-2024 01:50,PROD24,CUST384,Toys,PayPal,1577.15,10
ORD1910,8/23/24 16:20,PROD68,CUST76,Toys,Debit Card,741.64,7
ORD1911,10/16/24 3:19,PROD28,CUST114,Electronics,Credit Card,1555.06,8
ORD1912,10/19/24 13:52,PROD108,CUST350,Fashion,Debit Card,612.82,1
ORD1913,08-10-2024 23:23,PROD22,CUST631,Fashion,Cash,231.75,9
ORD1914,04-08-2024 07:55,PROD45,CUST458,Electronics,Debit Card,1452.62,6
ORD1915,06-02-2024 11:11,PROD92,CUST557,Books,Cash,1401.65,1
ORD1916,8/21/24 19:11,PROD188,CUST898,Fashion,Bank Transfer,551.58,5
ORD1917,4/13/24 20:03,PROD56,CUST353,Home Appliances,Credit Card,1896.78,2
ORD1918,4/16/24 14:19,PROD121,CUST617,Toys,Debit Card,324.22,10
ORD1919,7/27/24 12:17,PROD116,CUST757,Toys,Credit Card,985.34,6
ORD1920,05-11-2024 21:06,PROD27,CUST778,Books,Cash,1280.9,4
ORD1921,10/15/24 11:41,PROD79,CUST736,Electronics,Credit Card,1902.48,9
ORD1922,02-09-2024 07:07,PROD66,CUST525,Electronics,PayPal,1292.76,8
ORD1923,03-10-2024 07:03,PROD191,CUST907,Electronics,PayPal,288.11,6
ORD1924,7/22/24 19:19,PROD171,CUST116,Toys,Cash,1741.68,7
ORD1925,04-02-2024 05:39,PROD114,CUST931,Fashion,PayPal,574.68,9
ORD1926,5/30/24 3:06,PROD128,CUST759,Books,Debit Card,647.62,10
ORD1927,7/21/24 5:37,PROD167,CUST955,Toys,Bank Transfer,115.84,8
ORD1928,8/27/24 20:45,PROD111,CUST409,Books,Bank Transfer,1250.76,2
ORD1929,01-09-2024 18:42,PROD64,CUST712,Books,Debit Card,1292.58,9
ORD1930,3/23/24 19:28,PROD23,CUST75,Toys,Credit Card,1017.35,4
ORD1931,03-02-2024 14:17,PROD19,CUST860,Toys,Debit Card,272.69,9
ORD1932,07-02-2024 01:56,PROD45,CUST629,Toys,PayPal,1113.28,5
ORD1933,09-02-2024 16:30,PROD167,CUST548,Home Appliances,Debit Card,1391.08,6
ORD1934,11-02-2024 09:05,PROD57,CUST743,Toys,Bank Transfer,832.52,10
ORD1935,1/21/24 17:43,PROD5,CUST268,Fashion,Bank Transfer,1882.59,6
ORD1936,9/22/24 7:15,PROD8,CUST905,Home Appliances,Debit Card,587.81,8
ORD1937,7/18/24 3:06,PROD141,CUST799,Electronics,Bank Transfer,752.26,1
ORD1938,10/26/24 10:26,PROD22,CUST407,Home Appliances,Cash,1393.06,5
ORD1939,5/27/24 19:13,PROD179,CUST453,Electronics,Debit Card,758.8,1
ORD1940,02-11-2024 01:41,PROD126,CUST848,Electronics,Debit Card,1923.58,10
ORD1941,2/17/24 3:56,PROD168,CUST383,Fashion,Debit Card,1600.29,4
ORD1942,6/19/24 19:21,PROD64,CUST491,Toys,Credit Card,984.35,6
ORD1943,1/13/24 7:44,PROD192,CUST643,Electronics,PayPal,1422.18,9
ORD1944,10-03-2024 17:18,PROD148,CUST373,Books,Bank Transfer,168.01,1
ORD1945,07-12-2024 06:38,PROD121,CUST659,Toys,Cash,1600.76,1
ORD1946,5/19/24 8:47,PROD59,CUST111,Toys,Bank Transfer,1478.47,5
ORD1947,01-04-2024 03:05,PROD156,CUST883,Home Appliances,PayPal,1180.51,1
ORD1948,03-02-2024 19:14,PROD7,CUST109,Books,PayPal,1536.19,6
ORD1949,08-07-2024 15:50,PROD93,CUST549,Toys,Bank Transfer,1180.09,4
ORD1950,2/21/24 18:17,PROD79,CUST71,Fashion,Credit Card,258.15,4
ORD1951,3/20/24 9:23,PROD147,CUST996,Fashion,Cash,1021.54,2
ORD1952,2/26/24 0:43,PROD56,CUST352,Toys,Cash,567.18,6
ORD1953,08-04-2024 22:00,PROD109,CUST538,Electronics,Credit Card,176.67,3
ORD1954,06-06-2024 05:09,PROD59,CUST313,Home Appliances,Cash,842.36,10
ORD1955,2/19/24 9:21,PROD29,CUST659,Toys,Debit Card,1083.33,8
ORD1956,7/18/24 16:34,PROD144,CUST656,Toys,Debit Card,305.02,2
ORD1957,02-04-2024 10:51,PROD176,CUST332,Electronics,Bank Transfer,766.51,9
ORD1958,10-05-2024 12:19,PROD90,CUST785,Toys,Bank Transfer,1484.04,7
ORD1959,5/15/24 6:03,PROD70,CUST752,Fashion,Credit Card,38.82,9
ORD1960,04-01-2024 03:32,PROD171,CUST316,Electronics,Debit Card,1949.89,8
ORD1961,7/23/24 4:04,PROD115,CUST477,Books,Credit Card,1554.9,10
ORD1962,3/29/24 12:32,PROD11,CUST456,Electronics,Debit Card,1145.2,3
ORD1963,7/26/24 5:38,PROD150,CUST994,Electronics,PayPal,963.86,1
ORD1964,7/22/24 14:01,PROD182,CUST826,Books,Bank Transfer,317.74,9
ORD1965,2/18/24 1:57,PROD118,CUST464,Books,Cash,1440.34,9
ORD1966,09-06-2024 15:27,PROD196,CUST680,Fashion,PayPal,145.86,7
ORD1967,8/17/24 10:15,PROD25,CUST314,Electronics,PayPal,1592.14,4
ORD1968,11-08-2024 18:58,PROD81,CUST218,Electronics,Debit Card,473.28,7
ORD1969,5/28/24 17:35,PROD14,CUST585,Books,Cash,1768.87,3
ORD1970,02-11-2024 23:48,PROD141,CUST933,Electronics,Bank Transfer,816.73,10
ORD1971,9/18/24 8:49,PROD25,CUST735,Toys,Cash,1209.81,9
ORD1972,9/14/24 19:18,PROD3,CUST441,Books,Credit Card,1828.26,2
ORD1973,09-05-2024 02:06,PROD152,CUST283,Toys,Debit Card,1165.85,4
ORD1974,02-06-2024 15:59,PROD96,CUST174,Electronics,Bank Transfer,1438.49,2
ORD1975,05-05-2024 02:42,PROD129,CUST896,Electronics,Credit Card,165.31,6
ORD1976,10/21/24 20:35,PROD33,CUST560,Home Appliances,Credit Card,49.08,5
ORD1977,11-05-2024 10:54,PROD65,CUST885,Home Appliances,Bank Transfer,1898.23,1
ORD1978,09-01-2024 23:09,PROD80,CUST185,Toys,Debit Card,1119.02,7
ORD1979,6/19/24 4:52,PROD140,CUST247,Toys,Credit Card,980.63,8
ORD1980,6/21/24 1:30,PROD54,CUST362,Home Appliances,Bank Transfer,1787.38,10
ORD1981,9/24/24 0:06,PROD135,CUST492,Electronics,Bank Transfer,640.08,4
ORD1982,9/14/24 1:30,PROD87,CUST899,Books,Debit Card,1009.59,2
ORD1983,11/16/24 14:04,PROD11,CUST314,Toys,Bank Transfer,1515.55,2
ORD1984,09-06-2024 19:42,PROD110,CUST907,Home Appliances,Credit Card,611.04,10
ORD1985,10-11-2024 07:42,PROD36,CUST204,Toys,Debit Card,600.86,8
ORD1986,4/27/24 23:23,PROD37,CUST182,Books,Credit Card,79.96,7
ORD1987,01-12-2024 01:17,PROD152,CUST327,Books,Credit Card,1089.71,1
ORD1988,1/27/24 20:43,PROD200,CUST503,Electronics,PayPal,354.49,10
ORD1989,7/21/24 8:02,PROD104,CUST792,Home Appliances,Bank Transfer,444.02,8
ORD1990,04-07-2024 14:32,PROD162,CUST129,Toys,Bank Transfer,1685.31,9
ORD1991,9/23/24 6:03,PROD117,CUST485,Home Appliances,Debit Card,105.86,5
ORD1992,03-03-2024 06:44,PROD166,CUST965,Electronics,Credit Card,1411.73,7
ORD1993,4/22/24 11:05,PROD111,CUST53,Toys,Bank Transfer,482.36,4
ORD1994,10/19/24 9:31,PROD21,CUST900,Electronics,Cash,147.19,3
ORD1995,9/25/24 9:12,PROD123,CUST718,Fashion,Debit Card,43.92,5
ORD1996,03-01-2024 10:34,PROD46,CUST219,Home Appliances,Debit Card,1088.6,3
ORD1997,8/21/24 6:24,PROD165,CUST994,Toys,Cash,1244.33,2
ORD1998,4/22/24 13:30,PROD115,CUST493,Toys,Debit Card,1440.99,6
ORD1999,1/31/24 8:27,PROD25,CUST829,Electronics,Credit Card,979.04,4
ORD2000,4/20/24 16:21,PROD152,CUST890,Toys,PayPal,1063.87,4
ORD2001,10-09-2024 11:27,PROD125,CUST516,Books,Cash,293.15,1
ORD2002,2/29/24 6:10,PROD177,CUST970,Electronics,Bank Transfer,179.29,4
ORD2003,4/13/24 23:07,PROD80,CUST431,Electronics,Debit Card,39.89,4
ORD2004,05-03-2024 23:36,PROD194,CUST670,Toys,Cash,141.68,4
ORD2005,9/18/24 22:54,PROD100,CUST638,Home Appliances,Cash,213.54,8
ORD2006,7/25/24 1:08,PROD130,CUST333,Electronics,Credit Card,1203.66,6
ORD2007,06-04-2024 13:43,PROD91,CUST309,Fashion,Cash,1997.89,9
ORD2008,10-02-2024 12:01,PROD2,CUST122,Electronics,Debit Card,1129.45,6
ORD2009,6/23/24 9:30,PROD180,CUST225,Fashion,Cash,318.64,9
ORD2010,08-12-2024 17:19,PROD76,CUST582,Fashion,Bank Transfer,1575.79,6
ORD2011,01-05-2024 08:20,PROD95,CUST564,Toys,Debit Card,117.87,8
ORD2012,08-02-2024 11:27,PROD147,CUST341,Fashion,PayPal,618.5,2
ORD2013,7/17/24 9:41,PROD149,CUST934,Fashion,Credit Card,1979.81,9
ORD2014,9/17/24 14:40,PROD158,CUST431,Fashion,Debit Card,658.55,7
ORD2015,01-11-2024 13:08,PROD17,CUST115,Books,PayPal,183.51,2
ORD2016,02-01-2024 07:59,PROD114,CUST298,Electronics,Bank Transfer,218.39,4
ORD2017,02-01-2024 16:14,PROD162,CUST145,Home Appliances,PayPal,1018.05,8
ORD2018,02-09-2024 01:22,PROD149,CUST494,Home Appliances,PayPal,1497.02,9
ORD2019,1/31/24 3:25,PROD198,CUST428,Electronics,Cash,836.18,4
ORD2020,3/20/24 14:35,PROD29,CUST786,Books,Cash,1077.36,8
ORD2021,08-01-2024 06:32,PROD128,CUST244,Books,PayPal,131.67,7
ORD2022,1/22/24 16:22,PROD84,CUST487,Electronics,PayPal,1110.68,1
ORD2023,3/29/24 20:23,PROD12,CUST333,Home Appliances,Bank Transfer,368.87,3
ORD2024,1/28/24 8:45,PROD107,CUST295,Books,Credit Card,113.96,7
ORD2025,11/15/24 13:31,PROD147,CUST768,Books,PayPal,1270.25,5
ORD2026,4/14/24 14:18,PROD51,CUST29,Toys,Cash,1755.49,7
ORD2027,6/23/24 3:46,PROD146,CUST148,Toys,Bank Transfer,605.12,3
ORD2028,2/24/24 14:14,PROD190,CUST353,Books,Bank Transfer,1014.66,1
ORD2029,6/28/24 2:11,PROD46,CUST504,Home Appliances,Debit Card,1043.88,7
ORD2030,05-01-2024 01:45,PROD100,CUST836,Books,Credit Card,1517.13,3
ORD2031,08-03-2024 04:43,PROD38,CUST680,Toys,Credit Card,910.61,4
ORD2032,2/13/24 2:09,PROD21,CUST30,Toys,Bank Transfer,1920.56,6
ORD2033,05-04-2024 03:26,PROD109,CUST797,Fashion,Bank Transfer,1176.5,5
ORD2034,10/14/24 17:02,PROD191,CUST147,Home Appliances,Credit Card,1858.22,5
ORD2035,4/20/24 3:02,PROD132,CUST385,Home Appliances,Cash,384.16,1
ORD2036,09-09-2024 09:34,PROD136,CUST862,Fashion,Credit Card,893.1,7
ORD2037,6/25/24 8:12,PROD50,CUST335,Electronics,Bank Transfer,1534.66,9
ORD2038,7/25/24 19:56,PROD139,CUST261,Electronics,PayPal,378.88,10
ORD2039,9/24/24 6:56,PROD127,CUST57,Toys,PayPal,814.4,5
ORD2040,2/24/24 13:11,PROD6,CUST412,Electronics,Debit Card,1670.4,9
ORD2041,1/20/24 23:09,PROD22,CUST901,Home Appliances,PayPal,1971.09,1
ORD2042,2/19/24 22:39,PROD172,CUST404,Fashion,Bank Transfer,339.5,3
ORD2043,7/24/24 6:01,PROD38,CUST566,Electronics,Debit Card,1566.29,4
ORD2044,02-07-2024 02:05,PROD75,CUST194,Home Appliances,Cash,227.99,3
ORD2045,1/29/24 7:31,PROD24,CUST972,Electronics,Cash,685.22,2
ORD2046,3/21/24 1:11,PROD101,CUST696,Fashion,Credit Card,1596.1,5
ORD2047,4/26/24 14:33,PROD66,CUST247,Fashion,Debit Card,1030.77,10
ORD2048,08-01-2024 13:35,PROD102,CUST951,Fashion,Cash,460.67,6
ORD2049,10/27/24 23:28,PROD23,CUST622,Home Appliances,PayPal,1447.97,5
ORD2050,7/30/24 17:12,PROD152,CUST968,Books,PayPal,1887.71,2
ORD2051,05-11-2024 08:23,PROD37,CUST981,Home Appliances,PayPal,654.77,6
ORD2052,08-05-2024 08:00,PROD43,CUST94,Books,Credit Card,1824.69,2
ORD2053,11/16/24 1:53,PROD143,CUST242,Home Appliances,Credit Card,1543.25,9
ORD2054,09-06-2024 04:54,PROD25,CUST857,Fashion,Debit Card,872.6,2
ORD2055,01-11-2024 18:28,PROD147,CUST548,Fashion,Credit Card,990.86,9
ORD2056,07-01-2024 04:33,PROD177,CUST739,Fashion,Debit Card,1636.28,6
ORD2057,09-03-2024 19:40,PROD86,CUST513,Books,Bank Transfer,1860.5,7
ORD2058,9/24/24 7:42,PROD98,CUST310,Toys,Credit Card,978.83,10
ORD2059,9/24/24 17:03,PROD97,CUST932,Home Appliances,Cash,463.91,5
ORD2060,8/25/24 14:09,PROD191,CUST566,Fashion,Cash,1536.03,5
ORD2061,01-06-2024 17:43,PROD26,CUST667,Books,Bank Transfer,353.8,9
ORD2062,3/25/24 6:46,PROD108,CUST14,Fashion,Debit Card,557.5,6
ORD2063,08-07-2024 05:58,PROD118,CUST494,Electronics,Cash,1087.04,5
ORD2064,02-11-2024 02:17,PROD80,CUST471,Books,Cash,590.81,4
ORD2065,03-07-2024 08:29,PROD129,CUST972,Home Appliances,Credit Card,1659.37,6
ORD2066,10/25/24 4:24,PROD117,CUST141,Books,Bank Transfer,856.38,8
ORD2067,04-01-2024 21:42,PROD59,CUST791,Electronics,Debit Card,28.16,8
ORD2068,10/14/24 12:35,PROD195,CUST943,Fashion,Cash,1452.73,3
ORD2069,9/14/24 19:38,PROD101,CUST916,Books,Cash,1753.68,1
ORD2070,11-10-2024 03:51,PROD106,CUST155,Electronics,Bank Transfer,1944.98,3
ORD2071,8/26/24 10:58,PROD57,CUST872,Books,Credit Card,42.05,7
ORD2072,6/14/24 13:36,PROD103,CUST474,Books,Debit Card,1105.49,9
ORD2073,6/28/24 16:47,PROD12,CUST917,Toys,Bank Transfer,221.37,3
ORD2074,07-11-2024 01:48,PROD123,CUST958,Home Appliances,Debit Card,1486.74,5
ORD2075,5/19/24 8:18,PROD39,CUST459,Fashion,Bank Transfer,1420.99,7
ORD2076,6/20/24 18:47,PROD40,CUST486,Home Appliances,Bank Transfer,436.39,6
ORD2077,09-01-2024 17:20,PROD28,CUST773,Electronics,Cash,1888.6,3
ORD2078,8/20/24 20:48,PROD194,CUST125,Toys,Bank Transfer,849.35,9
ORD2079,4/16/24 9:33,PROD38,CUST795,Fashion,PayPal,106.62,10
ORD2080,10/24/24 10:06,PROD130,CUST502,Electronics,Cash,713.57,2
ORD2081,5/19/24 18:34,PROD95,CUST437,Fashion,Cash,1184.16,5
ORD2082,7/21/24 9:38,PROD82,CUST292,Books,PayPal,338.13,7
ORD2083,9/16/24 19:29,PROD110,CUST498,Fashion,Credit Card,1161.03,1
ORD2084,3/22/24 11:49,PROD36,CUST198,Fashion,Credit Card,644.77,6
ORD2085,05-03-2024 21:30,PROD152,CUST735,Books,Bank Transfer,1555.82,1
ORD2086,7/17/24 10:39,PROD3,CUST791,Fashion,Cash,166.57,3
ORD2087,8/19/24 2:42,PROD168,CUST566,Toys,PayPal,1383.72,4
ORD2088,6/25/24 18:48,PROD78,CUST992,Home Appliances,Credit Card,1066.49,1
ORD2089,1/20/24 0:27,PROD114,CUST260,Books,Credit Card,1413.1,7
ORD2090,3/25/24 12:12,PROD96,CUST229,Fashion,Bank Transfer,1038.8,6
ORD2091,6/16/24 6:10,PROD104,CUST250,Fashion,Credit Card,436.84,7
ORD2092,4/29/24 13:23,PROD2,CUST539,Home Appliances,Cash,1504.38,4
ORD2093,10/26/24 17:35,PROD100,CUST176,Toys,Debit Card,660.47,6
ORD2094,7/28/24 14:59,PROD38,CUST275,Books,Cash,412.31,6
ORD2095,9/28/24 16:26,PROD120,CUST591,Fashion,Debit Card,1145.93,4
ORD2096,05-02-2024 19:16,PROD29,CUST452,Electronics,Credit Card,952.74,3
ORD2097,1/28/24 23:03,PROD86,CUST238,Fashion,Cash,836.03,10
ORD2098,4/19/24 16:01,PROD79,CUST347,Home Appliances,PayPal,1843.44,10
ORD2099,5/22/24 1:29,PROD110,CUST193,Toys,Cash,434.58,2
ORD2100,11-08-2024 10:49,PROD22,CUST185,Fashion,Cash,1542.41,3
ORD2101,3/14/24 9:47,PROD159,CUST660,Electronics,Cash,571.94,1
ORD2102,1/20/24 22:11,PROD138,CUST128,Fashion,Cash,1673.94,7
ORD2103,07-01-2024 16:28,PROD123,CUST157,Toys,Credit Card,1792.55,8
ORD2104,2/27/24 7:19,PROD81,CUST38,Books,Debit Card,262.02,6
ORD2105,10-04-2024 12:01,PROD51,CUST139,Electronics,PayPal,203.69,10
ORD2106,11-02-2024 11:12,PROD50,CUST157,Toys,Credit Card,211.17,8
ORD2107,01-04-2024 21:53,PROD139,CUST382,Electronics,Bank Transfer,875.75,10
ORD2108,6/16/24 17:01,PROD187,CUST594,Electronics,Debit Card,699.75,9
ORD2109,4/13/24 15:24,PROD177,CUST610,Toys,Cash,977.44,4
ORD2110,10-12-2024 21:45,PROD103,CUST794,Electronics,PayPal,262.14,10
ORD2111,1/27/24 21:36,PROD46,CUST123,Home Appliances,Debit Card,705.12,7
ORD2112,03-11-2024 20:31,PROD117,CUST396,Electronics,Cash,1316.95,6
ORD2113,5/25/24 1:26,PROD8,CUST284,Books,Bank Transfer,1071.61,2
ORD2114,4/26/24 14:41,PROD159,CUST927,Toys,PayPal,1124.19,2
ORD2115,08-03-2024 19:02,PROD130,CUST161,Books,Credit Card,199.63,7
ORD2116,2/20/24 4:37,PROD189,CUST210,Home Appliances,Debit Card,1093.37,1
ORD2117,1/29/24 17:16,PROD16,CUST189,Fashion,Bank Transfer,136.07,4
ORD2118,05-09-2024 08:32,PROD114,CUST742,Electronics,Debit Card,777,9
ORD2119,4/16/24 8:38,PROD74,CUST434,Books,PayPal,698.27,2
ORD2120,01-01-2024 00:24,PROD69,CUST585,Toys,Credit Card,1426.9,3
ORD2121,8/21/24 20:33,PROD185,CUST142,Books,Debit Card,752.17,1
ORD2122,5/27/24 5:41,PROD64,CUST637,Home Appliances,Cash,1155.32,4
ORD2123,9/20/24 16:51,PROD17,CUST461,Electronics,Cash,1535.64,2
ORD2124,2/15/24 16:45,PROD97,CUST541,Electronics,PayPal,1991.38,5
ORD2125,3/26/24 7:40,PROD54,CUST139,Home Appliances,Bank Transfer,612.2,2
ORD2126,02-05-2024 19:18,PROD113,CUST966,Books,PayPal,1897.45,4
ORD2127,2/13/24 20:51,PROD1,CUST926,Electronics,Bank Transfer,1604.36,10
ORD2128,03-05-2024 19:39,PROD150,CUST365,Books,Debit Card,156.69,3
ORD2129,2/27/24 1:51,PROD109,CUST910,Home Appliances,Bank Transfer,368.66,5
ORD2130,07-12-2024 02:36,PROD25,CUST294,Books,Cash,734.57,1
ORD2131,7/30/24 18:16,PROD95,CUST48,Fashion,Debit Card,910.3,5
ORD2132,02-11-2024 05:25,PROD160,CUST595,Books,Cash,275.57,9
ORD2133,05-11-2024 22:00,PROD65,CUST376,Electronics,Bank Transfer,1365.97,5
ORD2134,9/30/24 3:25,PROD132,CUST271,Toys,Cash,99.65,5
ORD2135,10-07-2024 14:55,PROD31,CUST109,Books,Credit Card,322.55,7
ORD2136,6/22/24 15:49,PROD171,CUST624,Fashion,Debit Card,1726.07,5
ORD2137,2/13/24 19:21,PROD123,CUST720,Home Appliances,Credit Card,383.3,7
ORD2138,11-03-2024 21:21,PROD10,CUST963,Fashion,Debit Card,1229.52,1
ORD2139,09-07-2024 23:45,PROD180,CUST845,Books,Cash,1805.51,3
ORD2140,06-10-2024 21:38,PROD163,CUST918,Books,Debit Card,1072.21,4
ORD2141,03-06-2024 05:42,PROD195,CUST1000,Toys,PayPal,116.12,5
ORD2142,11-11-2024 01:21,PROD15,CUST231,Fashion,PayPal,767.79,6
ORD2143,9/22/24 2:20,PROD41,CUST216,Toys,PayPal,76.51,3
ORD2144,8/21/24 14:39,PROD177,CUST815,Books,PayPal,932.89,7
ORD2145,04-06-2024 02:45,PROD17,CUST664,Electronics,Debit Card,57.81,1
ORD2146,10/29/24 9:47,PROD37,CUST354,Toys,Credit Card,1229.3,10
ORD2147,8/16/24 21:00,PROD129,CUST916,Electronics,PayPal,1950.65,4
ORD2148,11-04-2024 23:00,PROD192,CUST96,Home Appliances,PayPal,1863.95,1
ORD2149,8/26/24 14:01,PROD128,CUST399,Home Appliances,Bank Transfer,730.21,8
ORD2150,5/28/24 9:29,PROD136,CUST407,Electronics,Bank Transfer,878.05,8
ORD2151,09-03-2024 07:05,PROD128,CUST456,Books,Cash,1054.59,5
ORD2152,6/19/24 12:05,PROD148,CUST287,Books,Cash,1972.89,10
ORD2153,02-04-2024 18:49,PROD158,CUST77,Electronics,Credit Card,1455.09,5
ORD2154,2/15/24 17:03,PROD180,CUST802,Fashion,Bank Transfer,811.7,5
ORD2155,10/18/24 17:37,PROD137,CUST825,Electronics,Bank Transfer,806.01,3
ORD2156,2/24/24 8:07,PROD179,CUST221,Toys,Debit Card,604.51,4
ORD2157,1/23/24 7:15,PROD173,CUST580,Home Appliances,Cash,1893.43,5
ORD2158,7/22/24 5:25,PROD57,CUST567,Books,Credit Card,856.78,7
ORD2159,10-08-2024 08:06,PROD136,CUST134,Toys,PayPal,1936.44,8
ORD2160,04-06-2024 19:32,PROD135,CUST703,Books,Debit Card,378.47,4
ORD2161,9/14/24 1:33,PROD68,CUST853,Books,Debit Card,414.65,2
ORD2162,10/14/24 12:45,PROD144,CUST946,Home Appliances,PayPal,335.77,8
ORD2163,06-08-2024 20:59,PROD30,CUST85,Fashion,Debit Card,1356.12,2
ORD2164,06-09-2024 04:56,PROD30,CUST949,Books,PayPal,1812.22,8
ORD2165,07-09-2024 21:32,PROD90,CUST693,Home Appliances,Cash,650.61,4
ORD2166,11-05-2024 17:53,PROD51,CUST581,Electronics,PayPal,1431.11,5
ORD2167,1/16/24 4:00,PROD30,CUST30,Home Appliances,Debit Card,1492.46,4
ORD2168,4/27/24 23:43,PROD88,CUST134,Toys,Cash,773.17,10
ORD2169,11/15/24 20:15,PROD145,CUST537,Electronics,Cash,824.98,8
ORD2170,09-04-2024 20:56,PROD33,CUST98,Home Appliances,Credit Card,239.37,5
ORD2171,10-11-2024 23:42,PROD27,CUST464,Electronics,Credit Card,50.09,5
ORD2172,06-03-2024 17:23,PROD17,CUST871,Fashion,Bank Transfer,1279.35,6
ORD2173,7/30/24 7:55,PROD119,CUST68,Home Appliances,Bank Transfer,1028.91,7
ORD2174,10/16/24 1:08,PROD20,CUST595,Fashion,Credit Card,1611.12,9
ORD2175,4/18/24 7:53,PROD133,CUST203,Home Appliances,Cash,137.78,2
ORD2176,1/17/24 17:49,PROD61,CUST796,Home Appliances,Credit Card,1497.64,5
ORD2177,6/26/24 23:46,PROD1,CUST267,Toys,Credit Card,1706.8,7
ORD2178,10/24/24 4:36,PROD93,CUST202,Books,Debit Card,1149.62,1
ORD2179,09-02-2024 21:07,PROD186,CUST244,Books,Credit Card,1858.11,3
ORD2180,08-10-2024 15:28,PROD122,CUST465,Home Appliances,PayPal,864.41,1
ORD2181,10/24/24 16:33,PROD185,CUST352,Home Appliances,Bank Transfer,1862.27,4
ORD2182,1/16/24 7:27,PROD164,CUST314,Toys,Bank Transfer,1372.26,5
ORD2183,7/22/24 7:11,PROD134,CUST442,Electronics,Credit Card,1657.25,4
ORD2184,1/22/24 7:17,PROD13,CUST863,Books,PayPal,1742.26,4
ORD2185,6/27/24 6:18,PROD129,CUST930,Fashion,Cash,1431.84,3
ORD2186,3/29/24 23:32,PROD30,CUST307,Toys,Bank Transfer,1029.7,7
ORD2187,08-01-2024 18:52,PROD143,CUST58,Toys,Cash,86.9,3
ORD2188,01-09-2024 22:35,PROD38,CUST284,Books,Cash,1602.91,8
ORD2189,06-10-2024 10:00,PROD182,CUST185,Toys,Bank Transfer,101.4,5
ORD2190,11-01-2024 19:17,PROD116,CUST733,Fashion,Debit Card,957.13,6
ORD2191,7/20/24 7:51,PROD197,CUST403,Home Appliances,Debit Card,1335.1,9
ORD2192,06-12-2024 14:11,PROD33,CUST799,Electronics,PayPal,1163.15,1
ORD2193,8/15/24 8:40,PROD141,CUST308,Home Appliances,Credit Card,732.69,5
ORD2194,10/31/24 7:28,PROD49,CUST232,Books,Bank Transfer,255.9,7
ORD2195,2/24/24 3:36,PROD111,CUST695,Home Appliances,Credit Card,1368.42,5
ORD2196,09-04-2024 21:41,PROD187,CUST959,Toys,PayPal,1364.76,1
ORD2197,1/18/24 17:51,PROD117,CUST893,Fashion,Bank Transfer,1034.35,3
ORD2198,01-06-2024 07:17,PROD108,CUST522,Home Appliances,PayPal,875.92,6
ORD2199,4/15/24 14:38,PROD25,CUST184,Toys,PayPal,179.65,1
ORD2200,02-05-2024 03:47,PROD53,CUST308,Home Appliances,PayPal,169.97,9
ORD2201,3/25/24 19:40,PROD104,CUST40,Books,PayPal,951.43,10
ORD2202,08-12-2024 17:58,PROD169,CUST546,Electronics,Debit Card,95.93,8
ORD2203,10/24/24 15:06,PROD54,CUST494,Toys,Debit Card,1270.95,5
ORD2204,9/13/24 14:10,PROD58,CUST456,Electronics,Debit Card,1382.29,9
ORD2205,08-07-2024 00:55,PROD93,CUST987,Toys,PayPal,915.9,7
ORD2206,03-08-2024 10:04,PROD174,CUST846,Home Appliances,Credit Card,1330.49,1
ORD2207,7/29/24 5:52,PROD82,CUST41,Toys,PayPal,1743.54,6
ORD2208,1/21/24 15:43,PROD54,CUST1000,Electronics,Cash,276.19,5
ORD2209,06-05-2024 16:25,PROD68,CUST762,Fashion,Bank Transfer,1141.46,8
ORD2210,11/15/24 15:35,PROD43,CUST162,Books,Bank Transfer,311.72,6
ORD2211,2/20/24 2:54,PROD94,CUST94,Electronics,Credit Card,551.6,6
ORD2212,01-05-2024 15:25,PROD2,CUST9,Books,Cash,807.97,7
ORD2213,2/15/24 4:12,PROD67,CUST904,Home Appliances,PayPal,1987.56,5
ORD2214,10/13/24 16:39,PROD8,CUST914,Home Appliances,Debit Card,1267.79,2
ORD2215,8/19/24 13:01,PROD16,CUST756,Books,PayPal,1347.61,3
ORD2216,04-06-2024 05:17,PROD123,CUST925,Electronics,Bank Transfer,1146.85,6
ORD2217,07-03-2024 01:28,PROD180,CUST783,Toys,Bank Transfer,1458.15,6
ORD2218,7/13/24 16:58,PROD195,CUST735,Fashion,Cash,1911.77,10
ORD2219,5/19/24 22:08,PROD153,CUST331,Fashion,Cash,1948.48,9
ORD2220,05-05-2024 14:42,PROD43,CUST310,Fashion,PayPal,326.71,5
ORD2221,10/22/24 18:50,PROD170,CUST220,Toys,Cash,488.35,5
ORD2222,4/29/24 18:37,PROD63,CUST133,Toys,Cash,1752.2,1
ORD2223,06-05-2024 20:05,PROD182,CUST291,Fashion,Debit Card,94.58,5
ORD2224,5/23/24 16:46,PROD153,CUST925,Books,PayPal,1546.18,3
ORD2225,8/15/24 16:01,PROD170,CUST333,Books,Bank Transfer,596.17,1
ORD2226,7/14/24 9:34,PROD19,CUST777,Home Appliances,PayPal,1155.65,9
ORD2227,11-01-2024 23:19,PROD115,CUST79,Fashion,Bank Transfer,1550.32,3
ORD2228,10/22/24 5:43,PROD101,CUST523,Books,Bank Transfer,1848.97,6
ORD2229,6/28/24 3:53,PROD110,CUST445,Home Appliances,Cash,1333.54,4
ORD2230,7/15/24 9:49,PROD170,CUST69,Toys,Debit Card,782.05,8
ORD2231,8/17/24 1:05,PROD70,CUST628,Home Appliances,Credit Card,420.1,1
ORD2232,8/15/24 8:12,PROD39,CUST912,Fashion,Cash,620.36,7
ORD2233,11-05-2024 05:16,PROD133,CUST751,Books,Debit Card,1538.07,10
ORD2234,9/29/24 21:30,PROD86,CUST829,Books,Bank Transfer,596.38,7
ORD2235,1/26/24 5:11,PROD8,CUST513,Books,Credit Card,1444.68,2
ORD2236,10/30/24 15:56,PROD182,CUST397,Electronics,Cash,299.25,2
ORD2237,9/27/24 17:44,PROD29,CUST221,Toys,Credit Card,937.98,3
ORD2238,04-02-2024 11:33,PROD85,CUST483,Fashion,Bank Transfer,622.3,5
ORD2239,7/17/24 7:46,PROD143,CUST303,Toys,Debit Card,128.99,10
ORD2240,01-02-2024 22:04,PROD18,CUST178,Books,PayPal,29.71,3
ORD2241,7/13/24 23:45,PROD155,CUST703,Books,Cash,20.1,2
ORD2242,7/23/24 22:11,PROD162,CUST564,Fashion,PayPal,34.05,8
ORD2243,08-03-2024 11:44,PROD136,CUST571,Books,PayPal,1853.78,8
ORD2244,10/18/24 14:09,PROD161,CUST112,Books,Credit Card,330.47,6
ORD2245,09-04-2024 05:40,PROD147,CUST257,Fashion,PayPal,1039.59,7
ORD2246,7/13/24 13:54,PROD22,CUST610,Books,Debit Card,24.46,10
ORD2247,4/24/24 20:40,PROD153,CUST45,Fashion,Cash,844.92,8
ORD2248,06-07-2024 06:34,PROD175,CUST930,Electronics,Credit Card,938.97,3
ORD2249,8/23/24 15:49,PROD90,CUST377,Fashion,Debit Card,788.96,2
ORD2250,2/27/24 2:08,PROD147,CUST858,Home Appliances,Bank Transfer,1311.87,7
ORD2251,10/29/24 13:00,PROD34,CUST473,Toys,Debit Card,488.15,9
ORD2252,03-03-2024 13:28,PROD120,CUST161,Toys,Bank Transfer,735.08,8
ORD2253,04-08-2024 06:39,PROD194,CUST140,Fashion,PayPal,1662.27,3
ORD2254,3/29/24 6:38,PROD18,CUST882,Fashion,Debit Card,1901.99,2
ORD2255,10-05-2024 02:22,PROD139,CUST660,Home Appliances,Cash,932.36,8
ORD2256,8/22/24 5:43,PROD81,CUST632,Fashion,Bank Transfer,904.24,10
ORD2257,6/23/24 2:08,PROD135,CUST481,Electronics,Bank Transfer,1607.38,9
ORD2258,06-05-2024 22:52,PROD50,CUST864,Toys,Bank Transfer,1197.78,6
ORD2259,11/17/24 4:07,PROD83,CUST629,Books,Cash,1162.9,4
ORD2260,1/28/24 18:18,PROD74,CUST138,Electronics,PayPal,635.69,7
ORD2261,2/26/24 23:00,PROD96,CUST492,Toys,Debit Card,658.83,1
ORD2262,04-04-2024 11:01,PROD170,CUST832,Electronics,Credit Card,951.59,1
ORD2263,11/15/24 8:56,PROD118,CUST676,Books,Cash,717.13,4
ORD2264,10/25/24 12:04,PROD88,CUST494,Fashion,PayPal,644.19,2
ORD2265,5/29/24 1:45,PROD54,CUST937,Electronics,Cash,136.94,6
ORD2266,3/18/24 14:05,PROD73,CUST533,Toys,Debit Card,1353.67,4
ORD2267,9/17/24 2:13,PROD187,CUST657,Electronics,Bank Transfer,1852.02,9
ORD2268,8/26/24 13:43,PROD71,CUST455,Books,Credit Card,1339.42,2
ORD2269,4/28/24 17:16,PROD57,CUST115,Electronics,Credit Card,35.58,7
ORD2270,4/23/24 20:42,PROD189,CUST415,Fashion,PayPal,956.49,6
ORD2271,2/18/24 18:27,PROD177,CUST667,Books,PayPal,1358.03,7
ORD2272,2/19/24 6:41,PROD98,CUST750,Home Appliances,PayPal,1589.74,1
ORD2273,05-07-2024 18:50,PROD102,CUST432,Toys,Credit Card,1416.64,2
ORD2274,7/28/24 2:27,PROD82,CUST745,Fashion,PayPal,104.86,5
ORD2275,3/28/24 5:29,PROD171,CUST336,Electronics,Bank Transfer,1102.07,4
ORD2276,6/26/24 13:06,PROD130,CUST968,Home Appliances,Cash,778.67,10
ORD2277,10/31/24 19:02,PROD164,CUST53,Fashion,Cash,566.09,5
ORD2278,4/15/24 12:27,PROD57,CUST482,Electronics,Debit Card,1364.86,8
ORD2279,3/22/24 11:57,PROD160,CUST543,Toys,Credit Card,965.73,8
ORD2280,1/13/24 13:58,PROD52,CUST101,Home Appliances,Cash,891.66,8
ORD2281,09-03-2024 18:31,PROD86,CUST722,Electronics,Credit Card,1442.85,6
ORD2282,04-01-2024 12:52,PROD40,CUST413,Electronics,PayPal,595.93,8
ORD2283,1/31/24 16:33,PROD53,CUST610,Electronics,Credit Card,1709.36,2
ORD2284,04-11-2024 20:42,PROD112,CUST589,Fashion,Cash,992.96,3
ORD2285,04-07-2024 23:51,PROD70,CUST859,Home Appliances,Debit Card,1213.51,8
ORD2286,6/15/24 13:44,PROD62,CUST231,Home Appliances,Credit Card,1879.19,2
ORD2287,09-11-2024 22:22,PROD52,CUST153,Fashion,Debit Card,1249.8,8
ORD2288,08-10-2024 22:04,PROD93,CUST714,Fashion,PayPal,282.05,6
ORD2289,04-03-2024 03:30,PROD26,CUST674,Home Appliances,Cash,1649.43,3
ORD2290,2/28/24 15:42,PROD83,CUST123,Home Appliances,Cash,1335.13,10
ORD2291,2/24/24 13:54,PROD44,CUST298,Books,Debit Card,475.44,10
ORD2292,9/30/24 8:35,PROD185,CUST863,Home Appliances,Credit Card,1393.42,10
ORD2293,02-04-2024 17:05,PROD30,CUST897,Books,Bank Transfer,884.25,1
ORD2294,3/16/24 0:19,PROD163,CUST93,Toys,Bank Transfer,647.59,2
ORD2295,10/17/24 18:01,PROD20,CUST429,Fashion,PayPal,562.64,8
ORD2296,7/15/24 6:00,PROD89,CUST124,Home Appliances,Debit Card,947.53,8
ORD2297,5/17/24 11:14,PROD165,CUST771,Toys,PayPal,336.62,7
ORD2298,1/15/24 17:33,PROD38,CUST135,Toys,PayPal,705.84,1
ORD2299,4/22/24 11:14,PROD134,CUST566,Books,Bank Transfer,1695.89,3
ORD2300,5/29/24 2:54,PROD63,CUST950,Electronics,Credit Card,256.04,7
ORD2301,9/26/24 15:36,PROD31,CUST401,Home Appliances,Credit Card,342.3,7
ORD2302,01-01-2024 04:37,PROD150,CUST448,Home Appliances,Credit Card,1849.32,7
ORD2303,8/16/24 4:51,PROD191,CUST675,Toys,PayPal,1534.32,3
ORD2304,4/14/24 11:31,PROD49,CUST74,Fashion,Cash,498.06,1
ORD2305,9/15/24 7:45,PROD159,CUST537,Fashion,Bank Transfer,353.12,7
ORD2306,11-02-2024 23:56,PROD4,CUST117,Home Appliances,Cash,829,3
ORD2307,02-09-2024 06:12,PROD96,CUST773,Fashion,PayPal,497.66,3
ORD2308,6/20/24 19:33,PROD44,CUST220,Books,Bank Transfer,920.05,10
ORD2309,4/15/24 7:39,PROD141,CUST157,Fashion,Cash,1432.74,6
ORD2310,04-02-2024 01:20,PROD186,CUST784,Electronics,Credit Card,69.53,5
ORD2311,01-10-2024 02:49,PROD29,CUST578,Electronics,Bank Transfer,1318.47,5
ORD2312,9/26/24 12:02,PROD45,CUST543,Toys,PayPal,1747.1,2
ORD2313,09-07-2024 18:21,PROD121,CUST685,Books,Bank Transfer,110.6,5
ORD2314,4/18/24 11:56,PROD181,CUST538,Books,PayPal,614.43,2
ORD2315,5/18/24 8:04,PROD2,CUST438,Fashion,Cash,1181.11,3
ORD2316,01-01-2024 20:48,PROD116,CUST493,Books,Credit Card,1684.14,3
ORD2317,03-08-2024 04:35,PROD92,CUST327,Home Appliances,Credit Card,1022.12,8
ORD2318,6/14/24 3:13,PROD10,CUST334,Fashion,Debit Card,1309.76,9
ORD2319,5/26/24 16:04,PROD72,CUST476,Home Appliances,Bank Transfer,742.48,1
ORD2320,01-02-2024 00:22,PROD20,CUST611,Toys,PayPal,741.68,6
ORD2321,1/15/24 18:00,PROD105,CUST556,Books,PayPal,1002.84,3
ORD2322,3/23/24 3:57,PROD121,CUST779,Electronics,Debit Card,1383.08,1
ORD2323,01-09-2024 21:26,PROD56,CUST157,Fashion,Debit Card,1102.29,5
ORD2324,1/27/24 14:43,PROD69,CUST915,Toys,Bank Transfer,1793.85,3
ORD2325,7/17/24 22:20,PROD6,CUST800,Books,Debit Card,1967.82,3
ORD2326,6/27/24 5:25,PROD10,CUST952,Fashion,PayPal,51.33,8
ORD2327,10/24/24 21:16,PROD109,CUST740,Home Appliances,Credit Card,659.28,2
ORD2328,07-10-2024 11:11,PROD45,CUST910,Toys,Debit Card,1640.38,4
ORD2329,05-08-2024 10:09,PROD12,CUST408,Home Appliances,Debit Card,1118.54,8
ORD2330,09-08-2024 07:07,PROD97,CUST320,Fashion,Credit Card,920.23,8
ORD2331,2/13/24 13:06,PROD54,CUST60,Books,PayPal,239.71,8
ORD2332,4/17/24 6:47,PROD146,CUST696,Books,Debit Card,1722.06,5
ORD2333,10/25/24 4:51,PROD149,CUST64,Books,PayPal,1478.46,9
ORD2334,05-01-2024 13:54,PROD158,CUST750,Fashion,Credit Card,62.21,10
ORD2335,9/24/24 9:50,PROD186,CUST690,Books,Cash,53.7,3
ORD2336,7/20/24 0:52,PROD95,CUST645,Books,Credit Card,1578.97,5
ORD2337,07-07-2024 22:20,PROD141,CUST926,Books,Bank Transfer,144.83,2
ORD2338,10/17/24 4:28,PROD153,CUST635,Home Appliances,Bank Transfer,964.86,8
ORD2339,08-03-2024 21:05,PROD136,CUST946,Electronics,Credit Card,274.8,6
ORD2340,2/24/24 0:30,PROD167,CUST728,Fashion,Cash,908.93,7
ORD2341,2/23/24 11:08,PROD99,CUST82,Fashion,Credit Card,356.38,3
ORD2342,03-01-2024 20:29,PROD183,CUST459,Toys,Debit Card,1849.47,4
ORD2343,10-05-2024 16:33,PROD121,CUST139,Electronics,PayPal,83.95,3
ORD2344,10/28/24 10:15,PROD64,CUST818,Toys,Cash,415.26,4
ORD2345,6/28/24 13:04,PROD183,CUST760,Toys,Bank Transfer,481.93,9
ORD2346,04-07-2024 03:37,PROD64,CUST473,Toys,PayPal,434.09,7
ORD2347,02-09-2024 12:20,PROD144,CUST525,Toys,Debit Card,1104.54,5
ORD2348,1/24/24 12:02,PROD97,CUST600,Toys,Credit Card,328.22,2
ORD2349,01-01-2024 05:55,PROD29,CUST731,Electronics,Cash,22.18,2
ORD2350,7/27/24 23:09,PROD130,CUST920,Fashion,PayPal,360.6,9
ORD2351,06-12-2024 20:54,PROD34,CUST553,Books,PayPal,1072.61,4
ORD2352,10/13/24 5:03,PROD171,CUST311,Home Appliances,Credit Card,1548.43,2
ORD2353,3/26/24 8:30,PROD152,CUST964,Home Appliances,Credit Card,1352.31,4
ORD2354,05-11-2024 15:44,PROD80,CUST905,Home Appliances,Bank Transfer,947.69,4
ORD2355,8/23/24 11:09,PROD159,CUST230,Toys,Debit Card,994.68,2
ORD2356,9/13/24 1:24,PROD122,CUST173,Fashion,Cash,1380.1,6
ORD2357,9/24/24 7:30,PROD31,CUST107,Electronics,Bank Transfer,674.88,10
ORD2358,08-02-2024 11:25,PROD134,CUST270,Fashion,Debit Card,417.5,8
ORD2359,8/30/24 9:53,PROD188,CUST902,Toys,Bank Transfer,454.56,2
ORD2360,8/13/24 17:16,PROD190,CUST470,Fashion,Debit Card,1642.96,5
ORD2361,11/14/24 1:28,PROD6,CUST630,Toys,Debit Card,599.06,8
ORD2362,10-10-2024 17:44,PROD146,CUST427,Toys,Credit Card,693.89,2
ORD2363,4/21/24 14:01,PROD79,CUST395,Home Appliances,Credit Card,304.96,9
ORD2364,11-07-2024 02:22,PROD158,CUST902,Electronics,Credit Card,1810.82,9
ORD2365,1/13/24 4:59,PROD56,CUST635,Electronics,Bank Transfer,1837.27,1
ORD2366,11-09-2024 01:04,PROD160,CUST161,Books,PayPal,875.58,7
ORD2367,05-08-2024 18:38,PROD27,CUST670,Home Appliances,PayPal,1111.21,10
ORD2368,10/23/24 0:53,PROD65,CUST214,Home Appliances,Credit Card,404.43,1
ORD2369,4/17/24 7:46,PROD153,CUST894,Electronics,PayPal,780.53,3
ORD2370,08-06-2024 04:09,PROD73,CUST599,Fashion,Credit Card,1715.19,4
ORD2371,9/18/24 11:40,PROD61,CUST105,Toys,Cash,973.88,5
ORD2372,1/29/24 14:38,PROD131,CUST781,Books,Debit Card,1346.37,7
ORD2373,11-03-2024 05:55,PROD44,CUST503,Home Appliances,PayPal,168.86,5
ORD2374,7/17/24 11:48,PROD150,CUST653,Home Appliances,Credit Card,971.93,7
ORD2375,7/13/24 2:40,PROD49,CUST998,Books,PayPal,1666.51,10
ORD2376,8/13/24 6:54,PROD105,CUST390,Toys,PayPal,1093.39,1
ORD2377,02-02-2024 19:29,PROD28,CUST710,Home Appliances,Bank Transfer,1822.81,6
ORD2378,05-07-2024 06:26,PROD14,CUST445,Fashion,PayPal,308.67,8
ORD2379,09-10-2024 15:09,PROD108,CUST779,Home Appliances,Cash,1622.2,3
ORD2380,09-07-2024 09:40,PROD42,CUST603,Toys,Cash,48.96,8
ORD2381,07-08-2024 11:01,PROD101,CUST268,Electronics,PayPal,225.91,5
ORD2382,2/21/24 4:10,PROD138,CUST320,Home Appliances,Cash,1020.89,1
ORD2383,1/24/24 18:54,PROD94,CUST186,Electronics,Bank Transfer,1630.93,3
ORD2384,6/24/24 21:21,PROD35,CUST586,Electronics,Cash,658.95,1
ORD2385,3/23/24 10:00,PROD21,CUST615,Home Appliances,PayPal,886.39,7
ORD2386,09-02-2024 03:24,PROD99,CUST62,Electronics,Debit Card,764.44,10
ORD2387,6/19/24 1:40,PROD55,CUST776,Fashion,Bank Transfer,1795.99,6
ORD2388,8/30/24 10:27,PROD79,CUST155,Books,Debit Card,1158.86,9
ORD2389,3/30/24 0:24,PROD77,CUST997,Home Appliances,PayPal,83.08,10
ORD2390,8/26/24 7:14,PROD5,CUST123,Toys,Bank Transfer,1724.59,10
ORD2391,2/20/24 4:24,PROD166,CUST337,Books,Cash,827.58,4
ORD2392,01-06-2024 05:27,PROD110,CUST480,Fashion,PayPal,770.39,2
ORD2393,06-06-2024 07:29,PROD182,CUST371,Fashion,Cash,1133.9,2
ORD2394,9/25/24 11:47,PROD21,CUST232,Electronics,Debit Card,1536.1,9
ORD2395,6/26/24 7:35,PROD174,CUST229,Fashion,Bank Transfer,57.74,6
ORD2396,01-12-2024 22:53,PROD138,CUST117,Electronics,Bank Transfer,1483.68,2
ORD2397,05-11-2024 05:39,PROD101,CUST140,Home Appliances,Debit Card,1897.71,6
ORD2398,05-06-2024 19:24,PROD23,CUST955,Toys,Bank Transfer,1626.16,2
ORD2399,3/18/24 3:34,PROD187,CUST404,Electronics,Cash,1259.29,6
ORD2400,2/27/24 20:53,PROD50,CUST550,Toys,Bank Transfer,1693,9
ORD2401,03-10-2024 01:56,PROD1,CUST821,Home Appliances,Debit Card,438.81,2
ORD2402,5/24/24 6:17,PROD200,CUST175,Toys,Bank Transfer,627.27,6
ORD2403,5/29/24 1:06,PROD170,CUST771,Toys,Credit Card,1103.22,3
ORD2404,1/27/24 6:49,PROD88,CUST654,Books,Debit Card,1720.96,4
ORD2405,08-08-2024 15:37,PROD158,CUST834,Home Appliances,Credit Card,885.65,3
ORD2406,8/14/24 8:05,PROD57,CUST557,Fashion,PayPal,1360.75,6
ORD2407,01-10-2024 10:15,PROD138,CUST482,Books,Cash,1769.18,6
ORD2408,08-04-2024 22:21,PROD93,CUST849,Books,Cash,1162.5,3
ORD2409,10/31/24 15:57,PROD74,CUST730,Electronics,PayPal,1336.99,9
ORD2410,2/29/24 3:00,PROD83,CUST73,Toys,Credit Card,835.74,2
ORD2411,1/27/24 9:38,PROD64,CUST450,Electronics,Bank Transfer,645.43,9
ORD2412,5/19/24 2:35,PROD108,CUST491,Toys,PayPal,175.4,3
ORD2413,8/29/24 6:07,PROD83,CUST843,Electronics,Debit Card,1391.04,10
ORD2414,07-06-2024 20:24,PROD69,CUST684,Books,Debit Card,1482.22,3
ORD2415,8/14/24 23:53,PROD119,CUST846,Books,Credit Card,851.14,3
ORD2416,10-09-2024 07:30,PROD110,CUST521,Electronics,Credit Card,594.36,9
ORD2417,4/14/24 3:31,PROD37,CUST638,Home Appliances,PayPal,521.5,10
ORD2418,7/30/24 5:29,PROD197,CUST322,Electronics,Credit Card,1472.89,7
ORD2419,5/23/24 7:17,PROD62,CUST285,Home Appliances,Cash,138.35,4
ORD2420,2/13/24 14:20,PROD99,CUST809,Home Appliances,Cash,442,2
ORD2421,6/26/24 19:48,PROD105,CUST865,Fashion,Debit Card,954.79,6
ORD2422,9/14/24 17:15,PROD92,CUST727,Toys,PayPal,172.1,1
ORD2423,3/22/24 1:06,PROD138,CUST703,Toys,Credit Card,1459.5,10
ORD2424,8/23/24 21:21,PROD24,CUST181,Home Appliances,Bank Transfer,1223.48,1
ORD2425,07-10-2024 03:34,PROD23,CUST288,Books,Credit Card,896.57,2
ORD2426,10-03-2024 15:16,PROD108,CUST584,Home Appliances,Bank Transfer,1643.57,10
ORD2427,2/16/24 7:57,PROD101,CUST910,Fashion,Cash,422.55,4
ORD2428,2/25/24 20:16,PROD52,CUST135,Books,Debit Card,1004.8,6
ORD2429,04-07-2024 01:21,PROD70,CUST416,Home Appliances,Cash,823.8,3
ORD2430,08-08-2024 05:16,PROD50,CUST52,Toys,Bank Transfer,318.97,10
ORD2431,8/26/24 21:16,PROD120,CUST466,Fashion,PayPal,1083.72,7
ORD2432,08-04-2024 00:10,PROD76,CUST915,Home Appliances,Credit Card,1610.62,1
ORD2433,05-07-2024 08:26,PROD86,CUST442,Toys,Credit Card,175.31,1
ORD2434,8/13/24 1:55,PROD74,CUST24,Home Appliances,Cash,1876.46,2
ORD2435,6/18/24 5:38,PROD181,CUST485,Toys,Credit Card,659.58,9
ORD2436,09-02-2024 09:14,PROD36,CUST971,Books,Debit Card,1559.86,3
ORD2437,3/25/24 20:17,PROD71,CUST130,Fashion,PayPal,1981.81,10
ORD2438,4/29/24 14:58,PROD18,CUST660,Books,Bank Transfer,646.15,5
ORD2439,4/17/24 21:31,PROD37,CUST585,Electronics,PayPal,1090.78,3
ORD2440,6/28/24 13:03,PROD104,CUST8,Electronics,Cash,1225.47,1
ORD2441,3/29/24 17:59,PROD35,CUST560,Electronics,Bank Transfer,1649.35,4
ORD2442,9/23/24 16:24,PROD85,CUST816,Fashion,Debit Card,324.22,9
ORD2443,8/28/24 4:11,PROD183,CUST634,Home Appliances,Debit Card,188.96,3
ORD2444,04-12-2024 07:43,PROD191,CUST74,Books,PayPal,1883.69,8
ORD2445,03-01-2024 08:02,PROD129,CUST308,Books,PayPal,732,7
ORD2446,5/16/24 20:58,PROD87,CUST165,Fashion,PayPal,1418.93,2
ORD2447,5/28/24 7:41,PROD45,CUST432,Electronics,Debit Card,858.4,4
ORD2448,10-08-2024 05:18,PROD25,CUST782,Home Appliances,Cash,1781.81,1
ORD2449,4/26/24 16:05,PROD92,CUST444,Home Appliances,PayPal,597.58,1
ORD2450,3/14/24 9:08,PROD137,CUST989,Books,PayPal,1057.24,4
ORD2451,10/27/24 0:52,PROD67,CUST376,Electronics,Bank Transfer,1268.3,1
ORD2452,06-02-2024 21:01,PROD11,CUST150,Fashion,Debit Card,1158.04,4
ORD2453,6/20/24 14:31,PROD86,CUST251,Books,Debit Card,1833.5,5
ORD2454,8/13/24 21:45,PROD96,CUST209,Home Appliances,Cash,1245.15,2
ORD2455,2/18/24 11:48,PROD136,CUST567,Electronics,Credit Card,1947.04,4
ORD2456,04-09-2024 13:22,PROD105,CUST449,Home Appliances,Bank Transfer,557.54,8
ORD2457,7/17/24 18:58,PROD170,CUST285,Toys,PayPal,928.78,5
ORD2458,4/13/24 8:04,PROD146,CUST743,Fashion,Bank Transfer,101.58,8
ORD2459,09-04-2024 11:35,PROD91,CUST815,Toys,Bank Transfer,1969.14,8
ORD2460,8/18/24 23:13,PROD116,CUST192,Electronics,Cash,1464.29,7
ORD2461,3/26/24 13:30,PROD172,CUST810,Home Appliances,Cash,1846.46,6
ORD2462,02-12-2024 17:59,PROD40,CUST854,Fashion,Cash,324.41,7
ORD2463,5/30/24 23:19,PROD79,CUST124,Home Appliances,Credit Card,1318.37,1
ORD2464,01-05-2024 17:27,PROD136,CUST662,Books,Credit Card,1599.69,9
ORD2465,3/23/24 20:50,PROD5,CUST37,Toys,PayPal,502.55,6
ORD2466,1/19/24 22:20,PROD90,CUST523,Electronics,Debit Card,1258.92,5
ORD2467,03-08-2024 22:04,PROD63,CUST708,Toys,PayPal,1857.45,6
ORD2468,07-07-2024 09:17,PROD79,CUST554,Electronics,Bank Transfer,81.85,5
ORD2469,1/19/24 12:45,PROD136,CUST304,Electronics,Cash,1202.63,8
ORD2470,07-05-2024 11:25,PROD72,CUST960,Toys,Credit Card,163.41,3
ORD2471,02-09-2024 07:18,PROD108,CUST459,Fashion,Debit Card,1490.05,5
ORD2472,3/31/24 0:16,PROD9,CUST912,Fashion,PayPal,789.54,1
ORD2473,10/18/24 1:07,PROD52,CUST627,Home Appliances,Credit Card,869.69,5
ORD2474,10/31/24 19:54,PROD36,CUST658,Books,Cash,1036.48,8
ORD2475,1/24/24 9:18,PROD185,CUST259,Toys,PayPal,1070.52,5
ORD2476,10-10-2024 03:32,PROD114,CUST570,Books,Bank Transfer,1807.56,10
ORD2477,09-12-2024 05:09,PROD53,CUST587,Fashion,Debit Card,1975.67,9
ORD2478,07-09-2024 02:43,PROD171,CUST120,Home Appliances,Cash,1425.04,10
ORD2479,2/26/24 18:26,PROD194,CUST829,Toys,Credit Card,1217.83,3
ORD2480,1/29/24 12:55,PROD49,CUST26,Books,Debit Card,1523.96,7
ORD2481,9/13/24 2:52,PROD162,CUST208,Fashion,PayPal,1497.92,4
ORD2482,2/21/24 12:23,PROD200,CUST238,Home Appliances,Credit Card,1566.97,8
ORD2483,04-02-2024 20:11,PROD15,CUST622,Home Appliances,Cash,1485.69,8
ORD2484,08-07-2024 08:45,PROD37,CUST21,Books,PayPal,1018.77,2
ORD2485,11-08-2024 05:16,PROD53,CUST233,Electronics,Cash,1060.86,1
ORD2486,3/29/24 16:50,PROD149,CUST820,Toys,Bank Transfer,295.41,4
ORD2487,01-04-2024 05:22,PROD7,CUST891,Home Appliances,Cash,756.03,7
ORD2488,4/28/24 4:26,PROD38,CUST447,Books,Bank Transfer,55.53,6
ORD2489,3/23/24 9:57,PROD89,CUST11,Books,Credit Card,640.03,10
ORD2490,1/28/24 1:54,PROD107,CUST250,Home Appliances,Bank Transfer,1301.37,6
ORD2491,3/23/24 1:12,PROD199,CUST824,Fashion,Bank Transfer,368.33,3
ORD2492,4/18/24 16:08,PROD61,CUST96,Home Appliances,Cash,1914.8,2
ORD2493,2/13/24 2:58,PROD200,CUST508,Electronics,Cash,1377.21,10
ORD2494,06-04-2024 00:14,PROD49,CUST401,Fashion,Bank Transfer,614.36,6
ORD2495,06-05-2024 20:59,PROD100,CUST405,Electronics,Debit Card,998.57,8
ORD2496,3/22/24 2:28,PROD149,CUST53,Fashion,Bank Transfer,838.39,3
ORD2497,10/23/24 1:56,PROD167,CUST941,Books,PayPal,1107.23,4
ORD2498,03-02-2024 09:39,PROD85,CUST914,Toys,Cash,305.33,10
ORD2499,08-03-2024 23:50,PROD164,CUST367,Toys,PayPal,980.2,5
ORD2500,01-04-2024 09:28,PROD177,CUST542,Books,PayPal,1867.81,1
ORD2501,4/23/24 4:58,PROD60,CUST526,Books,Bank Transfer,1275.76,8
ORD2502,9/13/24 7:56,PROD132,CUST316,Fashion,PayPal,1488.7,10
ORD2503,10-05-2024 07:48,PROD195,CUST218,Home Appliances,Bank Transfer,1651.05,10
ORD2504,1/28/24 23:23,PROD6,CUST965,Toys,Cash,1646.07,1
ORD2505,04-03-2024 15:04,PROD95,CUST993,Toys,PayPal,339.39,10
ORD2506,7/27/24 0:35,PROD167,CUST314,Fashion,PayPal,1412.66,1
ORD2507,03-05-2024 15:03,PROD114,CUST251,Toys,Debit Card,1158.04,4
ORD2508,10/28/24 7:54,PROD44,CUST686,Books,Debit Card,244.55,9
ORD2509,5/25/24 23:59,PROD173,CUST489,Electronics,Credit Card,1053.06,4
ORD2510,3/29/24 10:25,PROD35,CUST906,Fashion,Bank Transfer,436.33,9
ORD2511,06-12-2024 10:55,PROD70,CUST147,Electronics,Credit Card,520.49,7
ORD2512,10/14/24 23:30,PROD32,CUST818,Home Appliances,PayPal,956.79,8
ORD2513,1/29/24 6:32,PROD81,CUST857,Home Appliances,Debit Card,983.33,3
ORD2514,11/14/24 9:30,PROD176,CUST156,Electronics,Debit Card,557.38,10
ORD2515,1/30/24 20:01,PROD47,CUST246,Books,Bank Transfer,531.49,10
ORD2516,05-08-2024 03:07,PROD80,CUST221,Home Appliances,Debit Card,1664.19,10
ORD2517,05-03-2024 01:24,PROD46,CUST698,Toys,Debit Card,572.97,7
ORD2518,10/25/24 15:33,PROD86,CUST643,Toys,Debit Card,1409.84,5
ORD2519,4/22/24 23:23,PROD95,CUST677,Toys,Cash,1120.32,6
ORD2520,11-04-2024 12:25,PROD18,CUST161,Electronics,Bank Transfer,848.03,10
ORD2521,07-12-2024 12:37,PROD132,CUST623,Books,Cash,128.32,7
ORD2522,3/18/24 8:26,PROD199,CUST896,Fashion,Bank Transfer,1364.53,5
ORD2523,07-02-2024 06:40,PROD46,CUST974,Electronics,Bank Transfer,1717.69,2
ORD2524,4/13/24 14:30,PROD93,CUST131,Electronics,Credit Card,247.19,5
ORD2525,11-01-2024 11:39,PROD156,CUST71,Books,Cash,1118.03,9
ORD2526,9/13/24 4:42,PROD120,CUST7,Toys,Credit Card,1508.8,3
ORD2527,5/29/24 1:45,PROD38,CUST955,Home Appliances,Bank Transfer,1540.94,9
ORD2528,7/23/24 22:44,PROD124,CUST920,Electronics,Cash,1580.02,8
ORD2529,2/27/24 13:09,PROD109,CUST368,Home Appliances,PayPal,1328.42,3
ORD2530,5/14/24 13:40,PROD145,CUST513,Electronics,PayPal,446.3,6
ORD2531,11-09-2024 00:57,PROD43,CUST403,Fashion,PayPal,697.91,5
ORD2532,10/13/24 17:15,PROD17,CUST601,Electronics,PayPal,1376.03,10
ORD2533,05-03-2024 19:02,PROD61,CUST728,Toys,Debit Card,1523.84,9
ORD2534,04-02-2024 20:38,PROD61,CUST93,Toys,PayPal,895.59,8
ORD2535,8/25/24 0:32,PROD67,CUST329,Electronics,Bank Transfer,1783.95,8
ORD2536,4/27/24 23:57,PROD128,CUST379,Home Appliances,Credit Card,111.78,6
ORD2537,06-03-2024 13:36,PROD142,CUST73,Electronics,Debit Card,1804.42,2
ORD2538,8/23/24 10:11,PROD116,CUST681,Home Appliances,Debit Card,382.83,5
ORD2539,6/27/24 22:38,PROD173,CUST663,Fashion,PayPal,754.93,1
ORD2540,02-05-2024 23:06,PROD162,CUST745,Books,Debit Card,413.15,10
ORD2541,04-07-2024 01:02,PROD70,CUST589,Books,Bank Transfer,904.28,5
ORD2542,5/19/24 20:52,PROD118,CUST562,Books,Credit Card,1618.85,1
ORD2543,4/19/24 22:48,PROD173,CUST127,Fashion,Bank Transfer,350.86,10
ORD2544,8/16/24 15:06,PROD13,CUST233,Books,Cash,924.08,5
ORD2545,06-02-2024 16:26,PROD39,CUST889,Toys,Bank Transfer,701.98,4
ORD2546,2/23/24 6:29,PROD106,CUST983,Toys,Cash,1789.27,1
ORD2547,2/21/24 15:30,PROD179,CUST239,Toys,Debit Card,792.97,2
ORD2548,03-04-2024 11:06,PROD56,CUST101,Home Appliances,Cash,1152.51,10
ORD2549,6/27/24 17:30,PROD92,CUST113,Fashion,PayPal,1127.17,6
ORD2550,5/30/24 3:56,PROD1,CUST36,Electronics,Debit Card,1341.99,10
ORD2551,8/26/24 16:02,PROD172,CUST754,Home Appliances,Bank Transfer,656.96,9
ORD2552,7/19/24 0:34,PROD36,CUST310,Electronics,Cash,1455.14,7
ORD2553,6/15/24 10:10,PROD21,CUST342,Electronics,Debit Card,228.65,9
ORD2554,7/29/24 14:49,PROD51,CUST134,Electronics,PayPal,126.43,5
ORD2555,2/21/24 14:44,PROD15,CUST627,Books,Cash,581.59,6
ORD2556,9/22/24 18:24,PROD49,CUST737,Home Appliances,PayPal,1938.77,2
ORD2557,7/26/24 10:55,PROD40,CUST885,Toys,Credit Card,903.28,4
ORD2558,5/31/24 9:48,PROD160,CUST729,Books,Credit Card,1564.31,10
ORD2559,1/22/24 11:31,PROD19,CUST770,Fashion,PayPal,1634.59,5
ORD2560,03-03-2024 04:53,PROD53,CUST113,Home Appliances,Bank Transfer,1572.53,3
ORD2561,7/30/24 9:34,PROD66,CUST517,Fashion,Bank Transfer,536.63,7
ORD2562,8/27/24 3:00,PROD128,CUST989,Fashion,Cash,918.9,6
ORD2563,1/20/24 21:49,PROD139,CUST331,Home Appliances,Debit Card,1261.99,7
ORD2564,7/22/24 10:20,PROD21,CUST922,Toys,Bank Transfer,1486.17,1
ORD2565,2/29/24 19:15,PROD14,CUST399,Electronics,Debit Card,303.66,4
ORD2566,4/23/24 11:37,PROD89,CUST74,Books,Debit Card,1410.34,10
ORD2567,01-08-2024 02:41,PROD21,CUST599,Toys,Cash,1873.01,5
ORD2568,01-11-2024 07:29,PROD182,CUST376,Electronics,Credit Card,1450.49,3
ORD2569,05-02-2024 14:47,PROD175,CUST318,Electronics,Debit Card,656.48,2
ORD2570,10/16/24 10:49,PROD37,CUST99,Electronics,Credit Card,1627.86,3
ORD2571,4/25/24 12:38,PROD147,CUST723,Books,Debit Card,803.61,5
ORD2572,1/17/24 17:07,PROD60,CUST576,Toys,Cash,876.45,7
ORD2573,07-09-2024 04:08,PROD82,CUST660,Home Appliances,Bank Transfer,478.75,10
ORD2574,7/28/24 23:22,PROD42,CUST319,Books,Debit Card,482.66,7
ORD2575,1/28/24 12:44,PROD47,CUST374,Electronics,Bank Transfer,989.08,1
ORD2576,5/24/24 4:19,PROD9,CUST942,Home Appliances,PayPal,994.21,1
ORD2577,05-11-2024 11:20,PROD174,CUST390,Electronics,PayPal,1868.21,4
ORD2578,9/25/24 15:57,PROD159,CUST912,Toys,PayPal,1047.92,6
ORD2579,09-02-2024 05:43,PROD24,CUST828,Toys,Credit Card,1641.53,10
ORD2580,03-05-2024 15:33,PROD78,CUST451,Toys,Cash,1104.52,8
ORD2581,01-09-2024 19:04,PROD142,CUST376,Toys,Debit Card,1547.77,10
ORD2582,2/19/24 7:44,PROD70,CUST721,Fashion,Credit Card,822.22,9
ORD2583,6/19/24 21:26,PROD118,CUST918,Fashion,Cash,185.03,10
ORD2584,04-02-2024 08:14,PROD83,CUST326,Electronics,Credit Card,546.18,4
ORD2585,1/28/24 6:41,PROD182,CUST351,Home Appliances,Cash,160.35,8
ORD2586,3/17/24 7:25,PROD129,CUST283,Books,Bank Transfer,975.06,8
ORD2587,01-07-2024 00:19,PROD21,CUST882,Fashion,Credit Card,540.48,9
ORD2588,8/23/24 19:23,PROD3,CUST138,Fashion,Debit Card,1031.86,5
ORD2589,10/28/24 18:03,PROD182,CUST920,Fashion,PayPal,1476.88,3
ORD2590,4/26/24 13:18,PROD85,CUST811,Home Appliances,Bank Transfer,42.22,6
ORD2591,1/28/24 21:49,PROD87,CUST423,Toys,PayPal,255.29,4
ORD2592,11-12-2024 23:42,PROD168,CUST403,Toys,Bank Transfer,1221.83,8
ORD2593,01-02-2024 22:57,PROD169,CUST194,Fashion,PayPal,719.31,10
ORD2594,3/14/24 12:57,PROD39,CUST595,Home Appliances,Debit Card,612.32,10
ORD2595,04-10-2024 19:34,PROD47,CUST415,Fashion,Credit Card,52.12,2
ORD2596,01-01-2024 13:51,PROD125,CUST707,Fashion,PayPal,892.75,8
ORD2597,8/16/24 11:39,PROD71,CUST272,Toys,Cash,552.99,8
ORD2598,6/28/24 11:20,PROD158,CUST155,Electronics,Debit Card,375.51,5
ORD2599,08-10-2024 10:08,PROD100,CUST754,Electronics,Credit Card,125.9,6
ORD2600,05-10-2024 05:43,PROD165,CUST553,Electronics,Cash,1381.69,8
ORD2601,3/17/24 13:49,PROD113,CUST207,Toys,Bank Transfer,871.31,10
ORD2602,3/18/24 5:04,PROD9,CUST666,Electronics,Credit Card,1330.18,6
ORD2603,8/30/24 5:03,PROD117,CUST287,Home Appliances,Debit Card,1153.51,10
ORD2604,3/13/24 15:55,PROD157,CUST972,Books,PayPal,551.05,9
ORD2605,08-11-2024 19:18,PROD84,CUST455,Toys,Bank Transfer,1431.04,2
ORD2606,7/23/24 23:38,PROD74,CUST811,Home Appliances,Credit Card,1856.08,2
ORD2607,11-03-2024 17:20,PROD171,CUST92,Toys,PayPal,593.49,5
ORD2608,1/17/24 1:14,PROD181,CUST510,Books,Bank Transfer,1285.58,9
ORD2609,8/19/24 2:42,PROD172,CUST533,Books,Bank Transfer,801.31,3
ORD2610,5/16/24 1:21,PROD84,CUST273,Electronics,Cash,1503.71,1
ORD2611,7/13/24 12:10,PROD49,CUST179,Electronics,Bank Transfer,1520.75,5
ORD2612,06-10-2024 17:01,PROD26,CUST373,Electronics,Cash,1285.44,4
ORD2613,7/13/24 11:05,PROD81,CUST834,Toys,PayPal,1020.07,8
ORD2614,06-06-2024 13:12,PROD192,CUST579,Toys,Debit Card,681.21,7
ORD2615,09-07-2024 04:00,PROD173,CUST969,Books,Bank Transfer,591.17,8
ORD2616,11-07-2024 23:28,PROD195,CUST582,Toys,Debit Card,1459.45,4
ORD2617,6/21/24 13:51,PROD27,CUST483,Toys,Credit Card,279.74,6
ORD2618,5/27/24 6:26,PROD8,CUST891,Electronics,Bank Transfer,1492.87,8
ORD2619,10-02-2024 16:34,PROD196,CUST434,Toys,Debit Card,162.38,8
ORD2620,6/26/24 2:18,PROD1,CUST424,Fashion,Credit Card,990.46,5
ORD2621,03-04-2024 02:25,PROD132,CUST419,Fashion,Cash,1204.4,6
ORD2622,11-07-2024 08:04,PROD19,CUST690,Toys,Credit Card,1688.68,2
ORD2623,8/26/24 7:20,PROD173,CUST945,Toys,Cash,656.27,8
ORD2624,01-09-2024 16:01,PROD96,CUST950,Electronics,Debit Card,978.29,3
ORD2625,8/18/24 9:39,PROD55,CUST933,Electronics,PayPal,1021.42,5
ORD2626,6/15/24 10:20,PROD46,CUST813,Fashion,Credit Card,709.77,8
ORD2627,06-06-2024 13:37,PROD59,CUST100,Books,Credit Card,1904.12,1
ORD2628,04-11-2024 07:46,PROD154,CUST272,Home Appliances,Credit Card,246.78,6
ORD2629,2/26/24 20:20,PROD92,CUST41,Books,Cash,1618.12,5
ORD2630,06-09-2024 16:06,PROD120,CUST394,Books,Credit Card,1097.95,5
ORD2631,1/19/24 21:47,PROD143,CUST595,Toys,Debit Card,889.7,1
ORD2632,2/19/24 22:41,PROD98,CUST348,Toys,Debit Card,362.02,7
ORD2633,1/28/24 22:24,PROD54,CUST405,Fashion,Debit Card,988.36,7
ORD2634,4/16/24 1:57,PROD40,CUST898,Home Appliances,Debit Card,1345.34,2
ORD2635,9/19/24 5:04,PROD3,CUST991,Toys,Bank Transfer,242.72,2
ORD2636,4/24/24 14:06,PROD164,CUST586,Fashion,Cash,1556.56,2
ORD2637,05-01-2024 22:37,PROD122,CUST697,Electronics,Debit Card,692,4
ORD2638,09-11-2024 18:49,PROD194,CUST110,Fashion,Credit Card,1255.93,4
ORD2639,03-03-2024 08:06,PROD44,CUST501,Toys,PayPal,563.85,2
ORD2640,1/27/24 20:46,PROD134,CUST689,Home Appliances,Bank Transfer,347.33,8
ORD2641,10-05-2024 22:27,PROD126,CUST535,Fashion,PayPal,411.88,8
ORD2642,02-03-2024 23:22,PROD44,CUST626,Books,Debit Card,338.32,5
ORD2643,9/24/24 5:01,PROD42,CUST547,Electronics,Credit Card,1934.84,2
ORD2644,10/13/24 4:19,PROD21,CUST74,Home Appliances,Debit Card,1362.17,7
ORD2645,06-07-2024 00:56,PROD164,CUST265,Books,Bank Transfer,1257.84,8
ORD2646,6/21/24 0:46,PROD87,CUST445,Books,Bank Transfer,1754.62,10
ORD2647,05-06-2024 01:29,PROD14,CUST807,Toys,Cash,352.3,10
ORD2648,10/18/24 23:42,PROD116,CUST802,Books,PayPal,959.07,4
ORD2649,2/14/24 17:23,PROD80,CUST48,Books,Bank Transfer,1804.56,8
ORD2650,1/13/24 19:37,PROD98,CUST927,Toys,PayPal,589.11,10
ORD2651,11-02-2024 14:10,PROD4,CUST462,Electronics,Debit Card,439.94,8
ORD2652,8/27/24 5:44,PROD26,CUST512,Home Appliances,Credit Card,1111.99,4
ORD2653,07-06-2024 01:05,PROD168,CUST694,Toys,PayPal,1970.52,3
ORD2654,7/29/24 18:56,PROD166,CUST986,Fashion,Bank Transfer,1640.85,4
ORD2655,03-05-2024 15:15,PROD107,CUST508,Books,Bank Transfer,1457.01,10
ORD2656,05-09-2024 07:15,PROD54,CUST643,Fashion,Bank Transfer,892.51,9
ORD2657,6/20/24 19:46,PROD11,CUST32,Electronics,Credit Card,948.4,8
ORD2658,1/20/24 13:45,PROD109,CUST481,Books,Cash,1158.19,4
ORD2659,1/22/24 17:47,PROD105,CUST661,Toys,Bank Transfer,1544.9,6
ORD2660,09-01-2024 10:50,PROD168,CUST641,Toys,Debit Card,329.59,10
ORD2661,04-05-2024 18:11,PROD134,CUST418,Books,Bank Transfer,1928.39,4
ORD2662,10-01-2024 13:23,PROD17,CUST242,Fashion,PayPal,1898.87,2
ORD2663,09-01-2024 07:24,PROD110,CUST111,Books,Credit Card,641.29,2
ORD2664,07-04-2024 09:06,PROD6,CUST443,Home Appliances,PayPal,51.15,5
ORD2665,04-03-2024 10:20,PROD178,CUST613,Fashion,Cash,1724.96,2
ORD2666,2/20/24 4:25,PROD3,CUST964,Electronics,Bank Transfer,967.31,4
ORD2667,8/29/24 18:06,PROD194,CUST579,Books,Bank Transfer,198.07,6
ORD2668,10/14/24 0:23,PROD12,CUST735,Toys,Credit Card,363.83,3
ORD2669,08-05-2024 03:02,PROD1,CUST704,Toys,Cash,1765.83,3
ORD2670,7/26/24 5:43,PROD144,CUST198,Electronics,PayPal,1557.06,2
ORD2671,05-11-2024 04:33,PROD141,CUST94,Toys,Bank Transfer,297.88,6
ORD2672,08-11-2024 10:33,PROD149,CUST725,Toys,Bank Transfer,1678.44,2
ORD2673,11-12-2024 19:27,PROD114,CUST473,Books,PayPal,1390.36,8
ORD2674,7/29/24 7:03,PROD13,CUST655,Home Appliances,Debit Card,304,8
ORD2675,4/25/24 18:01,PROD74,CUST397,Books,Bank Transfer,669.4,1
ORD2676,9/22/24 22:03,PROD137,CUST828,Toys,Cash,147.34,6
ORD2677,07-09-2024 14:37,PROD61,CUST313,Electronics,Credit Card,585.13,7
ORD2678,5/16/24 20:39,PROD67,CUST525,Books,PayPal,1811.29,4
ORD2679,10/17/24 14:29,PROD63,CUST180,Toys,Bank Transfer,882.06,2
ORD2680,5/21/24 10:52,PROD91,CUST655,Books,PayPal,626.47,2
ORD2681,08-09-2024 22:20,PROD129,CUST628,Books,Cash,1933.62,5
ORD2682,04-08-2024 19:23,PROD190,CUST947,Toys,Cash,972.86,4
ORD2683,08-09-2024 22:27,PROD1,CUST479,Books,Debit Card,1039.29,2
ORD2684,8/26/24 2:39,PROD15,CUST351,Fashion,Cash,1488.41,9
ORD2685,9/20/24 2:24,PROD147,CUST424,Fashion,PayPal,450.81,8
ORD2686,11-01-2024 05:43,PROD139,CUST167,Electronics,Cash,361.75,3
ORD2687,02-09-2024 22:47,PROD184,CUST675,Toys,PayPal,1133.45,2
ORD2688,8/19/24 14:55,PROD13,CUST650,Electronics,Cash,1339.18,2
ORD2689,9/20/24 5:45,PROD10,CUST353,Home Appliances,PayPal,320.95,10
ORD2690,6/24/24 2:33,PROD154,CUST914,Toys,Credit Card,967.64,10
ORD2691,2/17/24 3:28,PROD174,CUST652,Books,Debit Card,858.39,8
ORD2692,3/15/24 12:38,PROD169,CUST970,Electronics,PayPal,1773.95,5
ORD2693,6/28/24 14:54,PROD195,CUST97,Electronics,PayPal,1314.33,2
ORD2694,5/25/24 23:15,PROD35,CUST568,Home Appliances,Debit Card,1575.4,5
ORD2695,5/22/24 11:43,PROD123,CUST878,Electronics,Credit Card,681.9,5
ORD2696,8/18/24 16:51,PROD11,CUST674,Toys,Bank Transfer,934.14,2
ORD2697,08-01-2024 05:16,PROD119,CUST360,Fashion,Bank Transfer,1470.37,6
ORD2698,11-06-2024 09:30,PROD110,CUST752,Fashion,Cash,1205.34,4
ORD2699,5/19/24 4:25,PROD144,CUST257,Home Appliances,PayPal,882.37,6
ORD2700,04-06-2024 04:33,PROD8,CUST472,Books,Cash,1239.46,10
ORD2701,09-02-2024 22:50,PROD117,CUST490,Electronics,Cash,971.59,1
ORD2702,09-07-2024 06:48,PROD197,CUST223,Books,Credit Card,1328.22,4
ORD2703,08-10-2024 23:45,PROD27,CUST113,Electronics,PayPal,1237.47,5
ORD2704,10/14/24 20:21,PROD28,CUST542,Electronics,Debit Card,1704.91,5
ORD2705,09-06-2024 13:42,PROD199,CUST768,Fashion,Debit Card,379.89,4
ORD2706,05-01-2024 09:39,PROD136,CUST963,Electronics,Bank Transfer,1233.09,8
ORD2707,10-01-2024 18:10,PROD174,CUST608,Electronics,Bank Transfer,1003.63,6
ORD2708,04-07-2024 02:07,PROD144,CUST178,Toys,Bank Transfer,1189.88,2
ORD2709,6/14/24 2:19,PROD130,CUST633,Home Appliances,Cash,1441.95,4
ORD2710,7/16/24 13:08,PROD27,CUST939,Toys,Debit Card,242.94,9
ORD2711,07-05-2024 21:09,PROD93,CUST97,Books,Cash,866.8,1
ORD2712,8/13/24 3:15,PROD83,CUST907,Toys,Cash,498.37,5
ORD2713,7/29/24 18:30,PROD51,CUST918,Electronics,PayPal,62.29,3
ORD2714,01-03-2024 15:22,PROD34,CUST587,Home Appliances,PayPal,1629.89,3
ORD2715,8/30/24 19:12,PROD85,CUST58,Fashion,Bank Transfer,1307.96,2
ORD2716,09-06-2024 08:16,PROD55,CUST517,Books,Debit Card,497.3,10
ORD2717,5/24/24 13:01,PROD125,CUST488,Toys,Credit Card,301.85,2
ORD2718,03-03-2024 22:16,PROD61,CUST698,Electronics,Bank Transfer,846.61,5
ORD2719,08-02-2024 18:10,PROD149,CUST854,Home Appliances,Debit Card,373.68,7
ORD2720,01-07-2024 08:34,PROD33,CUST141,Books,Debit Card,473.54,4
ORD2721,01-02-2024 13:56,PROD59,CUST493,Toys,Credit Card,831.4,3
ORD2722,8/18/24 14:29,PROD26,CUST717,Toys,Debit Card,1245.6,5
ORD2723,4/23/24 7:11,PROD63,CUST876,Fashion,Cash,663.63,10
ORD2724,6/30/24 15:22,PROD144,CUST724,Toys,Credit Card,1229.3,8
ORD2725,7/23/24 12:56,PROD47,CUST59,Fashion,Debit Card,1028.7,8
ORD2726,1/31/24 10:09,PROD27,CUST309,Toys,PayPal,1777.06,2
ORD2727,2/26/24 2:19,PROD59,CUST403,Toys,Cash,928.44,3
ORD2728,5/15/24 18:59,PROD138,CUST344,Electronics,Credit Card,1310.35,4
ORD2729,10/17/24 18:53,PROD119,CUST278,Fashion,Debit Card,1691.09,7
ORD2730,3/21/24 19:53,PROD158,CUST263,Books,PayPal,164.63,6
ORD2731,03-09-2024 05:32,PROD146,CUST454,Electronics,Credit Card,1677.08,4
ORD2732,2/19/24 22:55,PROD54,CUST268,Home Appliances,Cash,239.39,3
ORD2733,11-08-2024 08:14,PROD59,CUST593,Home Appliances,PayPal,1429.94,2
ORD2734,9/22/24 13:16,PROD102,CUST842,Fashion,Credit Card,1072.68,7
ORD2735,8/23/24 9:02,PROD130,CUST362,Fashion,Debit Card,703.48,9
ORD2736,6/26/24 16:45,PROD41,CUST832,Electronics,PayPal,709.52,7
ORD2737,05-09-2024 20:30,PROD170,CUST567,Electronics,Bank Transfer,864.32,5
ORD2738,10/13/24 7:10,PROD33,CUST687,Fashion,Bank Transfer,1255.65,3
ORD2739,9/21/24 17:07,PROD73,CUST167,Electronics,PayPal,788.68,8
ORD2740,3/23/24 15:06,PROD198,CUST207,Home Appliances,Cash,197.59,5
ORD2741,02-04-2024 15:03,PROD198,CUST898,Electronics,PayPal,753.33,6
ORD2742,1/23/24 16:35,PROD175,CUST274,Electronics,Bank Transfer,123.95,5
ORD2743,5/20/24 9:44,PROD64,CUST854,Books,Bank Transfer,1166.07,5
ORD2744,01-12-2024 08:46,PROD76,CUST370,Home Appliances,Credit Card,1698.67,9
ORD2745,1/28/24 4:15,PROD106,CUST82,Toys,Cash,604.28,2
ORD2746,1/23/24 5:43,PROD72,CUST111,Electronics,Debit Card,1150.72,9
ORD2747,06-12-2024 03:36,PROD51,CUST724,Books,Bank Transfer,1781.59,10
ORD2748,4/23/24 5:15,PROD52,CUST439,Electronics,Debit Card,1424.65,6
ORD2749,11-08-2024 16:41,PROD150,CUST349,Fashion,Cash,1443.52,3
ORD2750,5/21/24 17:36,PROD9,CUST978,Electronics,Credit Card,705.3,10
ORD2751,07-06-2024 20:05,PROD168,CUST940,Fashion,Debit Card,1129.46,10
ORD2752,06-07-2024 17:03,PROD78,CUST283,Fashion,Bank Transfer,1598.07,8
ORD2753,09-08-2024 15:24,PROD47,CUST475,Electronics,Cash,39.98,3
ORD2754,2/29/24 2:36,PROD142,CUST809,Toys,Debit Card,1041.84,5
ORD2755,5/22/24 3:32,PROD32,CUST260,Home Appliances,PayPal,651.13,10
ORD2756,09-07-2024 06:03,PROD134,CUST310,Toys,Cash,1481.68,5
ORD2757,10-09-2024 00:12,PROD148,CUST988,Fashion,Debit Card,1320.63,7
ORD2758,7/22/24 17:03,PROD127,CUST991,Fashion,PayPal,133.45,5
ORD2759,03-09-2024 00:40,PROD117,CUST111,Home Appliances,PayPal,1960.25,1
ORD2760,10/19/24 7:15,PROD127,CUST312,Fashion,Bank Transfer,1294.74,7
ORD2761,1/27/24 18:14,PROD90,CUST856,Fashion,Cash,721.92,2
ORD2762,09-07-2024 16:49,PROD164,CUST752,Electronics,Credit Card,1906.66,3
ORD2763,3/24/24 21:17,PROD182,CUST636,Electronics,PayPal,1547.89,6
ORD2764,08-04-2024 03:37,PROD133,CUST169,Toys,PayPal,443.35,5
ORD2765,8/24/24 20:13,PROD151,CUST340,Fashion,Debit Card,1207.19,5
ORD2766,03-11-2024 10:51,PROD113,CUST930,Books,Debit Card,1595.3,1
ORD2767,4/25/24 14:33,PROD150,CUST734,Fashion,Credit Card,164.47,3
ORD2768,6/26/24 4:44,PROD18,CUST400,Home Appliances,PayPal,91.79,9
ORD2769,10/30/24 15:09,PROD140,CUST647,Books,Debit Card,921.22,1
ORD2770,04-07-2024 02:49,PROD132,CUST640,Fashion,Bank Transfer,315.07,5
ORD2771,8/18/24 21:13,PROD66,CUST241,Electronics,Bank Transfer,843.92,4
ORD2772,1/21/24 16:38,PROD16,CUST566,Home Appliances,Cash,55.57,6
ORD2773,10/27/24 21:16,PROD183,CUST755,Home Appliances,Debit Card,531.37,5
ORD2774,10/31/24 21:04,PROD104,CUST713,Fashion,PayPal,48.89,3
ORD2775,8/13/24 1:16,PROD80,CUST175,Electronics,PayPal,532.05,2
ORD2776,09-10-2024 10:28,PROD95,CUST250,Home Appliances,Bank Transfer,1163.99,1
ORD2777,2/22/24 20:07,PROD148,CUST205,Electronics,Credit Card,207.1,9
ORD2778,07-10-2024 03:28,PROD73,CUST860,Electronics,Bank Transfer,1858.68,1
ORD2779,4/14/24 8:31,PROD140,CUST108,Books,Bank Transfer,506.31,9
ORD2780,01-02-2024 19:08,PROD47,CUST823,Fashion,Credit Card,1871.47,8
ORD2781,2/20/24 6:03,PROD44,CUST30,Books,PayPal,528.77,7
ORD2782,11/13/24 1:31,PROD130,CUST497,Home Appliances,Credit Card,406.27,4
ORD2783,9/27/24 3:05,PROD110,CUST6,Home Appliances,Bank Transfer,615.73,6
ORD2784,9/23/24 3:09,PROD113,CUST311,Toys,PayPal,1082.99,6
ORD2785,6/23/24 10:50,PROD32,CUST864,Books,PayPal,1239.41,8
ORD2786,11-04-2024 22:03,PROD23,CUST698,Toys,Credit Card,63.36,9
ORD2787,7/30/24 16:23,PROD103,CUST246,Toys,Bank Transfer,1366.86,10
ORD2788,05-07-2024 12:44,PROD75,CUST714,Toys,PayPal,175.1,3
ORD2789,11/13/24 2:05,PROD69,CUST167,Fashion,Bank Transfer,555.09,1
ORD2790,03-04-2024 19:38,PROD35,CUST483,Books,PayPal,1819.1,3
ORD2791,8/28/24 9:01,PROD91,CUST216,Home Appliances,Cash,152,1
ORD2792,5/14/24 18:47,PROD31,CUST924,Fashion,Cash,1609.56,7
ORD2793,7/20/24 2:07,PROD12,CUST137,Electronics,Cash,826.8,6
ORD2794,3/22/24 21:26,PROD127,CUST223,Toys,Bank Transfer,1445.82,10
ORD2795,5/22/24 20:30,PROD25,CUST481,Fashion,PayPal,1614.32,10
ORD2796,02-03-2024 13:28,PROD43,CUST773,Electronics,PayPal,1040.13,8
ORD2797,8/29/24 15:51,PROD157,CUST781,Toys,Bank Transfer,39.88,3
ORD2798,3/20/24 6:15,PROD15,CUST546,Electronics,PayPal,1457.12,6
ORD2799,6/23/24 11:09,PROD152,CUST4,Toys,Credit Card,1042.73,8
ORD2800,10/21/24 20:11,PROD29,CUST681,Books,Bank Transfer,899.1,7
ORD2801,02-04-2024 11:35,PROD21,CUST899,Books,Cash,553.93,7
ORD2802,3/19/24 15:30,PROD181,CUST410,Home Appliances,Debit Card,801.61,8
ORD2803,1/16/24 11:31,PROD113,CUST429,Home Appliances,PayPal,1546.46,6
ORD2804,3/24/24 13:11,PROD12,CUST563,Books,Debit Card,733.5,2
ORD2805,05-08-2024 18:08,PROD47,CUST680,Electronics,Cash,1271.68,9
ORD2806,03-09-2024 04:36,PROD8,CUST197,Home Appliances,Debit Card,1438.63,8
ORD2807,03-06-2024 05:10,PROD13,CUST731,Toys,PayPal,1529.49,3
ORD2808,7/30/24 8:25,PROD88,CUST370,Books,Bank Transfer,488.35,3
ORD2809,7/28/24 3:44,PROD32,CUST415,Fashion,Bank Transfer,1061.86,1
ORD2810,3/30/24 2:53,PROD155,CUST180,Books,Debit Card,286.69,3
ORD2811,10/18/24 1:50,PROD161,CUST589,Electronics,Bank Transfer,485.75,10
ORD2812,03-06-2024 10:50,PROD185,CUST391,Toys,Credit Card,886.64,5
ORD2813,05-04-2024 00:38,PROD182,CUST68,Home Appliances,Cash,1613.53,5
ORD2814,2/28/24 15:32,PROD195,CUST399,Home Appliances,PayPal,1416.86,6
ORD2815,1/21/24 12:20,PROD134,CUST655,Fashion,Cash,1502.24,10
ORD2816,7/20/24 1:09,PROD176,CUST181,Toys,Bank Transfer,1500.81,2
ORD2817,07-02-2024 09:02,PROD170,CUST452,Toys,Credit Card,1904.88,3
ORD2818,3/16/24 15:44,PROD78,CUST152,Home Appliances,PayPal,1859.79,5
ORD2819,01-08-2024 08:01,PROD77,CUST441,Fashion,Credit Card,783.98,10
ORD2820,1/27/24 16:54,PROD83,CUST558,Home Appliances,PayPal,1203.48,6
ORD2821,10-04-2024 18:34,PROD147,CUST415,Fashion,Bank Transfer,1712.03,3
ORD2822,01-07-2024 17:29,PROD56,CUST813,Books,Bank Transfer,1367.28,9
ORD2823,4/20/24 22:41,PROD5,CUST568,Electronics,Bank Transfer,151.98,6
ORD2824,3/16/24 6:15,PROD55,CUST349,Books,Cash,854.39,9
ORD2825,9/20/24 9:51,PROD184,CUST472,Home Appliances,Cash,1982.37,2
ORD2826,5/17/24 4:02,PROD171,CUST834,Books,Debit Card,321.4,1
ORD2827,9/23/24 21:54,PROD171,CUST431,Books,Bank Transfer,1503.11,1
ORD2828,6/19/24 20:46,PROD81,CUST595,Fashion,Credit Card,1300.76,8
ORD2829,04-10-2024 01:03,PROD178,CUST656,Electronics,Credit Card,987.74,2
ORD2830,9/24/24 14:34,PROD132,CUST692,Electronics,Debit Card,477.09,3
ORD2831,5/17/24 15:37,PROD157,CUST211,Fashion,Debit Card,1954.64,1
ORD2832,3/26/24 7:39,PROD79,CUST532,Fashion,Debit Card,1014.18,3
ORD2833,10/16/24 8:33,PROD19,CUST93,Toys,Cash,1173.77,6
ORD2834,5/31/24 21:04,PROD117,CUST816,Toys,Bank Transfer,1878.85,1
ORD2835,6/21/24 12:49,PROD173,CUST976,Fashion,PayPal,918.79,9
ORD2836,08-10-2024 11:10,PROD50,CUST684,Home Appliances,Debit Card,686.12,4
ORD2837,3/22/24 5:29,PROD111,CUST989,Books,Bank Transfer,596.24,8
ORD2838,04-03-2024 14:13,PROD29,CUST147,Books,Cash,1751.01,5
ORD2839,2/16/24 16:20,PROD67,CUST551,Books,Bank Transfer,810.65,6
ORD2840,9/22/24 8:37,PROD11,CUST282,Home Appliances,Debit Card,851.56,10
ORD2841,10-04-2024 22:50,PROD23,CUST166,Fashion,Bank Transfer,1361.91,6
ORD2842,08-12-2024 02:38,PROD60,CUST114,Books,Credit Card,1172.97,5
ORD2843,9/19/24 22:56,PROD106,CUST528,Fashion,Debit Card,1747.13,7
ORD2844,05-11-2024 14:49,PROD147,CUST829,Fashion,PayPal,912.49,6
ORD2845,2/25/24 3:01,PROD182,CUST135,Toys,Cash,326.15,7
ORD2846,3/14/24 11:31,PROD30,CUST331,Electronics,Cash,1235.86,6
ORD2847,8/26/24 23:53,PROD10,CUST691,Books,PayPal,1848.19,3
ORD2848,6/30/24 0:25,PROD183,CUST47,Books,Cash,400.69,5
ORD2849,7/15/24 21:56,PROD84,CUST138,Fashion,Credit Card,1116.66,4
ORD2850,10/31/24 10:01,PROD124,CUST588,Home Appliances,Debit Card,1641.55,4
ORD2851,05-11-2024 09:26,PROD82,CUST772,Books,PayPal,1426.05,3
ORD2852,7/29/24 15:54,PROD50,CUST320,Electronics,PayPal,1549.87,3
ORD2853,07-11-2024 10:51,PROD142,CUST555,Toys,Bank Transfer,438.94,7
ORD2854,01-12-2024 08:37,PROD199,CUST74,Electronics,PayPal,1059.39,4
ORD2855,08-03-2024 01:46,PROD195,CUST281,Home Appliances,Credit Card,1150.63,3
ORD2856,04-09-2024 15:03,PROD59,CUST262,Electronics,Credit Card,1716.12,10
ORD2857,06-02-2024 01:40,PROD176,CUST897,Home Appliances,Credit Card,227.61,8
ORD2858,11-11-2024 18:02,PROD76,CUST255,Toys,Cash,526.84,1
ORD2859,11-12-2024 20:50,PROD14,CUST464,Toys,Debit Card,420.89,8
ORD2860,7/21/24 7:30,PROD92,CUST826,Fashion,Credit Card,233.78,9
ORD2861,6/15/24 5:29,PROD20,CUST205,Books,Credit Card,288.14,5
ORD2862,6/27/24 9:05,PROD32,CUST92,Electronics,PayPal,368.26,4
ORD2863,2/17/24 15:47,PROD172,CUST267,Home Appliances,Cash,395.35,5
ORD2864,3/27/24 6:28,PROD104,CUST379,Toys,Bank Transfer,644.8,1
ORD2865,6/30/24 5:25,PROD198,CUST301,Books,PayPal,576.41,3
ORD2866,2/13/24 6:33,PROD172,CUST779,Fashion,Cash,655.24,1
ORD2867,10/28/24 18:33,PROD133,CUST193,Books,Bank Transfer,1093.37,7
ORD2868,03-12-2024 18:16,PROD138,CUST456,Home Appliances,PayPal,467.47,10
ORD2869,4/21/24 19:39,PROD22,CUST560,Toys,Cash,1142.99,10
ORD2870,7/17/24 17:20,PROD171,CUST77,Books,Debit Card,1571.47,2
ORD2871,2/28/24 18:31,PROD160,CUST398,Home Appliances,PayPal,76.29,6
ORD2872,1/19/24 20:21,PROD187,CUST799,Home Appliances,Credit Card,1516.58,8
ORD2873,11-09-2024 20:14,PROD77,CUST759,Fashion,PayPal,1778.3,10
ORD2874,2/16/24 3:16,PROD27,CUST6,Electronics,PayPal,1517.25,10
ORD2875,4/20/24 20:28,PROD169,CUST707,Toys,Debit Card,1407.89,8
ORD2876,08-03-2024 17:43,PROD36,CUST972,Electronics,Debit Card,1877.04,9
ORD2877,6/26/24 4:52,PROD23,CUST459,Fashion,Cash,1865.12,6
ORD2878,4/25/24 16:34,PROD193,CUST810,Home Appliances,Cash,1349.47,4
ORD2879,06-07-2024 02:24,PROD127,CUST440,Books,PayPal,1476.78,1
ORD2880,5/25/24 14:14,PROD147,CUST60,Books,PayPal,1122.71,10
ORD2881,5/18/24 9:59,PROD48,CUST589,Fashion,Debit Card,1603,6
ORD2882,4/23/24 5:21,PROD23,CUST643,Fashion,Credit Card,931.5,9
ORD2883,3/14/24 6:31,PROD77,CUST171,Toys,Bank Transfer,1235.82,5
ORD2884,1/20/24 2:05,PROD129,CUST61,Electronics,Credit Card,1335.93,7
ORD2885,5/19/24 16:53,PROD43,CUST969,Home Appliances,Credit Card,615.71,7
ORD2886,11-04-2024 15:58,PROD2,CUST917,Home Appliances,PayPal,444.43,8
ORD2887,10/14/24 21:40,PROD57,CUST232,Books,Debit Card,610.78,3
ORD2888,3/20/24 9:46,PROD40,CUST746,Books,PayPal,401.8,2
ORD2889,11-10-2024 00:19,PROD4,CUST74,Home Appliances,Credit Card,85.78,9
ORD2890,05-01-2024 23:43,PROD127,CUST787,Books,Debit Card,1979.28,7
ORD2891,4/21/24 4:54,PROD195,CUST421,Electronics,Credit Card,1056.2,5
ORD2892,10/16/24 22:49,PROD11,CUST829,Books,Credit Card,175.8,5
ORD2893,8/26/24 17:00,PROD64,CUST364,Electronics,Debit Card,427.88,9
ORD2894,10-05-2024 01:35,PROD147,CUST638,Electronics,Debit Card,1224.11,4
ORD2895,02-06-2024 11:48,PROD125,CUST230,Fashion,PayPal,1366.67,8
ORD2896,07-12-2024 03:09,PROD187,CUST975,Electronics,Debit Card,1084.32,4
ORD2897,3/13/24 15:39,PROD110,CUST407,Home Appliances,Bank Transfer,996.75,3
ORD2898,2/14/24 23:03,PROD196,CUST256,Electronics,Cash,449.68,5
ORD2899,9/14/24 13:37,PROD103,CUST786,Toys,PayPal,183.15,1
ORD2900,8/20/24 5:53,PROD100,CUST384,Books,Cash,572.32,1
ORD2901,6/16/24 7:04,PROD9,CUST599,Fashion,Cash,608.69,5
ORD2902,05-12-2024 07:50,PROD15,CUST412,Electronics,Bank Transfer,1221.41,8
ORD2903,10/21/24 16:37,PROD87,CUST815,Books,PayPal,1007.89,3
ORD2904,05-04-2024 07:22,PROD184,CUST907,Toys,Credit Card,299.92,3
ORD2905,9/23/24 22:27,PROD58,CUST779,Fashion,Credit Card,579.92,8
ORD2906,1/21/24 3:08,PROD112,CUST341,Electronics,Credit Card,279.45,5
ORD2907,4/20/24 8:10,PROD2,CUST786,Toys,Bank Transfer,505.28,2
ORD2908,3/24/24 5:38,PROD153,CUST122,Books,Bank Transfer,633.65,4
ORD2909,2/29/24 18:44,PROD125,CUST438,Electronics,Bank Transfer,1361.15,4
ORD2910,1/18/24 6:56,PROD151,CUST219,Fashion,Cash,875.39,8
ORD2911,8/25/24 18:02,PROD48,CUST288,Fashion,Cash,836.36,10
ORD2912,9/26/24 15:35,PROD38,CUST289,Books,Debit Card,1599.84,10
ORD2913,10/26/24 21:00,PROD94,CUST560,Toys,Debit Card,1559.32,2
ORD2914,7/27/24 22:53,PROD198,CUST436,Home Appliances,Bank Transfer,1623.36,8
ORD2915,10-02-2024 08:43,PROD110,CUST108,Fashion,Credit Card,55.92,6
ORD2916,10/31/24 3:08,PROD91,CUST964,Books,Bank Transfer,1006.44,2
ORD2917,09-02-2024 13:35,PROD43,CUST25,Books,Bank Transfer,1427.43,2
ORD2918,07-03-2024 20:35,PROD149,CUST6,Electronics,Credit Card,473.59,8
ORD2919,10-07-2024 16:25,PROD182,CUST105,Home Appliances,Cash,1045.59,5
ORD2920,6/18/24 3:06,PROD43,CUST741,Fashion,PayPal,1352.01,6
ORD2921,10/18/24 17:57,PROD66,CUST31,Home Appliances,Bank Transfer,1758.49,6
ORD2922,7/26/24 5:16,PROD145,CUST181,Toys,Cash,383.55,9
ORD2923,6/29/24 10:29,PROD45,CUST383,Fashion,Debit Card,632.95,6
ORD2924,4/19/24 1:03,PROD126,CUST787,Home Appliances,Debit Card,710.07,6
ORD2925,01-12-2024 01:39,PROD111,CUST140,Fashion,PayPal,1448.46,3
ORD2926,5/13/24 5:19,PROD180,CUST877,Toys,Cash,1553.35,6
ORD2927,05-04-2024 16:13,PROD190,CUST867,Fashion,PayPal,1421.14,9
ORD2928,2/28/24 14:39,PROD138,CUST979,Books,Credit Card,1178.59,6
ORD2929,11-02-2024 18:37,PROD162,CUST848,Toys,Cash,1591.72,10
ORD2930,3/18/24 7:51,PROD61,CUST453,Toys,Credit Card,20.24,8
ORD2931,1/27/24 5:33,PROD136,CUST627,Toys,PayPal,565.17,4
ORD2932,1/15/24 10:03,PROD81,CUST128,Home Appliances,PayPal,1466.11,1
ORD2933,11-03-2024 03:29,PROD17,CUST153,Toys,Bank Transfer,1694.32,7
ORD2934,10/13/24 23:48,PROD61,CUST260,Books,Credit Card,211.34,7
ORD2935,10-11-2024 06:03,PROD84,CUST517,Toys,Credit Card,1803.93,8
ORD2936,8/17/24 17:05,PROD152,CUST905,Books,Cash,1938.32,4
ORD2937,7/13/24 21:19,PROD4,CUST508,Home Appliances,PayPal,1769.9,7
ORD2938,03-11-2024 19:41,PROD124,CUST871,Books,Credit Card,1105.56,8
ORD2939,08-02-2024 15:05,PROD143,CUST377,Electronics,Bank Transfer,1428.12,10
ORD2940,07-06-2024 18:48,PROD158,CUST784,Toys,PayPal,1214.3,8
ORD2941,1/20/24 23:00,PROD17,CUST769,Toys,Bank Transfer,498.6,10
ORD2942,04-06-2024 01:31,PROD52,CUST783,Fashion,Debit Card,1958.08,9
ORD2943,03-05-2024 14:41,PROD36,CUST585,Toys,Debit Card,1545.81,8
ORD2944,3/14/24 12:25,PROD161,CUST300,Fashion,Credit Card,1721.43,2
ORD2945,1/30/24 8:00,PROD144,CUST690,Electronics,Bank Transfer,783.2,6
ORD2946,4/22/24 10:47,PROD87,CUST278,Books,Bank Transfer,90.29,2
ORD2947,11-01-2024 08:53,PROD190,CUST816,Books,PayPal,467.32,3
ORD2948,10-02-2024 15:06,PROD180,CUST653,Electronics,Debit Card,893.03,9
ORD2949,2/29/24 14:28,PROD7,CUST830,Books,PayPal,1259.87,9
ORD2950,3/19/24 12:19,PROD183,CUST758,Fashion,PayPal,1570.85,9
ORD2951,7/21/24 10:19,PROD128,CUST379,Electronics,PayPal,1152.42,6
ORD2952,09-04-2024 14:46,PROD130,CUST930,Home Appliances,Credit Card,1568.58,5
ORD2953,7/24/24 10:34,PROD110,CUST374,Electronics,Credit Card,1068.91,8
ORD2954,09-06-2024 19:49,PROD152,CUST40,Toys,Bank Transfer,1137.58,8
ORD2955,6/19/24 7:25,PROD36,CUST994,Electronics,Cash,48.81,7
ORD2956,8/20/24 15:40,PROD41,CUST83,Toys,Cash,458.55,7
ORD2957,5/15/24 16:23,PROD15,CUST950,Toys,Credit Card,1534.96,8
ORD2958,10-05-2024 23:59,PROD139,CUST583,Electronics,Credit Card,910.91,9
ORD2959,5/17/24 16:48,PROD4,CUST79,Home Appliances,Debit Card,174.17,1
ORD2960,5/26/24 20:38,PROD61,CUST377,Toys,Credit Card,1731.81,6
ORD2961,10/27/24 3:44,PROD90,CUST491,Toys,Bank Transfer,1869.96,2
ORD2962,4/24/24 0:45,PROD141,CUST829,Books,Credit Card,383.54,1
ORD2963,5/26/24 8:12,PROD188,CUST548,Electronics,Bank Transfer,1298.5,5
ORD2964,9/18/24 5:21,PROD6,CUST395,Fashion,Credit Card,584.31,6
ORD2965,03-11-2024 02:37,PROD86,CUST613,Toys,Cash,517.35,4
ORD2966,01-10-2024 07:35,PROD72,CUST780,Toys,Cash,1524.34,2
ORD2967,8/13/24 10:51,PROD159,CUST974,Home Appliances,Debit Card,221.87,5
ORD2968,6/16/24 4:10,PROD91,CUST406,Toys,Debit Card,140.88,2
ORD2969,7/16/24 19:06,PROD6,CUST604,Electronics,Cash,765.95,10
ORD2970,4/18/24 18:26,PROD81,CUST64,Books,Credit Card,166.22,3
ORD2971,9/30/24 2:45,PROD107,CUST28,Books,Credit Card,1003.91,1
ORD2972,09-04-2024 21:01,PROD8,CUST180,Toys,PayPal,596.48,5
ORD2973,3/27/24 18:16,PROD109,CUST738,Electronics,PayPal,1181.55,3
ORD2974,02-08-2024 05:50,PROD23,CUST957,Electronics,Credit Card,818.69,10
ORD2975,03-08-2024 19:37,PROD129,CUST491,Toys,Credit Card,1157.47,1
ORD2976,04-07-2024 12:39,PROD53,CUST884,Home Appliances,Credit Card,1955.17,5
ORD2977,01-02-2024 04:18,PROD24,CUST955,Home Appliances,Debit Card,1289.4,7
ORD2978,09-09-2024 03:28,PROD107,CUST615,Home Appliances,Cash,1618.44,8
ORD2979,03-12-2024 15:54,PROD185,CUST865,Fashion,Credit Card,563.55,9
ORD2980,3/16/24 21:42,PROD184,CUST256,Home Appliances,Bank Transfer,284.85,6
ORD2981,10-06-2024 19:27,PROD184,CUST478,Fashion,PayPal,565.59,1
ORD2982,08-09-2024 19:13,PROD137,CUST786,Home Appliances,Cash,1260.85,6
ORD2983,8/18/24 17:40,PROD28,CUST163,Home Appliances,Credit Card,1859.4,1
ORD2984,10/16/24 8:30,PROD148,CUST248,Toys,PayPal,1688.63,3
ORD2985,10/15/24 12:20,PROD70,CUST450,Electronics,PayPal,1185.82,8
ORD2986,03-06-2024 18:01,PROD126,CUST410,Fashion,Debit Card,1575.66,4
ORD2987,8/29/24 23:04,PROD188,CUST812,Fashion,Debit Card,1537.3,10
ORD2988,8/13/24 3:01,PROD53,CUST907,Books,PayPal,1851.01,2
ORD2989,07-10-2024 11:34,PROD43,CUST392,Toys,Debit Card,1201.75,7
ORD2990,05-01-2024 15:02,PROD134,CUST47,Home Appliances,Bank Transfer,1028.81,7
ORD2991,5/29/24 6:02,PROD138,CUST462,Toys,PayPal,1730.9,6
ORD2992,02-01-2024 12:52,PROD108,CUST579,Electronics,PayPal,334.65,1
ORD2993,04-09-2024 21:59,PROD65,CUST415,Electronics,Bank Transfer,1594.05,2
ORD2994,6/14/24 23:48,PROD54,CUST989,Books,PayPal,792.07,1
ORD2995,10/19/24 22:13,PROD190,CUST380,Fashion,Cash,1681.33,7
ORD2996,07-03-2024 14:32,PROD43,CUST534,Fashion,Debit Card,1131.59,7
ORD2997,05-04-2024 12:53,PROD109,CUST110,Books,Debit Card,548.53,5
ORD2998,09-02-2024 03:26,PROD200,CUST781,Home Appliances,Debit Card,1570.19,4
ORD2999,9/13/24 16:00,PROD119,CUST933,Electronics,Debit Card,260.01,3
ORD3000,01-12-2024 03:20,PROD118,CUST691,Books,Debit Card,1210.95,3
ORD3001,6/30/24 18:13,PROD136,CUST527,Books,Bank Transfer,239.26,10
ORD3002,6/24/24 22:25,PROD38,CUST350,Fashion,PayPal,1426.42,9
ORD3003,08-10-2024 12:36,PROD193,CUST759,Fashion,Credit Card,150.92,7
ORD3004,10-02-2024 07:47,PROD2,CUST775,Home Appliances,Cash,1384.46,3
ORD3005,10/18/24 5:39,PROD36,CUST132,Home Appliances,Cash,584.31,5
ORD3006,7/19/24 8:43,PROD90,CUST400,Electronics,Bank Transfer,640.57,8
ORD3007,6/13/24 10:54,PROD78,CUST932,Toys,PayPal,724.82,9
ORD3008,6/26/24 17:43,PROD70,CUST993,Toys,PayPal,281.78,3
ORD3009,06-03-2024 09:43,PROD154,CUST715,Home Appliances,Credit Card,108.85,3
ORD3010,11-09-2024 09:17,PROD107,CUST281,Electronics,Bank Transfer,934.81,3
ORD3011,10-02-2024 19:21,PROD79,CUST466,Home Appliances,Credit Card,1651.4,1
ORD3012,9/29/24 5:21,PROD77,CUST839,Books,Debit Card,945.14,5
ORD3013,2/19/24 14:41,PROD133,CUST125,Home Appliances,Cash,458.37,10
ORD3014,11-05-2024 07:05,PROD147,CUST35,Books,Bank Transfer,1953.42,1
ORD3015,11-12-2024 04:51,PROD167,CUST721,Toys,Credit Card,1216.23,1
ORD3016,06-05-2024 17:41,PROD47,CUST359,Electronics,Debit Card,367.94,1
ORD3017,3/14/24 21:44,PROD5,CUST116,Books,Debit Card,1690.09,5
ORD3018,7/20/24 6:49,PROD4,CUST414,Books,Debit Card,1529.91,1
ORD3019,9/20/24 13:53,PROD75,CUST627,Electronics,Credit Card,448.57,2
ORD3020,10-04-2024 21:00,PROD91,CUST580,Fashion,Credit Card,473.8,9
ORD3021,7/29/24 23:51,PROD170,CUST194,Books,PayPal,814.17,7
ORD3022,10/27/24 6:42,PROD78,CUST282,Toys,Bank Transfer,318.19,5
ORD3023,9/29/24 22:36,PROD2,CUST88,Home Appliances,Bank Transfer,149.78,5
ORD3024,9/29/24 17:23,PROD37,CUST374,Electronics,Credit Card,1491.32,4
ORD3025,08-07-2024 06:08,PROD76,CUST828,Home Appliances,Credit Card,524.19,2
ORD3026,06-08-2024 03:51,PROD37,CUST501,Toys,Credit Card,86.92,3
ORD3027,04-09-2024 12:18,PROD116,CUST401,Toys,Credit Card,52.22,6
ORD3028,04-09-2024 01:14,PROD67,CUST41,Books,PayPal,277.11,8
ORD3029,2/27/24 0:36,PROD161,CUST991,Books,Debit Card,34.06,7
ORD3030,4/27/24 7:59,PROD161,CUST112,Electronics,Cash,230.7,7
ORD3031,2/20/24 13:21,PROD61,CUST214,Home Appliances,Bank Transfer,462.09,2
ORD3032,3/22/24 15:44,PROD27,CUST470,Toys,Debit Card,656.5,3
ORD3033,04-12-2024 18:42,PROD35,CUST420,Toys,Debit Card,434.69,7
ORD3034,11/15/24 22:33,PROD93,CUST744,Toys,Bank Transfer,398.35,2
ORD3035,08-06-2024 20:35,PROD44,CUST693,Electronics,Credit Card,1972.02,10
ORD3036,4/13/24 20:44,PROD68,CUST493,Books,Debit Card,1677.5,8
ORD3037,08-08-2024 15:31,PROD129,CUST752,Electronics,Cash,1338.62,4
ORD3038,8/25/24 11:49,PROD46,CUST826,Books,Cash,1476.3,5
ORD3039,07-07-2024 20:55,PROD88,CUST16,Books,Cash,458.79,5
ORD3040,9/23/24 4:46,PROD128,CUST2,Books,Cash,1210.58,5
ORD3041,9/23/24 22:37,PROD89,CUST851,Toys,Bank Transfer,1464.35,9
ORD3042,06-11-2024 18:28,PROD114,CUST865,Books,Credit Card,1044.47,5
ORD3043,5/30/24 22:26,PROD48,CUST164,Books,Bank Transfer,674.31,2
ORD3044,4/21/24 18:40,PROD110,CUST784,Home Appliances,Debit Card,782.98,5
ORD3045,01-04-2024 02:41,PROD85,CUST748,Toys,Cash,211.94,10
ORD3046,07-07-2024 11:32,PROD82,CUST141,Books,PayPal,1706.4,2
ORD3047,07-03-2024 18:34,PROD62,CUST557,Books,Debit Card,1193.3,2
ORD3048,4/25/24 15:28,PROD17,CUST978,Electronics,Bank Transfer,1119.82,2
ORD3049,09-06-2024 06:11,PROD183,CUST110,Fashion,Credit Card,1442.54,1
ORD3050,06-12-2024 16:50,PROD57,CUST119,Toys,Debit Card,165.23,9
ORD3051,01-08-2024 20:44,PROD112,CUST981,Fashion,PayPal,710.97,2
ORD3052,5/15/24 1:20,PROD92,CUST586,Toys,PayPal,1983.69,3
ORD3053,09-04-2024 22:45,PROD56,CUST48,Home Appliances,Debit Card,856.2,4
ORD3054,5/22/24 9:53,PROD148,CUST706,Toys,PayPal,1187.54,6
ORD3055,7/20/24 6:37,PROD82,CUST392,Home Appliances,Debit Card,1580.76,9
ORD3056,8/21/24 22:42,PROD72,CUST882,Books,Cash,1038.16,4
ORD3057,03-12-2024 17:45,PROD148,CUST838,Electronics,PayPal,341.22,8
ORD3058,9/24/24 2:10,PROD124,CUST475,Toys,Debit Card,68.85,3
ORD3059,07-03-2024 23:30,PROD154,CUST370,Books,Bank Transfer,1979.63,9
ORD3060,7/21/24 10:20,PROD129,CUST951,Electronics,Credit Card,155.89,9
ORD3061,02-10-2024 18:29,PROD86,CUST3,Books,PayPal,1235.42,5
ORD3062,3/17/24 22:27,PROD43,CUST984,Electronics,Bank Transfer,1296.04,8
ORD3063,07-10-2024 04:21,PROD175,CUST604,Home Appliances,Bank Transfer,609.82,2
ORD3064,10-12-2024 23:09,PROD170,CUST312,Electronics,Debit Card,517.75,7
ORD3065,7/26/24 1:18,PROD79,CUST369,Books,Credit Card,998.27,6
ORD3066,1/27/24 18:52,PROD112,CUST104,Books,Bank Transfer,1232.53,4
ORD3067,1/14/24 22:03,PROD190,CUST443,Toys,Cash,1591.75,10
ORD3068,05-03-2024 13:38,PROD124,CUST808,Home Appliances,Bank Transfer,1240,2
ORD3069,5/21/24 6:08,PROD117,CUST25,Books,Bank Transfer,808.37,4
ORD3070,06-09-2024 18:34,PROD176,CUST929,Fashion,Bank Transfer,940.44,4
ORD3071,9/22/24 11:01,PROD21,CUST466,Toys,Debit Card,162.64,7
ORD3072,5/30/24 16:47,PROD32,CUST148,Home Appliances,PayPal,1689.19,7
ORD3073,3/28/24 18:43,PROD187,CUST74,Fashion,Debit Card,294.07,1
ORD3074,7/15/24 17:55,PROD94,CUST484,Toys,PayPal,1213.46,6
ORD3075,7/31/24 22:44,PROD88,CUST62,Books,Credit Card,802.65,7
ORD3076,2/27/24 10:37,PROD61,CUST380,Books,Debit Card,1426.69,3
ORD3077,01-01-2024 06:01,PROD68,CUST391,Home Appliances,Bank Transfer,1739.52,9
ORD3078,10/16/24 21:25,PROD29,CUST938,Home Appliances,PayPal,1157.55,9
ORD3079,4/22/24 0:29,PROD95,CUST300,Fashion,Debit Card,478.1,10
ORD3080,8/21/24 12:56,PROD125,CUST320,Books,Debit Card,1658.42,3
ORD3081,3/13/24 6:20,PROD27,CUST653,Home Appliances,Bank Transfer,61.8,5
ORD3082,07-03-2024 20:44,PROD100,CUST537,Books,Bank Transfer,1546.33,6
ORD3083,9/21/24 23:12,PROD112,CUST889,Toys,PayPal,437.85,3
ORD3084,6/14/24 22:32,PROD52,CUST366,Toys,PayPal,876.9,8
ORD3085,8/15/24 5:49,PROD49,CUST571,Fashion,Cash,1061.76,3
ORD3086,06-03-2024 09:54,PROD5,CUST320,Electronics,Debit Card,1900.65,6
ORD3087,05-07-2024 06:33,PROD175,CUST391,Toys,Cash,882.4,1
ORD3088,04-07-2024 23:13,PROD20,CUST973,Electronics,PayPal,825.77,4
ORD3089,01-02-2024 12:34,PROD131,CUST767,Fashion,Credit Card,341.89,8
ORD3090,8/26/24 14:31,PROD161,CUST712,Fashion,Bank Transfer,1881.61,6
ORD3091,07-01-2024 08:30,PROD60,CUST871,Home Appliances,Bank Transfer,218.69,10
ORD3092,10/16/24 14:31,PROD102,CUST238,Electronics,PayPal,176.58,7
ORD3093,5/21/24 18:37,PROD167,CUST793,Books,Bank Transfer,1423.21,1
ORD3094,05-11-2024 17:47,PROD46,CUST92,Electronics,Credit Card,1793.33,7
ORD3095,2/22/24 21:07,PROD57,CUST274,Fashion,PayPal,1501.28,8
ORD3096,1/24/24 3:00,PROD135,CUST835,Toys,Cash,1046.05,9
ORD3097,3/25/24 15:41,PROD53,CUST166,Home Appliances,Credit Card,1747.51,6
ORD3098,4/14/24 23:47,PROD180,CUST587,Toys,PayPal,889.27,2
ORD3099,03-08-2024 22:46,PROD115,CUST131,Fashion,Debit Card,1695.01,2
ORD3100,04-01-2024 11:35,PROD18,CUST502,Home Appliances,Debit Card,1018.1,5
ORD3101,05-04-2024 21:03,PROD30,CUST83,Toys,Debit Card,1832.49,3
ORD3102,7/23/24 13:25,PROD101,CUST813,Electronics,Debit Card,1937.03,8
ORD3103,6/20/24 13:51,PROD91,CUST47,Toys,PayPal,988.8,5
ORD3104,7/13/24 16:43,PROD153,CUST724,Toys,Bank Transfer,459.74,3
ORD3105,10/14/24 1:59,PROD46,CUST11,Home Appliances,PayPal,1399.46,8
ORD3106,4/27/24 7:14,PROD109,CUST73,Toys,PayPal,1195.85,8
ORD3107,9/18/24 10:43,PROD115,CUST741,Toys,Bank Transfer,735.21,7
ORD3108,8/19/24 4:53,PROD176,CUST227,Electronics,Cash,480.33,5
ORD3109,4/25/24 3:44,PROD20,CUST85,Electronics,Bank Transfer,1286.78,5
ORD3110,10-07-2024 13:11,PROD5,CUST921,Home Appliances,Bank Transfer,1597.52,8
ORD3111,4/28/24 3:48,PROD83,CUST134,Fashion,Cash,1085.89,3
ORD3112,9/25/24 15:24,PROD12,CUST575,Home Appliances,PayPal,1915.88,6
ORD3113,5/28/24 23:00,PROD10,CUST647,Toys,PayPal,1009.51,2
ORD3114,5/20/24 18:06,PROD43,CUST624,Fashion,Bank Transfer,1018.76,4
ORD3115,07-07-2024 15:25,PROD52,CUST399,Home Appliances,Bank Transfer,1847.84,4
ORD3116,11-06-2024 06:07,PROD170,CUST235,Electronics,PayPal,193.14,3
ORD3117,5/30/24 20:12,PROD58,CUST851,Electronics,Cash,514.7,7
ORD3118,05-01-2024 06:52,PROD103,CUST772,Electronics,Credit Card,1615.74,4
ORD3119,3/28/24 13:32,PROD172,CUST972,Electronics,PayPal,1616.56,6
ORD3120,08-09-2024 04:23,PROD39,CUST619,Home Appliances,Bank Transfer,1897.41,6
ORD3121,05-01-2024 19:43,PROD113,CUST393,Fashion,Cash,1210.85,10
ORD3122,2/29/24 3:22,PROD123,CUST689,Books,Credit Card,1762.66,5
ORD3123,11-08-2024 09:53,PROD155,CUST499,Electronics,PayPal,1977.78,9
ORD3124,09-01-2024 05:10,PROD198,CUST266,Fashion,PayPal,1576.11,5
ORD3125,11-04-2024 20:00,PROD37,CUST939,Electronics,Debit Card,1023.38,1
ORD3126,2/29/24 21:11,PROD80,CUST570,Fashion,PayPal,1502.51,1
ORD3127,2/22/24 20:27,PROD150,CUST954,Home Appliances,Debit Card,703.23,5
ORD3128,6/22/24 4:41,PROD108,CUST919,Electronics,Debit Card,767.13,4
ORD3129,11-10-2024 17:55,PROD133,CUST399,Fashion,Cash,861.23,2
ORD3130,05-10-2024 02:24,PROD192,CUST438,Electronics,Debit Card,1627.43,1
ORD3131,11/13/24 0:27,PROD14,CUST792,Books,Debit Card,1541.71,7
ORD3132,4/22/24 17:59,PROD121,CUST681,Home Appliances,Debit Card,48.94,4
ORD3133,7/28/24 13:16,PROD62,CUST690,Home Appliances,Bank Transfer,899.42,1
ORD3134,7/27/24 8:51,PROD195,CUST914,Fashion,Credit Card,357.22,4
ORD3135,6/17/24 8:26,PROD59,CUST942,Books,PayPal,1629.58,8
ORD3136,10-10-2024 18:35,PROD189,CUST432,Books,Cash,1847.03,9
ORD3137,9/23/24 23:16,PROD96,CUST716,Electronics,Bank Transfer,985.53,3
ORD3138,9/23/24 9:46,PROD13,CUST377,Books,PayPal,43.91,7
ORD3139,10-09-2024 15:08,PROD154,CUST622,Electronics,Bank Transfer,1315.36,8
ORD3140,3/27/24 19:06,PROD12,CUST578,Electronics,Credit Card,815.72,10
ORD3141,05-04-2024 06:39,PROD184,CUST220,Home Appliances,Credit Card,367.73,7
ORD3142,9/28/24 3:31,PROD117,CUST43,Home Appliances,Credit Card,434.25,7
ORD3143,05-03-2024 02:00,PROD33,CUST183,Books,Bank Transfer,1480.41,3
ORD3144,7/30/24 11:37,PROD17,CUST296,Toys,Cash,734.82,3
ORD3145,01-10-2024 10:46,PROD137,CUST513,Home Appliances,Cash,1255.4,7
ORD3146,3/31/24 22:50,PROD52,CUST985,Electronics,PayPal,1702.28,5
ORD3147,10-03-2024 16:35,PROD188,CUST840,Fashion,Credit Card,325.97,7
ORD3148,10/17/24 20:04,PROD111,CUST926,Books,Debit Card,1442.32,9
ORD3149,8/14/24 8:13,PROD21,CUST40,Toys,Cash,398.62,2
ORD3150,02-04-2024 16:15,PROD124,CUST736,Books,Credit Card,93.7,7
ORD3151,01-08-2024 13:51,PROD23,CUST276,Home Appliances,Credit Card,1452.51,9
ORD3152,07-08-2024 17:05,PROD27,CUST954,Toys,Debit Card,1584.37,8
ORD3153,01-09-2024 03:59,PROD198,CUST664,Fashion,Bank Transfer,1492.9,7
ORD3154,02-09-2024 04:55,PROD13,CUST198,Toys,Debit Card,1722.13,1
ORD3155,03-08-2024 10:49,PROD76,CUST444,Toys,Cash,1312.21,6
ORD3156,02-08-2024 22:28,PROD142,CUST740,Books,Debit Card,86.71,10
ORD3157,06-09-2024 02:34,PROD177,CUST587,Books,Bank Transfer,924.69,9
ORD3158,7/17/24 13:09,PROD156,CUST712,Fashion,Bank Transfer,1149.24,7
ORD3159,5/21/24 7:03,PROD56,CUST200,Home Appliances,PayPal,374.81,8
ORD3160,05-09-2024 23:30,PROD30,CUST835,Fashion,Cash,698.47,8
ORD3161,04-07-2024 23:05,PROD172,CUST833,Books,Bank Transfer,211.56,2
ORD3162,1/26/24 1:56,PROD155,CUST168,Books,PayPal,1867.45,3
ORD3163,7/18/24 7:28,PROD118,CUST453,Electronics,Credit Card,213.9,5
ORD3164,9/13/24 12:55,PROD192,CUST530,Home Appliances,Debit Card,274.15,8
ORD3165,9/29/24 19:30,PROD153,CUST179,Fashion,Cash,1539.14,4
ORD3166,2/28/24 15:33,PROD166,CUST816,Electronics,Bank Transfer,352.63,5
ORD3167,10/18/24 0:24,PROD114,CUST506,Toys,Debit Card,1905.65,8
ORD3168,2/21/24 1:26,PROD156,CUST595,Electronics,Credit Card,389.65,9
ORD3169,8/23/24 10:06,PROD142,CUST978,Toys,PayPal,1454.09,3
ORD3170,04-11-2024 15:50,PROD48,CUST666,Toys,Cash,112.22,2
ORD3171,4/22/24 7:47,PROD93,CUST555,Electronics,Debit Card,1765.21,6
ORD3172,06-12-2024 03:44,PROD48,CUST864,Books,Debit Card,1954.27,10
ORD3173,2/29/24 7:22,PROD42,CUST916,Books,Bank Transfer,1256.77,7
ORD3174,9/24/24 1:17,PROD181,CUST59,Books,Bank Transfer,1180.4,1
ORD3175,08-06-2024 05:57,PROD55,CUST495,Fashion,Bank Transfer,1833.18,1
ORD3176,4/24/24 15:59,PROD108,CUST376,Electronics,PayPal,1561.24,1
ORD3177,09-06-2024 13:07,PROD184,CUST165,Fashion,Cash,835.47,4
ORD3178,10/23/24 17:02,PROD129,CUST457,Fashion,Cash,431.16,1
ORD3179,03-12-2024 19:56,PROD102,CUST67,Electronics,Debit Card,1088.61,2
ORD3180,1/13/24 19:19,PROD152,CUST922,Fashion,Bank Transfer,1360.71,6
ORD3181,06-05-2024 19:09,PROD115,CUST683,Electronics,PayPal,694.4,1
ORD3182,1/26/24 19:28,PROD19,CUST187,Home Appliances,Bank Transfer,1852.17,4
ORD3183,2/18/24 17:54,PROD78,CUST822,Toys,Bank Transfer,1621.85,1
ORD3184,7/22/24 20:53,PROD38,CUST712,Electronics,PayPal,980.47,2
ORD3185,8/31/24 1:27,PROD157,CUST783,Books,Debit Card,1832.72,2
ORD3186,03-05-2024 02:29,PROD114,CUST755,Home Appliances,Bank Transfer,619.79,8
ORD3187,10/26/24 1:33,PROD181,CUST740,Home Appliances,Credit Card,1057.94,4
ORD3188,01-04-2024 02:31,PROD43,CUST771,Electronics,PayPal,1444.71,8
ORD3189,02-07-2024 15:38,PROD50,CUST863,Books,Debit Card,385.43,5
ORD3190,05-02-2024 10:38,PROD126,CUST110,Toys,Cash,322.29,6
ORD3191,06-05-2024 11:08,PROD43,CUST371,Fashion,PayPal,721.92,2
ORD3192,1/29/24 2:55,PROD61,CUST57,Toys,Cash,1481.4,9
ORD3193,06-11-2024 15:10,PROD177,CUST473,Home Appliances,PayPal,739.95,1
ORD3194,08-06-2024 06:51,PROD20,CUST808,Fashion,Bank Transfer,226.93,7
ORD3195,06-10-2024 12:35,PROD28,CUST362,Home Appliances,Credit Card,36.9,2
ORD3196,6/22/24 7:24,PROD54,CUST118,Electronics,Debit Card,1194.1,4
ORD3197,11-06-2024 03:58,PROD124,CUST307,Toys,PayPal,1092.39,5
ORD3198,07-03-2024 19:38,PROD67,CUST243,Books,PayPal,79.79,9
ORD3199,01-08-2024 10:13,PROD117,CUST939,Books,Debit Card,295.71,9
ORD3200,5/28/24 5:29,PROD82,CUST106,Toys,Bank Transfer,1423.4,1
ORD3201,8/20/24 5:39,PROD54,CUST963,Home Appliances,Credit Card,1452.49,6
ORD3202,02-02-2024 05:57,PROD109,CUST693,Fashion,Bank Transfer,1900.29,2
ORD3203,9/16/24 18:55,PROD6,CUST615,Toys,Bank Transfer,96.86,10
ORD3204,2/21/24 23:26,PROD161,CUST345,Electronics,Cash,1602.01,5
ORD3205,2/23/24 23:57,PROD162,CUST832,Home Appliances,PayPal,1828.6,5
ORD3206,02-02-2024 06:02,PROD173,CUST244,Electronics,Credit Card,1644.63,2
ORD3207,06-10-2024 13:10,PROD158,CUST223,Electronics,Cash,113.83,1
ORD3208,10-11-2024 02:22,PROD149,CUST485,Fashion,Credit Card,692.38,8
ORD3209,7/15/24 18:40,PROD34,CUST209,Books,Credit Card,797.04,1
ORD3210,9/16/24 4:27,PROD73,CUST294,Fashion,Cash,697.03,1
ORD3211,5/16/24 14:31,PROD192,CUST690,Toys,PayPal,716.27,9
ORD3212,09-06-2024 12:17,PROD137,CUST256,Home Appliances,Credit Card,592.89,1
ORD3213,9/19/24 15:13,PROD134,CUST560,Electronics,PayPal,1052.47,4
ORD3214,11-06-2024 10:12,PROD41,CUST771,Electronics,Bank Transfer,1262.53,8
ORD3215,9/30/24 2:50,PROD113,CUST6,Home Appliances,Credit Card,717.98,10
ORD3216,07-09-2024 23:44,PROD84,CUST658,Books,Cash,1853.53,6
ORD3217,05-11-2024 02:03,PROD28,CUST167,Fashion,Bank Transfer,661.01,3
ORD3218,4/18/24 13:44,PROD37,CUST625,Electronics,Bank Transfer,713.99,6
ORD3219,10-06-2024 04:18,PROD41,CUST431,Toys,PayPal,1939.06,5
ORD3220,4/15/24 15:33,PROD131,CUST874,Electronics,Cash,1378.55,10
ORD3221,1/19/24 1:21,PROD104,CUST607,Home Appliances,Credit Card,1190.22,9
ORD3222,01-02-2024 19:26,PROD11,CUST24,Fashion,Cash,400,6
ORD3223,02-03-2024 11:26,PROD144,CUST599,Books,PayPal,192.59,5
ORD3224,6/15/24 8:13,PROD87,CUST472,Fashion,Bank Transfer,719.73,10
ORD3225,04-04-2024 20:22,PROD185,CUST31,Toys,PayPal,1404.75,4
ORD3226,07-03-2024 05:52,PROD165,CUST886,Electronics,Bank Transfer,492.97,5
ORD3227,03-02-2024 05:19,PROD98,CUST64,Books,Debit Card,1119.86,7
ORD3228,6/26/24 2:16,PROD89,CUST993,Home Appliances,Cash,1629.31,4
ORD3229,5/28/24 17:47,PROD98,CUST838,Home Appliances,Credit Card,75.51,7
ORD3230,03-12-2024 18:20,PROD52,CUST345,Electronics,Bank Transfer,906.57,10
ORD3231,03-12-2024 19:13,PROD36,CUST533,Books,Debit Card,72.05,9
ORD3232,06-08-2024 11:41,PROD104,CUST233,Electronics,PayPal,1429.19,7
ORD3233,1/15/24 16:52,PROD6,CUST907,Books,Credit Card,282.14,10
ORD3234,04-03-2024 13:36,PROD51,CUST697,Home Appliances,Credit Card,1038.97,6
ORD3235,6/21/24 17:22,PROD128,CUST838,Electronics,PayPal,137.83,3
ORD3236,03-06-2024 13:57,PROD27,CUST188,Fashion,PayPal,954.58,6
ORD3237,1/19/24 12:01,PROD135,CUST660,Fashion,Credit Card,437.1,8
ORD3238,11/16/24 4:40,PROD131,CUST265,Home Appliances,Bank Transfer,994.5,6
ORD3239,9/22/24 20:15,PROD52,CUST831,Electronics,Credit Card,594.08,1
ORD3240,1/26/24 1:09,PROD37,CUST108,Fashion,Bank Transfer,1803.99,6
ORD3241,06-11-2024 04:51,PROD26,CUST414,Books,Credit Card,1860.08,10
ORD3242,7/28/24 18:28,PROD171,CUST108,Electronics,Credit Card,88.76,1
ORD3243,07-03-2024 17:59,PROD128,CUST736,Toys,Credit Card,1320.37,5
ORD3244,05-08-2024 02:35,PROD42,CUST54,Home Appliances,PayPal,767.56,8
ORD3245,10/21/24 18:09,PROD16,CUST481,Books,Debit Card,1647.03,1
ORD3246,4/25/24 4:35,PROD92,CUST35,Books,Bank Transfer,741.98,3
ORD3247,2/19/24 0:47,PROD90,CUST100,Books,Bank Transfer,1908.3,7
ORD3248,3/28/24 1:15,PROD78,CUST791,Toys,Debit Card,402.19,6
ORD3249,10-06-2024 05:39,PROD50,CUST531,Electronics,Bank Transfer,1994.04,3
ORD3250,4/29/24 4:33,PROD81,CUST695,Toys,Debit Card,1806.35,8
ORD3251,08-01-2024 01:02,PROD56,CUST873,Books,Bank Transfer,897.29,2
ORD3252,1/27/24 12:52,PROD191,CUST393,Books,Debit Card,758.89,5
ORD3253,9/14/24 23:31,PROD161,CUST875,Books,Bank Transfer,390.75,8
ORD3254,8/14/24 13:27,PROD116,CUST162,Books,Credit Card,1838.85,3
ORD3255,09-05-2024 01:29,PROD93,CUST600,Books,Bank Transfer,466.31,2
ORD3256,8/22/24 21:24,PROD132,CUST673,Electronics,PayPal,771.27,8
ORD3257,11-08-2024 10:15,PROD70,CUST698,Books,Bank Transfer,1911.67,10
ORD3258,10-08-2024 17:53,PROD98,CUST905,Books,Debit Card,1718.81,4
ORD3259,10/14/24 17:47,PROD21,CUST812,Fashion,Debit Card,176.74,6
ORD3260,08-09-2024 13:30,PROD26,CUST686,Home Appliances,Cash,271.9,2
ORD3261,6/29/24 9:55,PROD74,CUST967,Fashion,Cash,1701.93,10
ORD3262,2/14/24 1:01,PROD152,CUST887,Home Appliances,Cash,35.08,7
ORD3263,4/28/24 23:28,PROD146,CUST752,Home Appliances,Bank Transfer,1116.6,10
ORD3264,03-03-2024 14:48,PROD173,CUST725,Electronics,PayPal,1289.08,1
ORD3265,01-04-2024 23:24,PROD146,CUST428,Home Appliances,Credit Card,185.41,3
ORD3266,9/22/24 21:08,PROD15,CUST146,Electronics,Cash,1954.96,10
ORD3267,6/30/24 20:20,PROD13,CUST463,Home Appliances,Debit Card,117.32,3
ORD3268,1/13/24 14:31,PROD85,CUST962,Fashion,Bank Transfer,1884.87,10
ORD3269,10-09-2024 01:45,PROD16,CUST704,Fashion,Debit Card,793.6,4
ORD3270,05-11-2024 05:32,PROD147,CUST250,Home Appliances,Cash,637.46,4
ORD3271,01-03-2024 07:55,PROD194,CUST411,Toys,PayPal,1443.07,8
ORD3272,04-06-2024 21:45,PROD142,CUST512,Toys,Bank Transfer,1444.5,5
ORD3273,08-08-2024 23:15,PROD176,CUST316,Home Appliances,PayPal,169.52,2
ORD3274,02-06-2024 08:58,PROD176,CUST809,Electronics,PayPal,1115.22,9
ORD3275,2/23/24 5:10,PROD193,CUST13,Home Appliances,PayPal,596.88,6
ORD3276,9/27/24 14:32,PROD127,CUST367,Electronics,Cash,1059,1
ORD3277,9/29/24 19:36,PROD191,CUST386,Toys,Credit Card,1341.31,10
ORD3278,8/14/24 18:37,PROD57,CUST217,Home Appliances,PayPal,164.88,9
ORD3279,07-05-2024 09:44,PROD136,CUST362,Electronics,Bank Transfer,424.52,1
ORD3280,9/13/24 3:20,PROD127,CUST230,Books,Credit Card,1333.92,4
ORD3281,1/26/24 19:50,PROD21,CUST108,Electronics,Debit Card,1753.31,2
ORD3282,10/24/24 19:19,PROD133,CUST472,Toys,Credit Card,1142.34,8
ORD3283,9/15/24 7:59,PROD116,CUST502,Toys,Bank Transfer,776.57,5
ORD3284,1/16/24 13:23,PROD142,CUST559,Toys,PayPal,1982.57,1
ORD3285,6/21/24 22:08,PROD187,CUST548,Fashion,PayPal,1749.58,3
ORD3286,6/21/24 8:02,PROD164,CUST13,Books,Credit Card,707.1,1
ORD3287,05-01-2024 18:52,PROD191,CUST811,Home Appliances,PayPal,1097.19,2
ORD3288,6/20/24 17:06,PROD105,CUST584,Electronics,Bank Transfer,378.05,5
ORD3289,10/24/24 8:14,PROD22,CUST247,Home Appliances,Bank Transfer,536.31,5
ORD3290,07-07-2024 06:28,PROD170,CUST350,Books,Bank Transfer,61.12,3
ORD3291,05-09-2024 03:54,PROD137,CUST904,Toys,Cash,214.99,8
ORD3292,10-03-2024 21:45,PROD42,CUST348,Fashion,Cash,1449.14,2
ORD3293,10/24/24 4:40,PROD60,CUST13,Books,Credit Card,1079.87,9
ORD3294,07-05-2024 21:50,PROD25,CUST463,Electronics,Debit Card,1167.46,3
ORD3295,6/15/24 4:24,PROD120,CUST740,Books,Cash,809.06,8
ORD3296,05-12-2024 08:16,PROD188,CUST903,Toys,PayPal,909,9
ORD3297,1/14/24 17:51,PROD88,CUST923,Home Appliances,Cash,299.95,9
ORD3298,06-03-2024 05:03,PROD176,CUST251,Toys,Credit Card,422.16,8
ORD3299,8/30/24 0:16,PROD10,CUST570,Home Appliances,Bank Transfer,1418.47,7
ORD3300,5/20/24 19:02,PROD144,CUST722,Home Appliances,Debit Card,39.8,6
ORD3301,06-10-2024 18:58,PROD91,CUST394,Electronics,PayPal,1087.04,8
ORD3302,5/31/24 4:26,PROD20,CUST827,Home Appliances,Cash,1673.64,5
ORD3303,05-04-2024 17:28,PROD193,CUST161,Toys,Cash,242.26,5
ORD3304,01-06-2024 02:03,PROD54,CUST190,Fashion,Credit Card,1700.69,2
ORD3305,06-07-2024 11:38,PROD68,CUST30,Fashion,Cash,510.13,7
ORD3306,09-04-2024 17:29,PROD95,CUST920,Toys,PayPal,1588.09,5
ORD3307,11-10-2024 12:41,PROD38,CUST363,Home Appliances,Cash,371.88,1
ORD3308,9/24/24 21:33,PROD117,CUST464,Home Appliances,Debit Card,1965.24,4
ORD3309,04-06-2024 16:53,PROD31,CUST48,Toys,PayPal,1459.26,4
ORD3310,1/29/24 11:39,PROD127,CUST523,Toys,PayPal,1248.65,6
ORD3311,10-12-2024 01:18,PROD196,CUST75,Toys,PayPal,1921.18,6
ORD3312,07-04-2024 04:22,PROD55,CUST1,Electronics,Debit Card,1170.89,2
ORD3313,2/13/24 12:34,PROD4,CUST493,Electronics,Debit Card,1727.67,9
ORD3314,05-08-2024 06:01,PROD121,CUST503,Books,Credit Card,805.36,4
ORD3315,03-01-2024 12:55,PROD116,CUST449,Toys,PayPal,1658.06,6
ORD3316,8/30/24 20:47,PROD45,CUST840,Electronics,Credit Card,435.68,10
ORD3317,2/19/24 6:29,PROD172,CUST387,Fashion,Bank Transfer,1638.19,2
ORD3318,4/22/24 14:43,PROD169,CUST36,Books,Debit Card,378.4,3
ORD3319,11-04-2024 16:19,PROD37,CUST573,Toys,Credit Card,278.15,6
ORD3320,6/14/24 4:46,PROD112,CUST113,Books,PayPal,1660.42,8
ORD3321,7/27/24 22:09,PROD13,CUST247,Toys,Bank Transfer,105.96,5
ORD3322,9/16/24 7:26,PROD149,CUST245,Home Appliances,Credit Card,1118.8,6
ORD3323,10-08-2024 15:27,PROD9,CUST182,Fashion,PayPal,1722.41,6
ORD3324,3/28/24 14:16,PROD124,CUST318,Books,Credit Card,957.18,2
ORD3325,05-07-2024 05:12,PROD10,CUST431,Toys,Cash,36,1
ORD3326,11/14/24 6:18,PROD28,CUST383,Books,Cash,1196.17,3
ORD3327,03-11-2024 07:32,PROD160,CUST22,Home Appliances,Bank Transfer,1337.4,2
ORD3328,3/23/24 3:06,PROD30,CUST652,Fashion,Bank Transfer,1610.78,6
ORD3329,01-05-2024 02:07,PROD83,CUST539,Fashion,PayPal,645.07,5
ORD3330,6/16/24 8:06,PROD87,CUST398,Fashion,Bank Transfer,705.12,10
ORD3331,6/19/24 1:30,PROD126,CUST691,Toys,PayPal,1007.01,2
ORD3332,8/13/24 8:24,PROD138,CUST584,Fashion,Cash,356.29,5
ORD3333,6/20/24 4:07,PROD57,CUST390,Toys,PayPal,1405.27,5
ORD3334,01-04-2024 09:38,PROD53,CUST282,Books,Cash,594.42,9
ORD3335,9/26/24 14:34,PROD8,CUST781,Fashion,PayPal,1084.98,6
ORD3336,10/27/24 13:37,PROD190,CUST544,Books,Credit Card,1136.15,4
ORD3337,05-03-2024 19:24,PROD46,CUST166,Toys,PayPal,49.19,9
ORD3338,07-03-2024 06:21,PROD200,CUST687,Home Appliances,Credit Card,58.18,3
ORD3339,5/15/24 5:23,PROD27,CUST219,Toys,Debit Card,554.98,3
ORD3340,03-06-2024 20:20,PROD166,CUST512,Toys,Bank Transfer,1765.43,9
ORD3341,3/25/24 1:52,PROD150,CUST423,Home Appliances,Debit Card,1361.21,3
ORD3342,10/28/24 20:37,PROD86,CUST206,Fashion,Debit Card,1573.64,2
ORD3343,10-12-2024 18:19,PROD192,CUST752,Home Appliances,Debit Card,1454.14,1
ORD3344,8/24/24 13:24,PROD20,CUST667,Electronics,Bank Transfer,803.82,9
ORD3345,1/20/24 4:57,PROD83,CUST157,Home Appliances,PayPal,733.38,4
ORD3346,5/26/24 3:06,PROD123,CUST494,Home Appliances,Credit Card,723.06,10
ORD3347,10/31/24 22:18,PROD11,CUST122,Electronics,Bank Transfer,575.57,5
ORD3348,2/16/24 17:31,PROD21,CUST283,Toys,Cash,870.38,4
ORD3349,6/26/24 4:45,PROD155,CUST415,Electronics,Credit Card,827.82,8
ORD3350,08-03-2024 01:24,PROD16,CUST929,Fashion,Cash,1513.11,1
ORD3351,02-02-2024 22:49,PROD165,CUST506,Fashion,Cash,707.42,4
ORD3352,7/26/24 4:50,PROD38,CUST574,Toys,PayPal,783.46,6
ORD3353,2/21/24 18:01,PROD110,CUST369,Home Appliances,Credit Card,528.47,10
ORD3354,2/26/24 15:23,PROD17,CUST705,Books,Credit Card,885.15,5
ORD3355,9/26/24 14:39,PROD124,CUST229,Fashion,PayPal,1625.91,1
ORD3356,4/17/24 12:29,PROD81,CUST677,Fashion,Debit Card,1661.05,2
ORD3357,01-09-2024 01:09,PROD26,CUST700,Electronics,Bank Transfer,78.1,10
ORD3358,5/19/24 6:04,PROD68,CUST638,Books,Credit Card,1054.21,8
ORD3359,08-08-2024 08:30,PROD98,CUST532,Home Appliances,PayPal,1605.06,9
ORD3360,1/27/24 1:42,PROD52,CUST289,Home Appliances,Bank Transfer,185.75,2
ORD3361,5/22/24 17:39,PROD49,CUST218,Home Appliances,Bank Transfer,1380.87,1
ORD3362,10-07-2024 18:11,PROD85,CUST918,Toys,Debit Card,848.27,1
ORD3363,3/21/24 17:28,PROD148,CUST478,Home Appliances,Cash,54.99,6
ORD3364,2/23/24 1:46,PROD170,CUST354,Electronics,Debit Card,31.08,3
ORD3365,06-03-2024 17:51,PROD193,CUST783,Books,PayPal,1063.93,9
ORD3366,02-07-2024 09:16,PROD130,CUST235,Toys,Cash,365.31,8
ORD3367,1/22/24 1:11,PROD50,CUST539,Home Appliances,Cash,1746.62,7
ORD3368,6/19/24 13:31,PROD39,CUST198,Toys,Bank Transfer,293,4
ORD3369,7/16/24 19:22,PROD134,CUST985,Books,Cash,268.91,2
ORD3370,2/20/24 12:30,PROD34,CUST619,Books,Debit Card,957.29,5
ORD3371,10/13/24 2:35,PROD70,CUST291,Books,Debit Card,1191.07,10
ORD3372,03-06-2024 05:23,PROD36,CUST222,Home Appliances,PayPal,1272.64,2
ORD3373,9/26/24 8:34,PROD71,CUST361,Electronics,Cash,1513.3,2
ORD3374,1/21/24 22:18,PROD46,CUST857,Home Appliances,Bank Transfer,116.55,1
ORD3375,6/17/24 4:08,PROD186,CUST683,Electronics,Cash,1752.13,5
ORD3376,4/18/24 6:10,PROD139,CUST567,Fashion,PayPal,1565.77,8
ORD3377,10-05-2024 08:13,PROD64,CUST439,Home Appliances,PayPal,557.31,9
ORD3378,2/21/24 10:51,PROD32,CUST296,Books,Bank Transfer,691.37,8
ORD3379,08-11-2024 18:11,PROD128,CUST476,Electronics,PayPal,944.48,4
ORD3380,09-05-2024 00:42,PROD43,CUST17,Electronics,Cash,919.52,10
ORD3381,3/21/24 5:58,PROD79,CUST797,Toys,PayPal,1260.51,3
ORD3382,08-09-2024 17:00,PROD32,CUST684,Books,PayPal,1240.69,4
ORD3383,01-10-2024 22:25,PROD170,CUST220,Books,PayPal,62.35,8
ORD3384,2/20/24 13:18,PROD142,CUST644,Books,Debit Card,991,9
ORD3385,11/13/24 15:05,PROD2,CUST186,Books,Credit Card,1969.26,4
ORD3386,5/21/24 1:59,PROD140,CUST159,Fashion,Bank Transfer,269.65,8
ORD3387,1/25/24 10:25,PROD92,CUST754,Books,Debit Card,650.4,2
ORD3388,04-03-2024 10:26,PROD71,CUST418,Books,Bank Transfer,1530.12,1
ORD3389,7/21/24 8:21,PROD149,CUST986,Electronics,Bank Transfer,1535.14,10
ORD3390,3/24/24 5:27,PROD83,CUST320,Fashion,Bank Transfer,367.72,4
ORD3391,11-06-2024 10:11,PROD67,CUST312,Fashion,PayPal,1959.87,6
ORD3392,03-11-2024 13:35,PROD43,CUST867,Toys,Credit Card,1722.75,2
ORD3393,02-03-2024 12:53,PROD100,CUST877,Fashion,Cash,1780.56,5
ORD3394,03-07-2024 07:49,PROD200,CUST54,Toys,Cash,1348.82,3
ORD3395,5/31/24 18:04,PROD178,CUST205,Fashion,PayPal,640.55,2
ORD3396,2/25/24 1:56,PROD152,CUST170,Home Appliances,Debit Card,1324.49,4
ORD3397,7/14/24 13:48,PROD144,CUST1000,Fashion,Credit Card,1121.31,4
ORD3398,08-01-2024 18:45,PROD130,CUST749,Toys,PayPal,1476.56,7
ORD3399,02-01-2024 09:31,PROD76,CUST313,Books,PayPal,1007.67,10
ORD3400,06-12-2024 13:18,PROD86,CUST483,Electronics,Cash,1040.9,7
ORD3401,09-04-2024 19:12,PROD94,CUST238,Toys,Debit Card,1392.64,1
ORD3402,2/25/24 13:33,PROD135,CUST60,Toys,Credit Card,1270.22,9
ORD3403,02-05-2024 20:46,PROD141,CUST507,Electronics,Cash,1006.27,2
ORD3404,6/23/24 13:55,PROD154,CUST636,Fashion,Credit Card,992.06,6
ORD3405,06-12-2024 07:59,PROD134,CUST460,Toys,Credit Card,1214.05,9
ORD3406,10/22/24 6:15,PROD23,CUST814,Electronics,Bank Transfer,1216.25,9
ORD3407,8/18/24 0:31,PROD1,CUST779,Home Appliances,PayPal,835.7,10
ORD3408,02-01-2024 01:36,PROD56,CUST139,Electronics,Cash,511.23,8
ORD3409,06-01-2024 19:35,PROD133,CUST481,Home Appliances,Cash,1767.57,9
ORD3410,6/25/24 21:56,PROD5,CUST886,Toys,Cash,1074.96,1
ORD3411,01-07-2024 01:47,PROD172,CUST484,Electronics,Bank Transfer,1948.89,1
ORD3412,02-03-2024 23:29,PROD68,CUST223,Toys,Cash,619.12,5
ORD3413,10-08-2024 14:41,PROD75,CUST83,Home Appliances,Bank Transfer,1727.18,1
ORD3414,5/23/24 0:28,PROD130,CUST860,Fashion,Bank Transfer,1338.15,9
ORD3415,3/26/24 13:28,PROD68,CUST911,Electronics,Bank Transfer,628.83,1
ORD3416,02-07-2024 16:06,PROD82,CUST236,Fashion,Bank Transfer,1674.71,8
ORD3417,03-08-2024 19:35,PROD127,CUST843,Electronics,Bank Transfer,783.2,10
ORD3418,4/21/24 11:27,PROD95,CUST530,Toys,Cash,1218.17,7
ORD3419,06-01-2024 06:34,PROD151,CUST786,Books,Credit Card,1082.21,7
ORD3420,1/18/24 20:44,PROD164,CUST184,Toys,Credit Card,1820.75,4
ORD3421,3/29/24 1:34,PROD55,CUST634,Electronics,Debit Card,348.41,4
ORD3422,03-08-2024 23:13,PROD106,CUST334,Toys,PayPal,1849.97,4
ORD3423,10-06-2024 14:57,PROD1,CUST341,Home Appliances,PayPal,1132.11,8
ORD3424,05-06-2024 12:41,PROD179,CUST132,Books,Bank Transfer,1379.49,9
ORD3425,7/20/24 20:29,PROD24,CUST679,Books,Cash,1000.19,6
ORD3426,1/24/24 12:14,PROD66,CUST886,Toys,PayPal,417.66,8
ORD3427,9/23/24 5:45,PROD46,CUST391,Books,Credit Card,186.16,7
ORD3428,8/29/24 11:43,PROD26,CUST642,Fashion,Bank Transfer,1952.7,4
ORD3429,4/27/24 11:53,PROD166,CUST317,Home Appliances,Credit Card,1325.14,1
ORD3430,01-04-2024 06:03,PROD52,CUST770,Home Appliances,PayPal,1197.44,3
ORD3431,6/18/24 20:51,PROD80,CUST113,Home Appliances,Bank Transfer,157.38,8
ORD3432,8/27/24 9:26,PROD58,CUST645,Fashion,Bank Transfer,942.81,10
ORD3433,7/27/24 3:11,PROD28,CUST226,Home Appliances,Cash,1349.77,2
ORD3434,6/30/24 11:01,PROD128,CUST807,Home Appliances,Debit Card,1865.51,5
ORD3435,9/30/24 9:18,PROD93,CUST573,Toys,Credit Card,1873.52,6
ORD3436,2/20/24 23:22,PROD85,CUST314,Toys,Bank Transfer,215.43,10
ORD3437,11-02-2024 07:54,PROD39,CUST51,Fashion,Debit Card,916.18,7
ORD3438,7/30/24 2:10,PROD77,CUST859,Home Appliances,Credit Card,465.59,2
ORD3439,07-04-2024 02:49,PROD125,CUST669,Fashion,Debit Card,506.51,8
ORD3440,2/15/24 13:43,PROD150,CUST194,Home Appliances,Bank Transfer,954.88,2
ORD3441,9/15/24 21:24,PROD84,CUST389,Books,Debit Card,1902.06,4
ORD3442,3/17/24 21:10,PROD101,CUST799,Toys,Bank Transfer,909.14,7
ORD3443,6/28/24 8:30,PROD122,CUST231,Toys,Debit Card,1260.28,8
ORD3444,11-09-2024 00:10,PROD186,CUST190,Books,Bank Transfer,252,7
ORD3445,4/23/24 6:08,PROD11,CUST293,Electronics,Bank Transfer,660.63,5
ORD3446,3/13/24 19:26,PROD190,CUST736,Books,PayPal,1313.58,1
ORD3447,9/18/24 10:36,PROD196,CUST558,Electronics,Debit Card,1156.02,1
ORD3448,5/13/24 10:49,PROD8,CUST265,Fashion,Debit Card,1420.76,8
ORD3449,10/18/24 15:54,PROD129,CUST335,Toys,Credit Card,25.32,4
ORD3450,1/29/24 9:35,PROD67,CUST605,Electronics,Cash,1307.05,6
ORD3451,08-01-2024 00:47,PROD110,CUST609,Books,Debit Card,420.18,2
ORD3452,3/17/24 3:01,PROD192,CUST226,Toys,Debit Card,835.32,7
ORD3453,02-01-2024 13:23,PROD108,CUST432,Home Appliances,Debit Card,1008.68,10
ORD3454,06-12-2024 01:35,PROD187,CUST702,Fashion,Credit Card,1702.33,3
ORD3455,2/18/24 12:33,PROD178,CUST680,Fashion,PayPal,1130.85,4
ORD3456,3/31/24 0:24,PROD188,CUST109,Home Appliances,Credit Card,566.32,2
ORD3457,11-11-2024 00:14,PROD100,CUST49,Home Appliances,Credit Card,1597.02,6
ORD3458,3/14/24 10:54,PROD114,CUST882,Electronics,PayPal,27.91,7
ORD3459,8/23/24 14:56,PROD131,CUST829,Home Appliances,Bank Transfer,766.04,3
ORD3460,11-02-2024 05:47,PROD192,CUST358,Home Appliances,PayPal,1427.95,1
ORD3461,3/28/24 2:15,PROD102,CUST872,Home Appliances,Credit Card,686.83,8
ORD3462,06-11-2024 04:44,PROD7,CUST584,Books,Credit Card,1694.84,8
ORD3463,03-08-2024 12:03,PROD166,CUST57,Home Appliances,Credit Card,1950,8
ORD3464,3/22/24 17:59,PROD126,CUST814,Books,PayPal,870.03,7
ORD3465,05-02-2024 16:48,PROD43,CUST999,Fashion,Bank Transfer,751.67,10
ORD3466,02-09-2024 06:44,PROD111,CUST80,Fashion,Credit Card,1265.63,5
ORD3467,03-03-2024 17:02,PROD75,CUST714,Electronics,PayPal,1447.33,9
ORD3468,05-01-2024 05:39,PROD8,CUST324,Toys,Credit Card,1467.05,9
ORD3469,9/27/24 10:25,PROD144,CUST619,Books,PayPal,894.68,7
ORD3470,09-01-2024 01:15,PROD142,CUST154,Home Appliances,Bank Transfer,1344.47,1
ORD3471,06-09-2024 07:34,PROD142,CUST65,Fashion,Debit Card,1026.3,8
ORD3472,10/17/24 8:26,PROD109,CUST567,Home Appliances,Cash,677,3
ORD3473,2/23/24 22:29,PROD93,CUST818,Home Appliances,Cash,1946.52,9
ORD3474,03-11-2024 07:40,PROD168,CUST634,Home Appliances,Bank Transfer,607.09,4
ORD3475,2/13/24 12:21,PROD167,CUST806,Home Appliances,PayPal,729.53,7
ORD3476,02-03-2024 14:38,PROD180,CUST136,Books,Cash,1153.96,1
ORD3477,09-12-2024 08:57,PROD82,CUST48,Home Appliances,Credit Card,1352.64,5
ORD3478,6/28/24 2:11,PROD137,CUST948,Toys,Debit Card,272.37,7
ORD3479,3/31/24 20:42,PROD23,CUST216,Fashion,Bank Transfer,175.53,9
ORD3480,07-02-2024 10:38,PROD56,CUST513,Toys,Credit Card,133.29,4
ORD3481,2/17/24 16:48,PROD39,CUST295,Books,PayPal,1561.8,6
ORD3482,6/30/24 22:14,PROD87,CUST61,Home Appliances,Cash,516.78,5
ORD3483,3/29/24 11:04,PROD129,CUST837,Home Appliances,Credit Card,626.16,7
ORD3484,6/29/24 7:27,PROD194,CUST650,Fashion,Cash,916.61,1
ORD3485,01-05-2024 07:13,PROD143,CUST143,Electronics,Debit Card,1118.27,10
ORD3486,04-07-2024 01:47,PROD191,CUST738,Home Appliances,Bank Transfer,95.58,8
ORD3487,2/16/24 6:47,PROD62,CUST274,Fashion,Bank Transfer,1506.86,10
ORD3488,07-11-2024 23:22,PROD14,CUST305,Home Appliances,Credit Card,1709.6,4
ORD3489,09-08-2024 20:20,PROD67,CUST358,Home Appliances,Debit Card,991.9,8
ORD3490,04-01-2024 02:42,PROD88,CUST26,Home Appliances,PayPal,120.88,3
ORD3491,07-05-2024 17:58,PROD135,CUST971,Toys,PayPal,951.93,3
ORD3492,9/26/24 21:40,PROD177,CUST939,Home Appliances,Bank Transfer,1713.71,3
ORD3493,9/14/24 17:50,PROD174,CUST407,Fashion,PayPal,1424.63,2
ORD3494,9/20/24 10:26,PROD144,CUST370,Toys,Cash,637.45,4
ORD3495,9/15/24 6:23,PROD33,CUST739,Electronics,PayPal,269.24,2
ORD3496,8/16/24 17:59,PROD129,CUST117,Fashion,Debit Card,159.76,2
ORD3497,4/19/24 4:14,PROD147,CUST852,Electronics,PayPal,789.87,4
ORD3498,04-02-2024 21:06,PROD143,CUST943,Books,Credit Card,1071.13,3
ORD3499,3/22/24 20:47,PROD20,CUST69,Toys,Debit Card,138.44,3
ORD3500,07-03-2024 14:15,PROD142,CUST51,Home Appliances,PayPal,1400.1,9
ORD3501,9/23/24 23:55,PROD128,CUST984,Fashion,Bank Transfer,734.65,2
ORD3502,3/26/24 14:29,PROD123,CUST551,Books,PayPal,1655.6,2
ORD3503,8/19/24 17:19,PROD46,CUST247,Fashion,Cash,1415.98,6
ORD3504,7/26/24 3:35,PROD87,CUST839,Home Appliances,Cash,1571.69,6
ORD3505,3/13/24 21:34,PROD24,CUST206,Books,Cash,1283.83,10
ORD3506,07-06-2024 00:58,PROD184,CUST171,Books,Cash,1005.94,9
ORD3507,10/17/24 20:05,PROD32,CUST445,Toys,PayPal,1982.3,8
ORD3508,7/28/24 16:54,PROD112,CUST574,Electronics,Cash,759.67,2
ORD3509,5/13/24 15:44,PROD48,CUST321,Books,Bank Transfer,357.34,9
ORD3510,04-01-2024 06:51,PROD125,CUST187,Home Appliances,PayPal,926.66,3
ORD3511,10-02-2024 02:56,PROD182,CUST422,Electronics,Credit Card,958.96,5
ORD3512,10/27/24 6:03,PROD133,CUST111,Home Appliances,PayPal,1900.66,10
ORD3513,08-05-2024 09:07,PROD60,CUST103,Electronics,Debit Card,1865,6
ORD3514,05-08-2024 18:35,PROD50,CUST152,Electronics,Debit Card,1667.22,2
ORD3515,1/14/24 14:32,PROD85,CUST499,Fashion,Debit Card,937.12,5
ORD3516,3/18/24 19:35,PROD99,CUST330,Books,Credit Card,667.6,1
ORD3517,02-03-2024 04:54,PROD7,CUST218,Toys,Cash,646.23,10
ORD3518,5/21/24 16:19,PROD13,CUST200,Toys,Bank Transfer,1334.36,2
ORD3519,04-10-2024 07:45,PROD101,CUST725,Home Appliances,Credit Card,659.65,5
ORD3520,7/14/24 19:20,PROD75,CUST596,Home Appliances,Debit Card,635.6,6
ORD3521,9/13/24 8:17,PROD193,CUST292,Fashion,PayPal,1788.44,2
ORD3522,4/23/24 18:49,PROD80,CUST471,Home Appliances,Cash,1997.74,4
ORD3523,01-04-2024 06:20,PROD1,CUST344,Electronics,Debit Card,1498.27,4
ORD3524,4/21/24 21:19,PROD154,CUST434,Books,Cash,511.49,10
ORD3525,7/31/24 12:43,PROD31,CUST486,Home Appliances,Bank Transfer,447.99,10
ORD3526,7/24/24 7:38,PROD52,CUST498,Fashion,PayPal,1088.91,2
ORD3527,11-06-2024 09:36,PROD52,CUST847,Toys,Debit Card,380.91,8
ORD3528,9/16/24 22:42,PROD162,CUST461,Home Appliances,Credit Card,1005.85,1
ORD3529,4/19/24 15:29,PROD88,CUST768,Home Appliances,Credit Card,68.97,5
ORD3530,06-07-2024 05:10,PROD81,CUST772,Toys,Bank Transfer,651.27,9
ORD3531,3/29/24 6:52,PROD182,CUST569,Toys,Bank Transfer,1797.53,5
ORD3532,3/27/24 19:14,PROD77,CUST859,Fashion,Cash,459.17,1
ORD3533,09-08-2024 12:59,PROD83,CUST805,Fashion,Debit Card,1814.1,1
ORD3534,07-04-2024 00:17,PROD49,CUST544,Fashion,PayPal,835.22,4
ORD3535,03-02-2024 18:13,PROD64,CUST138,Toys,PayPal,1277.32,3
ORD3536,1/28/24 6:08,PROD71,CUST873,Electronics,Bank Transfer,877.34,2
ORD3537,05-04-2024 16:03,PROD195,CUST794,Fashion,Credit Card,1415.14,4
ORD3538,4/24/24 9:08,PROD118,CUST989,Fashion,Debit Card,1295.52,7
ORD3539,8/21/24 13:07,PROD80,CUST554,Books,Cash,1080.6,8
ORD3540,03-08-2024 23:48,PROD119,CUST808,Electronics,Bank Transfer,1192.04,9
ORD3541,7/24/24 11:27,PROD174,CUST900,Books,Debit Card,525.27,2
ORD3542,3/31/24 8:10,PROD31,CUST116,Electronics,Cash,1785.84,9
ORD3543,10-12-2024 23:09,PROD105,CUST470,Books,Bank Transfer,1291.72,3
ORD3544,6/26/24 15:58,PROD8,CUST703,Electronics,Credit Card,1863.64,10
ORD3545,2/27/24 17:28,PROD97,CUST184,Books,Credit Card,906.2,5
ORD3546,3/20/24 16:23,PROD20,CUST667,Fashion,Credit Card,929.85,5
ORD3547,5/27/24 13:27,PROD108,CUST687,Fashion,Bank Transfer,928.35,1
ORD3548,6/14/24 22:46,PROD33,CUST580,Toys,PayPal,1769.79,9
ORD3549,06-06-2024 02:27,PROD141,CUST438,Home Appliances,PayPal,795.8,3
ORD3550,04-05-2024 11:19,PROD83,CUST969,Home Appliances,PayPal,1068.95,5
ORD3551,3/25/24 6:53,PROD166,CUST944,Home Appliances,Debit Card,1533.96,1
ORD3552,5/18/24 16:41,PROD85,CUST353,Home Appliances,PayPal,516.53,7
ORD3553,7/14/24 11:52,PROD167,CUST728,Electronics,Cash,1711.48,5
ORD3554,08-05-2024 01:00,PROD97,CUST96,Fashion,Debit Card,121.16,4
ORD3555,5/25/24 14:39,PROD72,CUST890,Home Appliances,Credit Card,1674.67,9
ORD3556,5/30/24 11:06,PROD65,CUST739,Toys,Cash,1913.94,10
ORD3557,07-08-2024 22:13,PROD149,CUST967,Electronics,Credit Card,304.66,7
ORD3558,09-06-2024 22:28,PROD126,CUST214,Home Appliances,Cash,816.61,1
ORD3559,01-06-2024 09:20,PROD30,CUST611,Electronics,Cash,1384.06,8
ORD3560,3/19/24 19:43,PROD88,CUST585,Books,Debit Card,600.65,9
ORD3561,01-05-2024 21:09,PROD179,CUST449,Books,Cash,556.37,4
ORD3562,5/20/24 21:44,PROD189,CUST350,Books,PayPal,430.59,5
ORD3563,1/16/24 8:36,PROD2,CUST150,Electronics,Debit Card,1947.58,5
ORD3564,06-08-2024 18:04,PROD79,CUST637,Electronics,Bank Transfer,1441.98,10
ORD3565,1/17/24 18:59,PROD124,CUST590,Electronics,PayPal,564.28,10
ORD3566,10/21/24 13:00,PROD138,CUST286,Home Appliances,Credit Card,791.68,7
ORD3567,1/31/24 9:00,PROD198,CUST407,Fashion,Credit Card,942.73,4
ORD3568,4/18/24 6:37,PROD73,CUST831,Books,Debit Card,300.55,9
ORD3569,3/20/24 23:57,PROD126,CUST727,Home Appliances,Credit Card,1535.52,9
ORD3570,7/23/24 21:52,PROD146,CUST19,Electronics,Cash,833.7,6
ORD3571,6/21/24 17:20,PROD140,CUST700,Fashion,Bank Transfer,145,8
ORD3572,3/26/24 20:06,PROD59,CUST255,Electronics,Debit Card,1794.67,9
ORD3573,03-10-2024 09:32,PROD128,CUST196,Electronics,Bank Transfer,1459.01,4
ORD3574,3/13/24 1:33,PROD143,CUST999,Toys,Bank Transfer,565.76,5
ORD3575,4/19/24 8:49,PROD57,CUST505,Home Appliances,Debit Card,1691.14,10
ORD3576,11-05-2024 21:55,PROD134,CUST581,Books,Credit Card,227.59,8
ORD3577,04-11-2024 23:06,PROD48,CUST340,Toys,Cash,1929.77,7
ORD3578,7/15/24 0:27,PROD73,CUST897,Toys,Debit Card,1815.35,5
ORD3579,05-11-2024 06:56,PROD82,CUST502,Home Appliances,Credit Card,779.41,9
ORD3580,4/14/24 22:11,PROD73,CUST640,Electronics,Debit Card,1221.75,6
ORD3581,11-02-2024 01:50,PROD97,CUST312,Fashion,Debit Card,63.31,7
ORD3582,10-12-2024 12:36,PROD169,CUST152,Fashion,Debit Card,167.68,6
ORD3583,08-08-2024 17:33,PROD164,CUST59,Home Appliances,Debit Card,1060.3,6
ORD3584,06-11-2024 03:21,PROD77,CUST895,Toys,Credit Card,772.06,8
ORD3585,08-10-2024 18:04,PROD59,CUST116,Electronics,Cash,1140.82,3
ORD3586,03-04-2024 23:16,PROD180,CUST439,Electronics,Credit Card,671.04,10
ORD3587,11-12-2024 11:46,PROD137,CUST245,Books,Debit Card,438.74,4
ORD3588,07-08-2024 12:16,PROD52,CUST721,Home Appliances,Credit Card,397.41,5
ORD3589,6/26/24 5:35,PROD66,CUST594,Toys,Credit Card,1772.89,6
ORD3590,2/25/24 19:29,PROD68,CUST923,Toys,Credit Card,1189.12,5
ORD3591,3/17/24 7:19,PROD200,CUST736,Electronics,PayPal,1559.58,9
ORD3592,8/26/24 20:36,PROD11,CUST987,Fashion,Cash,1829.79,9
ORD3593,3/26/24 7:27,PROD31,CUST34,Electronics,Credit Card,399.83,1
ORD3594,09-06-2024 10:23,PROD123,CUST142,Fashion,Cash,1661.19,2
ORD3595,2/17/24 17:25,PROD126,CUST451,Home Appliances,Bank Transfer,191.51,4
ORD3596,3/30/24 11:17,PROD53,CUST671,Toys,PayPal,1922.87,4
ORD3597,05-08-2024 20:18,PROD122,CUST712,Fashion,PayPal,1850.86,10
ORD3598,03-02-2024 20:04,PROD121,CUST818,Toys,PayPal,1798.2,1
ORD3599,2/24/24 22:49,PROD19,CUST619,Electronics,Bank Transfer,622.05,2
ORD3600,06-05-2024 09:55,PROD175,CUST24,Books,PayPal,293.79,5
ORD3601,08-11-2024 21:03,PROD79,CUST703,Electronics,Debit Card,581.51,2
ORD3602,01-03-2024 11:15,PROD122,CUST111,Books,Debit Card,1159.19,4
ORD3603,7/14/24 15:02,PROD103,CUST505,Home Appliances,PayPal,204.85,1
ORD3604,09-01-2024 09:24,PROD190,CUST964,Fashion,Credit Card,1553.87,9
ORD3605,1/28/24 18:35,PROD65,CUST733,Fashion,PayPal,805.64,10
ORD3606,3/23/24 16:11,PROD11,CUST623,Toys,Credit Card,636.2,8
ORD3607,6/16/24 16:11,PROD103,CUST934,Toys,Bank Transfer,692.95,3
ORD3608,8/21/24 6:56,PROD24,CUST965,Electronics,Debit Card,195.12,4
ORD3609,05-01-2024 07:01,PROD200,CUST196,Electronics,Bank Transfer,199.92,8
ORD3610,4/15/24 3:18,PROD130,CUST769,Fashion,Cash,24.81,10
ORD3611,2/18/24 1:14,PROD195,CUST68,Books,Cash,1479.63,4
ORD3612,11/15/24 8:27,PROD199,CUST917,Books,Credit Card,138.04,5
ORD3613,06-06-2024 07:32,PROD74,CUST980,Books,Bank Transfer,1577.21,10
ORD3614,08-05-2024 09:45,PROD56,CUST555,Books,Bank Transfer,101.13,5
ORD3615,10-05-2024 14:30,PROD102,CUST383,Electronics,Bank Transfer,599.76,7
ORD3616,9/26/24 13:40,PROD72,CUST181,Toys,PayPal,1306.11,9
ORD3617,10-06-2024 03:38,PROD102,CUST729,Books,Debit Card,409.53,10
ORD3618,3/29/24 3:12,PROD79,CUST118,Electronics,Bank Transfer,813.29,10
ORD3619,3/16/24 17:25,PROD73,CUST484,Toys,Bank Transfer,1657.58,8
ORD3620,6/26/24 3:57,PROD81,CUST125,Home Appliances,Debit Card,678.51,6
ORD3621,3/13/24 6:24,PROD109,CUST797,Electronics,Credit Card,198.46,7
ORD3622,11/15/24 10:26,PROD133,CUST553,Books,PayPal,728.82,8
ORD3623,06-05-2024 00:07,PROD32,CUST605,Fashion,Credit Card,199.37,4
ORD3624,9/23/24 2:27,PROD45,CUST690,Home Appliances,Bank Transfer,37.28,1
ORD3625,01-04-2024 01:57,PROD194,CUST692,Books,Debit Card,639.36,7
ORD3626,1/22/24 9:45,PROD42,CUST841,Fashion,Bank Transfer,1051.8,1
ORD3627,09-05-2024 14:25,PROD126,CUST831,Electronics,Cash,103.86,4
ORD3628,10-09-2024 19:03,PROD159,CUST391,Home Appliances,Debit Card,997.59,7
ORD3629,10/20/24 20:00,PROD84,CUST962,Fashion,Credit Card,1774.07,4
ORD3630,7/29/24 0:20,PROD55,CUST710,Toys,Cash,1966.64,2
ORD3631,5/28/24 22:58,PROD41,CUST908,Electronics,Credit Card,1776.75,10
ORD3632,6/27/24 18:57,PROD151,CUST940,Toys,Bank Transfer,854.77,7
ORD3633,03-02-2024 20:26,PROD125,CUST909,Books,Bank Transfer,248.15,5
ORD3634,2/17/24 15:46,PROD195,CUST10,Books,Debit Card,821.79,6
ORD3635,8/29/24 9:13,PROD109,CUST476,Toys,PayPal,598,10
ORD3636,7/17/24 8:17,PROD190,CUST439,Toys,Cash,1406.59,7
ORD3637,1/25/24 6:52,PROD76,CUST26,Home Appliances,PayPal,1789.63,4
ORD3638,04-08-2024 15:12,PROD96,CUST215,Home Appliances,Cash,1220.24,5
ORD3639,02-03-2024 13:33,PROD11,CUST621,Toys,PayPal,397.66,1
ORD3640,01-10-2024 13:11,PROD124,CUST198,Fashion,Bank Transfer,827.85,9
ORD3641,9/26/24 5:16,PROD195,CUST800,Toys,Debit Card,827.29,10
ORD3642,01-10-2024 08:00,PROD155,CUST177,Electronics,Debit Card,212.7,7
ORD3643,6/17/24 0:52,PROD194,CUST876,Toys,PayPal,566.42,5
ORD3644,9/15/24 5:42,PROD91,CUST875,Electronics,Credit Card,1430.22,2
ORD3645,7/26/24 11:43,PROD56,CUST38,Electronics,Cash,1512.06,8
ORD3646,01-10-2024 21:49,PROD73,CUST976,Home Appliances,PayPal,1435.5,5
ORD3647,4/16/24 13:24,PROD142,CUST85,Fashion,Cash,750.03,2
ORD3648,3/30/24 3:43,PROD104,CUST312,Toys,PayPal,788.7,3
ORD3649,08-02-2024 13:25,PROD173,CUST328,Electronics,PayPal,1834.23,9
ORD3650,5/30/24 16:22,PROD64,CUST411,Toys,PayPal,1996.26,5
ORD3651,3/13/24 2:39,PROD51,CUST41,Toys,Bank Transfer,1452.7,2
ORD3652,10/27/24 5:40,PROD161,CUST93,Fashion,Debit Card,70.41,4
ORD3653,8/18/24 5:03,PROD113,CUST848,Books,Bank Transfer,739.21,8
ORD3654,02-01-2024 10:39,PROD180,CUST72,Books,Credit Card,1401.61,2
ORD3655,10/31/24 17:29,PROD48,CUST68,Electronics,Credit Card,69.81,3
ORD3656,1/18/24 6:02,PROD60,CUST566,Home Appliances,PayPal,894.62,9
ORD3657,3/27/24 23:55,PROD100,CUST298,Toys,Credit Card,542.61,1
ORD3658,4/29/24 20:40,PROD46,CUST501,Toys,PayPal,899.46,6
ORD3659,01-02-2024 20:23,PROD38,CUST965,Books,Debit Card,1899.5,4
ORD3660,05-04-2024 01:12,PROD54,CUST596,Toys,Debit Card,1064.48,7
ORD3661,04-04-2024 11:43,PROD189,CUST320,Electronics,Bank Transfer,257.16,5
ORD3662,07-07-2024 17:19,PROD95,CUST633,Electronics,Bank Transfer,1523.49,4
ORD3663,6/17/24 5:44,PROD115,CUST979,Fashion,Bank Transfer,1115.54,1
ORD3664,01-03-2024 10:24,PROD158,CUST81,Electronics,Credit Card,718.63,5
ORD3665,3/31/24 4:21,PROD18,CUST344,Home Appliances,Cash,938.51,8
ORD3666,05-09-2024 10:07,PROD161,CUST910,Electronics,Cash,358.85,9
ORD3667,07-08-2024 05:32,PROD40,CUST378,Books,Debit Card,381.03,1
ORD3668,1/20/24 22:02,PROD41,CUST149,Electronics,Credit Card,1779.18,7
ORD3669,8/31/24 2:31,PROD96,CUST340,Toys,PayPal,578.95,3
ORD3670,02-04-2024 23:41,PROD144,CUST331,Fashion,Debit Card,624.61,10
ORD3671,10/30/24 13:40,PROD72,CUST216,Books,Debit Card,1325.83,6
ORD3672,11-03-2024 23:14,PROD183,CUST432,Electronics,Debit Card,1444.05,3
ORD3673,02-01-2024 07:28,PROD182,CUST720,Electronics,PayPal,1102.43,8
ORD3674,11-07-2024 04:34,PROD135,CUST148,Home Appliances,PayPal,1790.46,7
ORD3675,03-12-2024 03:29,PROD53,CUST754,Fashion,Cash,1117.23,1
ORD3676,4/19/24 18:35,PROD14,CUST932,Toys,Bank Transfer,441.91,5
ORD3677,09-04-2024 05:26,PROD71,CUST981,Toys,Cash,264.59,8
ORD3678,04-12-2024 16:57,PROD165,CUST428,Toys,Debit Card,1694.86,3
ORD3679,7/18/24 12:57,PROD92,CUST636,Books,Debit Card,445.93,4
ORD3680,6/16/24 4:26,PROD3,CUST168,Home Appliances,Credit Card,1876.76,10
ORD3681,5/19/24 3:19,PROD128,CUST891,Home Appliances,PayPal,1509.64,5
ORD3682,6/18/24 5:56,PROD79,CUST533,Toys,Bank Transfer,1157.21,6
ORD3683,3/18/24 1:27,PROD89,CUST278,Home Appliances,Bank Transfer,439.07,6
ORD3684,03-01-2024 09:02,PROD87,CUST512,Books,Debit Card,262.84,4
ORD3685,4/27/24 1:01,PROD77,CUST274,Toys,Credit Card,1550.04,7
ORD3686,9/20/24 6:49,PROD192,CUST737,Electronics,Cash,298.32,8
ORD3687,08-09-2024 23:35,PROD92,CUST573,Books,PayPal,1873.2,1
ORD3688,9/20/24 6:45,PROD91,CUST760,Fashion,Cash,1235.2,4
ORD3689,4/27/24 7:19,PROD91,CUST175,Toys,PayPal,611.16,3
ORD3690,04-11-2024 15:33,PROD29,CUST599,Toys,PayPal,89.78,4
ORD3691,4/29/24 2:09,PROD140,CUST934,Books,PayPal,241.46,3
ORD3692,6/13/24 13:57,PROD106,CUST701,Toys,Credit Card,611.82,7
ORD3693,02-11-2024 00:04,PROD31,CUST305,Books,PayPal,1881.88,10
ORD3694,2/24/24 6:42,PROD34,CUST758,Books,Bank Transfer,923.85,9
ORD3695,8/30/24 9:47,PROD84,CUST740,Books,Credit Card,167.1,3
ORD3696,2/26/24 20:53,PROD132,CUST594,Toys,Debit Card,427.45,4
ORD3697,3/25/24 0:21,PROD29,CUST444,Home Appliances,PayPal,1948.73,8
ORD3698,5/20/24 2:15,PROD68,CUST131,Books,Credit Card,1733.72,7
ORD3699,07-12-2024 03:57,PROD115,CUST297,Fashion,Debit Card,1115.89,8
ORD3700,04-11-2024 05:34,PROD105,CUST20,Books,PayPal,25.22,7
ORD3701,11-07-2024 21:11,PROD185,CUST463,Fashion,Credit Card,1204.42,9
ORD3702,5/20/24 14:06,PROD92,CUST108,Toys,Credit Card,1408.96,7
ORD3703,1/26/24 0:12,PROD2,CUST580,Electronics,Cash,1712.21,2
ORD3704,10/13/24 0:20,PROD6,CUST266,Fashion,PayPal,1211.5,7
ORD3705,06-09-2024 21:39,PROD65,CUST590,Toys,PayPal,1006.73,9
ORD3706,10/22/24 21:38,PROD78,CUST609,Home Appliances,Debit Card,1372.44,3
ORD3707,04-08-2024 02:36,PROD141,CUST615,Home Appliances,Cash,1507.97,7
ORD3708,04-01-2024 10:03,PROD49,CUST31,Toys,PayPal,869.07,8
ORD3709,5/26/24 10:05,PROD151,CUST749,Books,Bank Transfer,1771.96,1
ORD3710,3/24/24 1:19,PROD101,CUST27,Fashion,Cash,789.49,3
ORD3711,09-11-2024 15:55,PROD72,CUST572,Books,Credit Card,924.44,2
ORD3712,5/30/24 22:41,PROD158,CUST642,Toys,Debit Card,1905.07,5
ORD3713,02-10-2024 10:04,PROD123,CUST195,Electronics,Credit Card,150.55,5
ORD3714,3/26/24 5:19,PROD23,CUST855,Fashion,Cash,1321.69,2
ORD3715,03-02-2024 19:33,PROD118,CUST452,Toys,PayPal,766.4,10
ORD3716,5/30/24 8:14,PROD71,CUST992,Toys,Cash,1065.49,5
ORD3717,3/21/24 10:59,PROD95,CUST454,Fashion,Cash,1468.8,1
ORD3718,1/27/24 8:05,PROD109,CUST206,Electronics,Credit Card,102.34,3
ORD3719,08-12-2024 04:16,PROD99,CUST242,Electronics,Cash,543.45,7
ORD3720,09-04-2024 09:04,PROD10,CUST469,Toys,Cash,1398.49,3
ORD3721,4/15/24 12:45,PROD49,CUST99,Home Appliances,PayPal,1754.34,1
ORD3722,2/28/24 12:45,PROD83,CUST353,Electronics,Cash,1180.66,3
ORD3723,2/25/24 1:43,PROD145,CUST716,Fashion,Cash,183.95,10
ORD3724,05-07-2024 11:01,PROD48,CUST470,Home Appliances,PayPal,676.36,7
ORD3725,5/31/24 8:50,PROD91,CUST318,Fashion,Debit Card,966.74,6
ORD3726,7/15/24 13:12,PROD96,CUST816,Toys,Credit Card,1487.98,7
ORD3727,7/13/24 22:59,PROD194,CUST524,Fashion,Cash,1322.28,9
ORD3728,02-04-2024 01:34,PROD141,CUST762,Electronics,Bank Transfer,381.3,2
ORD3729,06-07-2024 14:50,PROD77,CUST46,Toys,Cash,501.84,3
ORD3730,6/15/24 17:48,PROD172,CUST956,Home Appliances,Credit Card,898.57,3
ORD3731,06-10-2024 13:16,PROD178,CUST283,Fashion,Debit Card,315.67,6
ORD3732,11/16/24 23:20,PROD18,CUST744,Toys,Credit Card,1812.4,8
ORD3733,7/19/24 16:32,PROD22,CUST292,Electronics,Cash,385.96,1
ORD3734,11-05-2024 19:45,PROD91,CUST76,Toys,Debit Card,1250.48,4
ORD3735,06-01-2024 17:21,PROD190,CUST772,Electronics,Bank Transfer,1544.93,2
ORD3736,8/19/24 6:31,PROD65,CUST571,Electronics,Cash,990.67,8
ORD3737,01-07-2024 19:21,PROD152,CUST787,Home Appliances,PayPal,885.57,6
ORD3738,06-07-2024 09:41,PROD21,CUST433,Books,Debit Card,1338.26,9
ORD3739,07-04-2024 02:00,PROD121,CUST271,Electronics,Credit Card,1628.79,9
ORD3740,7/28/24 1:38,PROD96,CUST148,Electronics,Cash,698.93,3
ORD3741,5/15/24 15:10,PROD21,CUST982,Electronics,Bank Transfer,539,7
ORD3742,03-06-2024 09:12,PROD26,CUST919,Toys,Debit Card,784.51,9
ORD3743,03-01-2024 23:34,PROD40,CUST535,Toys,Bank Transfer,342.76,4
ORD3744,08-09-2024 08:14,PROD120,CUST925,Fashion,Debit Card,480.56,6
ORD3745,02-01-2024 19:16,PROD12,CUST779,Electronics,Cash,708.02,8
ORD3746,4/20/24 22:31,PROD53,CUST413,Books,Bank Transfer,750.63,1
ORD3747,10/22/24 16:18,PROD159,CUST892,Books,Cash,396.29,5
ORD3748,7/30/24 22:14,PROD102,CUST586,Books,PayPal,272.36,1
ORD3749,5/28/24 7:15,PROD8,CUST250,Fashion,Debit Card,1511.6,5
ORD3750,4/19/24 23:48,PROD53,CUST447,Electronics,Cash,1401.17,4
ORD3751,02-06-2024 14:19,PROD159,CUST360,Electronics,Bank Transfer,130.97,4
ORD3752,01-09-2024 08:49,PROD34,CUST707,Fashion,Debit Card,1515.14,10
ORD3753,9/28/24 19:49,PROD31,CUST818,Home Appliances,Bank Transfer,307.19,10
ORD3754,4/29/24 16:33,PROD31,CUST900,Books,Bank Transfer,1886.56,7
ORD3755,3/19/24 23:11,PROD7,CUST591,Home Appliances,Debit Card,1750.22,10
ORD3756,8/18/24 1:46,PROD139,CUST184,Books,Debit Card,1536.99,3
ORD3757,09-03-2024 09:38,PROD95,CUST345,Toys,Credit Card,77.34,9
ORD3758,04-03-2024 06:37,PROD42,CUST317,Fashion,PayPal,1543.62,7
ORD3759,06-12-2024 16:19,PROD173,CUST391,Toys,Bank Transfer,1461.49,5
ORD3760,4/13/24 18:01,PROD175,CUST95,Fashion,Credit Card,459.63,7
ORD3761,10-02-2024 08:20,PROD192,CUST62,Books,PayPal,1086.68,1
ORD3762,7/20/24 6:19,PROD69,CUST263,Fashion,PayPal,1013.97,1
ORD3763,1/13/24 3:11,PROD42,CUST538,Electronics,PayPal,1339.71,4
ORD3764,4/21/24 23:50,PROD72,CUST567,Fashion,Bank Transfer,1805.5,3
ORD3765,02-12-2024 17:46,PROD115,CUST525,Electronics,Debit Card,936.11,9
ORD3766,11-10-2024 07:25,PROD119,CUST679,Home Appliances,PayPal,396.19,4
ORD3767,7/15/24 3:28,PROD110,CUST936,Fashion,Bank Transfer,1373.08,10
ORD3768,1/19/24 10:00,PROD9,CUST820,Books,Credit Card,286.5,1
ORD3769,01-06-2024 16:47,PROD70,CUST885,Toys,Debit Card,749.5,4
ORD3770,2/24/24 17:17,PROD183,CUST115,Toys,Debit Card,877.63,9
ORD3771,3/14/24 0:50,PROD24,CUST216,Toys,Credit Card,754.88,4
ORD3772,09-05-2024 14:42,PROD122,CUST207,Fashion,Credit Card,493.26,4
ORD3773,01-03-2024 16:59,PROD70,CUST904,Books,Cash,1902.52,1
ORD3774,03-08-2024 13:49,PROD133,CUST530,Electronics,Cash,908.85,1
ORD3775,05-08-2024 17:20,PROD102,CUST255,Books,Bank Transfer,1627.1,8
ORD3776,04-12-2024 09:13,PROD111,CUST970,Electronics,PayPal,79.7,3
ORD3777,03-10-2024 03:30,PROD192,CUST378,Home Appliances,Debit Card,1141.31,2
ORD3778,5/22/24 4:47,PROD97,CUST485,Books,Credit Card,1588.66,2
ORD3779,4/25/24 22:58,PROD110,CUST218,Toys,Debit Card,1530.7,6
ORD3780,5/17/24 17:50,PROD132,CUST601,Books,Bank Transfer,1152.79,3
ORD3781,2/22/24 9:47,PROD112,CUST924,Books,Credit Card,1732.85,6
ORD3782,2/27/24 19:15,PROD187,CUST914,Electronics,Bank Transfer,1566.84,1
ORD3783,05-04-2024 04:53,PROD70,CUST129,Fashion,PayPal,499.9,2
ORD3784,8/26/24 19:05,PROD47,CUST480,Electronics,Credit Card,421.52,9
ORD3785,5/16/24 9:35,PROD84,CUST406,Books,PayPal,951.73,6
ORD3786,05-05-2024 21:41,PROD48,CUST747,Fashion,Bank Transfer,1303.43,4
ORD3787,01-11-2024 22:22,PROD104,CUST338,Electronics,Credit Card,49.78,3
ORD3788,04-06-2024 05:29,PROD187,CUST700,Fashion,Bank Transfer,798.06,4
ORD3789,3/18/24 14:59,PROD1,CUST393,Electronics,Bank Transfer,958.44,10
ORD3790,6/14/24 1:51,PROD97,CUST728,Home Appliances,Bank Transfer,725.89,1
ORD3791,06-05-2024 23:27,PROD88,CUST936,Home Appliances,Debit Card,564.35,2
ORD3792,4/21/24 21:09,PROD115,CUST254,Books,PayPal,73.51,3
ORD3793,10/25/24 19:28,PROD71,CUST283,Electronics,Debit Card,1007.66,8
ORD3794,06-03-2024 23:19,PROD138,CUST916,Home Appliances,Bank Transfer,1559.06,8
ORD3795,4/15/24 7:01,PROD52,CUST76,Books,PayPal,746.36,1
ORD3796,6/22/24 5:00,PROD143,CUST893,Books,Debit Card,1765.89,2
ORD3797,10/16/24 4:35,PROD84,CUST598,Books,Debit Card,650.37,4
ORD3798,5/25/24 19:04,PROD126,CUST228,Toys,Cash,1293.15,9
ORD3799,06-04-2024 08:10,PROD163,CUST116,Books,Cash,1412.14,1
ORD3800,3/18/24 7:38,PROD189,CUST712,Fashion,Bank Transfer,1683.25,4
ORD3801,9/17/24 1:08,PROD90,CUST220,Electronics,Bank Transfer,1981.48,1
ORD3802,03-10-2024 14:33,PROD147,CUST818,Fashion,PayPal,1584.14,5
ORD3803,08-01-2024 15:20,PROD60,CUST577,Books,Bank Transfer,64.46,10
ORD3804,9/20/24 16:39,PROD134,CUST662,Books,Cash,1670.72,10
ORD3805,2/14/24 14:59,PROD195,CUST854,Electronics,Bank Transfer,1083.03,9
ORD3806,4/21/24 4:44,PROD32,CUST818,Electronics,Cash,389.11,6
ORD3807,07-09-2024 04:37,PROD121,CUST377,Books,Cash,1235.96,5
ORD3808,3/27/24 5:54,PROD42,CUST642,Toys,Debit Card,950.93,9
ORD3809,1/27/24 3:43,PROD121,CUST245,Home Appliances,Debit Card,583.83,4
ORD3810,01-09-2024 00:28,PROD135,CUST779,Books,Credit Card,1001.03,6
ORD3811,7/20/24 16:15,PROD55,CUST794,Electronics,Bank Transfer,1158.04,1
ORD3812,4/30/24 12:24,PROD15,CUST855,Toys,Cash,1146.05,5
ORD3813,10/26/24 0:06,PROD171,CUST334,Toys,Credit Card,1960.66,1
ORD3814,1/22/24 6:28,PROD56,CUST764,Toys,Debit Card,375.66,6
ORD3815,2/16/24 9:03,PROD94,CUST355,Electronics,Debit Card,1278.4,1
ORD3816,9/26/24 4:20,PROD35,CUST478,Books,Debit Card,270.46,4
ORD3817,4/27/24 21:07,PROD147,CUST785,Electronics,Debit Card,1409.38,9
ORD3818,07-09-2024 19:03,PROD47,CUST394,Fashion,PayPal,819.94,7
ORD3819,10/20/24 23:12,PROD43,CUST37,Books,Bank Transfer,1845.2,1
ORD3820,03-06-2024 18:52,PROD166,CUST227,Home Appliances,Bank Transfer,854.55,6
ORD3821,09-07-2024 04:42,PROD156,CUST65,Books,Cash,1027.22,3
ORD3822,10/15/24 20:42,PROD27,CUST86,Home Appliances,Credit Card,518.45,2
ORD3823,09-06-2024 05:22,PROD93,CUST558,Fashion,Credit Card,396.89,8
ORD3824,08-08-2024 21:10,PROD109,CUST311,Books,Credit Card,1179.91,8
ORD3825,4/18/24 23:44,PROD161,CUST589,Toys,Bank Transfer,108.4,7
ORD3826,5/17/24 12:07,PROD43,CUST689,Books,Cash,1404.86,7
ORD3827,1/19/24 1:35,PROD101,CUST442,Electronics,Credit Card,1011.3,9
ORD3828,08-10-2024 13:53,PROD132,CUST502,Home Appliances,Credit Card,1787.91,2
ORD3829,08-03-2024 09:15,PROD179,CUST442,Toys,Bank Transfer,1085.22,8
ORD3830,8/26/24 19:48,PROD68,CUST328,Electronics,Credit Card,1542.9,7
ORD3831,4/28/24 8:00,PROD140,CUST379,Books,Credit Card,324.08,1
ORD3832,11-12-2024 00:03,PROD195,CUST128,Toys,PayPal,342.73,10
ORD3833,2/14/24 16:24,PROD16,CUST973,Books,PayPal,27.63,2
ORD3834,10/29/24 12:38,PROD170,CUST377,Fashion,Bank Transfer,1663.03,9
ORD3835,09-01-2024 06:06,PROD27,CUST305,Books,Credit Card,1201.27,5
ORD3836,2/19/24 11:08,PROD83,CUST303,Fashion,PayPal,820.92,9
ORD3837,3/21/24 23:54,PROD19,CUST462,Toys,Credit Card,1662.64,1
ORD3838,04-12-2024 03:40,PROD125,CUST628,Books,PayPal,1420.04,6
ORD3839,08-08-2024 23:12,PROD55,CUST991,Fashion,PayPal,369.65,9
ORD3840,05-06-2024 19:16,PROD173,CUST882,Books,PayPal,1306.23,5
ORD3841,11-01-2024 05:14,PROD13,CUST893,Toys,Bank Transfer,563.52,4
ORD3842,02-05-2024 12:02,PROD198,CUST827,Electronics,Credit Card,1906.82,6
ORD3843,2/16/24 13:05,PROD194,CUST105,Electronics,Credit Card,546.87,8
ORD3844,8/21/24 16:50,PROD46,CUST949,Books,Debit Card,1114.57,7
ORD3845,9/15/24 17:52,PROD80,CUST751,Books,PayPal,336.1,5
ORD3846,9/18/24 17:39,PROD131,CUST111,Fashion,Cash,1343.84,3
ORD3847,1/14/24 3:15,PROD51,CUST441,Electronics,Credit Card,1026.89,9
ORD3848,2/15/24 12:28,PROD171,CUST287,Toys,PayPal,1488.55,3
ORD3849,5/19/24 3:59,PROD149,CUST890,Fashion,Debit Card,472.25,9
ORD3850,3/14/24 15:11,PROD151,CUST565,Home Appliances,Bank Transfer,1038.93,7
ORD3851,4/14/24 6:03,PROD36,CUST298,Home Appliances,Credit Card,1888.51,7
ORD3852,1/21/24 0:42,PROD44,CUST36,Home Appliances,Debit Card,1333,8
ORD3853,09-04-2024 19:31,PROD67,CUST867,Home Appliances,Bank Transfer,947.98,5
ORD3854,8/15/24 19:09,PROD111,CUST520,Electronics,Cash,583.33,2
ORD3855,08-03-2024 19:22,PROD191,CUST550,Books,Bank Transfer,70.49,5
ORD3856,09-11-2024 00:15,PROD185,CUST658,Home Appliances,Bank Transfer,619.69,4
ORD3857,05-08-2024 21:55,PROD169,CUST817,Fashion,Cash,141.32,7
ORD3858,10/21/24 11:46,PROD101,CUST118,Books,Bank Transfer,803.26,2
ORD3859,10-04-2024 13:29,PROD48,CUST750,Electronics,Debit Card,1714.46,3
ORD3860,7/25/24 2:27,PROD24,CUST937,Toys,Credit Card,1050.33,3
ORD3861,3/17/24 20:26,PROD103,CUST982,Electronics,Bank Transfer,1848.59,10
ORD3862,08-03-2024 01:07,PROD110,CUST867,Toys,Bank Transfer,643.06,3
ORD3863,07-09-2024 07:23,PROD73,CUST24,Fashion,Bank Transfer,1561.58,9
ORD3864,03-06-2024 05:33,PROD157,CUST915,Books,PayPal,984.3,10
ORD3865,10-06-2024 15:16,PROD7,CUST859,Electronics,PayPal,1709.45,9
ORD3866,2/23/24 12:38,PROD19,CUST895,Toys,PayPal,1736.02,9
ORD3867,04-05-2024 13:49,PROD106,CUST300,Toys,Cash,453.42,5
ORD3868,10-04-2024 17:00,PROD92,CUST315,Toys,Debit Card,594.46,7
ORD3869,2/16/24 20:52,PROD50,CUST896,Books,Credit Card,956.04,4
ORD3870,10-10-2024 16:07,PROD176,CUST96,Fashion,PayPal,1035.99,8
ORD3871,3/30/24 10:13,PROD83,CUST802,Books,Credit Card,1125.6,5
ORD3872,6/21/24 6:46,PROD73,CUST638,Electronics,Cash,1434.35,7
ORD3873,4/17/24 12:15,PROD60,CUST765,Electronics,Debit Card,760.02,3
ORD3874,10-04-2024 06:44,PROD93,CUST173,Electronics,Credit Card,928.23,6
ORD3875,1/21/24 21:52,PROD114,CUST4,Fashion,PayPal,503.19,3
ORD3876,7/23/24 17:32,PROD2,CUST605,Home Appliances,PayPal,1465.81,1
ORD3877,4/27/24 0:46,PROD34,CUST197,Electronics,PayPal,804.41,10
ORD3878,10/28/24 14:48,PROD174,CUST68,Electronics,Debit Card,1146.24,9
ORD3879,04-05-2024 11:14,PROD160,CUST588,Home Appliances,PayPal,1218.2,2
ORD3880,08-01-2024 23:15,PROD164,CUST61,Fashion,Bank Transfer,653.94,1
ORD3881,4/23/24 0:40,PROD84,CUST417,Toys,Cash,1834.4,3
ORD3882,10-09-2024 00:10,PROD170,CUST71,Fashion,Bank Transfer,1943.28,2
ORD3883,8/18/24 9:41,PROD183,CUST247,Toys,Credit Card,1920.93,4
ORD3884,10/30/24 9:06,PROD120,CUST435,Electronics,Bank Transfer,136.41,9
ORD3885,3/22/24 4:30,PROD167,CUST903,Toys,PayPal,85.78,8
ORD3886,5/14/24 23:56,PROD65,CUST124,Home Appliances,Bank Transfer,92.46,4
ORD3887,2/23/24 11:55,PROD72,CUST218,Toys,PayPal,349.82,3
ORD3888,08-09-2024 08:02,PROD183,CUST708,Toys,Bank Transfer,852.62,10
ORD3889,02-06-2024 14:18,PROD56,CUST470,Fashion,PayPal,1315.32,8
ORD3890,2/16/24 23:01,PROD140,CUST703,Books,Cash,864.36,6
ORD3891,8/26/24 2:21,PROD144,CUST743,Toys,Credit Card,808.82,7
ORD3892,7/25/24 20:09,PROD118,CUST206,Fashion,PayPal,1495.59,10
ORD3893,7/20/24 11:40,PROD64,CUST70,Electronics,PayPal,1685.78,6
ORD3894,9/18/24 5:43,PROD162,CUST541,Home Appliances,PayPal,1277.01,1
ORD3895,6/16/24 12:43,PROD103,CUST752,Toys,PayPal,1560.53,2
ORD3896,5/18/24 20:51,PROD119,CUST453,Home Appliances,Credit Card,1827.96,8
ORD3897,5/30/24 2:53,PROD172,CUST344,Toys,PayPal,951.11,8
ORD3898,09-03-2024 06:45,PROD64,CUST41,Home Appliances,Cash,1695.95,5
ORD3899,3/23/24 17:05,PROD7,CUST840,Home Appliances,Cash,995.06,8
ORD3900,1/27/24 21:32,PROD190,CUST186,Electronics,Cash,885.66,10
ORD3901,6/14/24 12:02,PROD65,CUST235,Books,Cash,1702.01,9
ORD3902,03-08-2024 12:47,PROD154,CUST998,Electronics,PayPal,1487.94,1
ORD3903,9/21/24 11:35,PROD183,CUST359,Toys,Bank Transfer,1897.45,3
ORD3904,8/26/24 23:50,PROD34,CUST575,Fashion,Debit Card,299.24,2
ORD3905,11-01-2024 10:03,PROD73,CUST14,Fashion,Bank Transfer,1346.72,8
ORD3906,10/20/24 13:36,PROD134,CUST280,Fashion,Credit Card,670.84,3
ORD3907,09-09-2024 12:35,PROD154,CUST372,Fashion,Bank Transfer,1217.85,9
ORD3908,2/23/24 23:07,PROD119,CUST677,Books,Cash,1295.71,7
ORD3909,5/24/24 9:03,PROD66,CUST855,Fashion,Debit Card,1129.61,8
ORD3910,5/20/24 1:40,PROD139,CUST687,Fashion,Bank Transfer,1471.98,2
ORD3911,04-01-2024 00:50,PROD199,CUST75,Electronics,Credit Card,222.74,7
ORD3912,5/18/24 8:36,PROD154,CUST12,Fashion,Credit Card,1347.86,3
ORD3913,06-10-2024 13:02,PROD54,CUST975,Books,Credit Card,845.8,8
ORD3914,7/27/24 7:22,PROD165,CUST46,Home Appliances,Bank Transfer,1195.03,10
ORD3915,7/28/24 3:00,PROD156,CUST295,Books,Credit Card,242.62,7
ORD3916,9/28/24 23:40,PROD115,CUST119,Toys,Bank Transfer,1857.95,4
ORD3917,03-01-2024 23:33,PROD165,CUST681,Electronics,Debit Card,171.38,8
ORD3918,03-01-2024 21:00,PROD25,CUST883,Toys,Cash,1982.45,3
ORD3919,11/14/24 0:06,PROD136,CUST843,Electronics,Cash,1148.28,3
ORD3920,06-08-2024 21:18,PROD179,CUST687,Books,Cash,1537.23,5
ORD3921,09-08-2024 15:09,PROD154,CUST21,Home Appliances,Debit Card,20.02,2
ORD3922,3/23/24 7:40,PROD178,CUST11,Toys,PayPal,1527.98,2
ORD3923,7/31/24 22:53,PROD122,CUST910,Electronics,Debit Card,1981.33,7
ORD3924,03-01-2024 06:25,PROD57,CUST213,Toys,Credit Card,1231.3,4
ORD3925,9/18/24 12:26,PROD133,CUST673,Fashion,PayPal,1856.5,9
ORD3926,01-12-2024 11:50,PROD83,CUST990,Home Appliances,Credit Card,1508.91,5
ORD3927,4/27/24 22:08,PROD191,CUST951,Home Appliances,Bank Transfer,1050.12,8
ORD3928,04-01-2024 23:04,PROD74,CUST222,Electronics,Credit Card,1329.72,7
ORD3929,04-04-2024 19:37,PROD15,CUST314,Books,Debit Card,1254.88,1
ORD3930,04-09-2024 18:22,PROD1,CUST595,Electronics,Bank Transfer,143.95,2
ORD3931,03-10-2024 17:38,PROD95,CUST602,Electronics,PayPal,1176.36,5
ORD3932,3/18/24 16:15,PROD52,CUST475,Fashion,Debit Card,285.45,3
ORD3933,04-07-2024 00:24,PROD50,CUST332,Home Appliances,Debit Card,1259.5,6
ORD3934,10/14/24 6:50,PROD25,CUST673,Electronics,Bank Transfer,1856.4,3
ORD3935,3/30/24 3:49,PROD115,CUST915,Fashion,Debit Card,1723.01,5
ORD3936,7/14/24 11:26,PROD63,CUST596,Toys,PayPal,1205.8,10
ORD3937,2/26/24 7:44,PROD200,CUST940,Electronics,Bank Transfer,878.18,9
ORD3938,5/22/24 19:16,PROD54,CUST707,Fashion,Bank Transfer,1698.53,8
ORD3939,1/30/24 18:59,PROD117,CUST476,Books,PayPal,1647.44,6
ORD3940,5/18/24 9:13,PROD53,CUST344,Toys,Credit Card,192.17,7
ORD3941,11-08-2024 17:18,PROD72,CUST989,Home Appliances,Credit Card,1991.1,10
ORD3942,2/22/24 6:51,PROD111,CUST40,Books,Bank Transfer,547.5,1
ORD3943,06-02-2024 09:50,PROD170,CUST291,Fashion,Bank Transfer,272.81,2
ORD3944,9/25/24 7:27,PROD166,CUST254,Fashion,PayPal,152.85,2
ORD3945,2/16/24 7:05,PROD196,CUST608,Books,Debit Card,717.31,7
ORD3946,8/25/24 8:51,PROD184,CUST478,Fashion,Debit Card,1247.43,1
ORD3947,9/25/24 2:03,PROD138,CUST914,Home Appliances,PayPal,558.55,10
ORD3948,11/15/24 1:45,PROD32,CUST978,Fashion,Debit Card,1345.73,6
ORD3949,11-12-2024 03:42,PROD84,CUST849,Books,Cash,1659.25,9
ORD3950,09-09-2024 13:02,PROD102,CUST87,Fashion,PayPal,1865.36,6
ORD3951,6/16/24 8:06,PROD97,CUST801,Toys,Credit Card,538.05,3
ORD3952,10-11-2024 17:33,PROD85,CUST106,Toys,Cash,293.38,10
ORD3953,8/14/24 0:18,PROD132,CUST573,Fashion,Credit Card,1082.78,6
ORD3954,7/24/24 20:07,PROD11,CUST301,Toys,Cash,38.41,10
ORD3955,06-02-2024 13:54,PROD75,CUST814,Fashion,Bank Transfer,1138.39,8
ORD3956,02-10-2024 00:35,PROD183,CUST730,Home Appliances,Cash,595.88,5
ORD3957,5/22/24 23:33,PROD141,CUST232,Fashion,Bank Transfer,1904.79,1
ORD3958,06-02-2024 13:46,PROD74,CUST158,Toys,Credit Card,1424.46,3
ORD3959,2/22/24 5:38,PROD72,CUST685,Home Appliances,Bank Transfer,197.65,8
ORD3960,7/30/24 19:33,PROD5,CUST563,Fashion,Cash,722.5,3
ORD3961,07-03-2024 21:34,PROD165,CUST924,Books,PayPal,1550.46,2
ORD3962,9/18/24 19:09,PROD120,CUST944,Books,Credit Card,836.74,3
ORD3963,3/23/24 16:03,PROD4,CUST420,Electronics,Debit Card,1021.98,1
ORD3964,8/29/24 8:22,PROD118,CUST265,Toys,Debit Card,1664.53,6
ORD3965,2/27/24 2:41,PROD196,CUST402,Electronics,Debit Card,831.75,9
ORD3966,07-06-2024 01:02,PROD126,CUST821,Books,Bank Transfer,1182.08,7
ORD3967,2/18/24 2:53,PROD162,CUST856,Electronics,Cash,522.72,4
ORD3968,7/22/24 18:07,PROD164,CUST261,Fashion,Cash,1807.23,3
ORD3969,6/19/24 19:01,PROD55,CUST677,Home Appliances,PayPal,1458,4
ORD3970,8/22/24 8:53,PROD122,CUST466,Home Appliances,PayPal,1581.25,8
ORD3971,06-09-2024 06:21,PROD188,CUST931,Fashion,Debit Card,1599.54,4
ORD3972,1/29/24 15:33,PROD59,CUST382,Electronics,PayPal,1345.85,7
ORD3973,1/29/24 13:15,PROD146,CUST863,Fashion,Cash,461.49,3
ORD3974,10/19/24 21:53,PROD56,CUST374,Electronics,Debit Card,521.93,7
ORD3975,8/16/24 2:23,PROD164,CUST745,Home Appliances,Credit Card,271.16,10
ORD3976,4/21/24 0:30,PROD151,CUST148,Books,PayPal,1136.53,9
ORD3977,04-08-2024 04:52,PROD80,CUST466,Home Appliances,Debit Card,565.48,7
ORD3978,10-05-2024 16:24,PROD128,CUST955,Toys,Cash,1539,5
ORD3979,9/22/24 6:59,PROD94,CUST214,Toys,Cash,32.61,8
ORD3980,09-08-2024 15:13,PROD19,CUST433,Home Appliances,Credit Card,1616.71,5
ORD3981,07-08-2024 12:46,PROD35,CUST933,Fashion,Bank Transfer,1644.04,10
ORD3982,10-09-2024 21:14,PROD53,CUST936,Electronics,Cash,271.43,1
ORD3983,06-07-2024 16:01,PROD4,CUST789,Fashion,Debit Card,1025.58,2
ORD3984,11-08-2024 17:38,PROD107,CUST511,Electronics,Credit Card,922.66,7
ORD3985,05-01-2024 19:54,PROD94,CUST606,Toys,PayPal,1987.41,10
ORD3986,2/20/24 13:07,PROD165,CUST967,Books,Credit Card,1473.99,4
ORD3987,06-06-2024 13:53,PROD50,CUST434,Electronics,Bank Transfer,1333.42,9
ORD3988,10/14/24 13:11,PROD167,CUST949,Home Appliances,Cash,1282.53,4
ORD3989,2/25/24 18:08,PROD189,CUST499,Books,Credit Card,1585.55,2
ORD3990,07-11-2024 11:55,PROD128,CUST34,Fashion,Cash,915.06,4
ORD3991,11-06-2024 23:41,PROD74,CUST849,Books,Cash,1984.45,4
ORD3992,3/19/24 14:27,PROD16,CUST241,Books,Debit Card,618.96,5
ORD3993,01-09-2024 07:57,PROD192,CUST190,Toys,Cash,818.46,7
ORD3994,2/28/24 5:11,PROD173,CUST347,Toys,PayPal,1932.68,1
ORD3995,11-08-2024 01:13,PROD58,CUST602,Fashion,Bank Transfer,46.55,7
ORD3996,7/18/24 12:58,PROD12,CUST844,Home Appliances,Credit Card,1583.23,8
ORD3997,04-11-2024 11:06,PROD68,CUST462,Fashion,PayPal,363.64,6
ORD3998,04-12-2024 09:47,PROD94,CUST955,Fashion,Debit Card,1002.3,1
ORD3999,8/13/24 15:30,PROD31,CUST267,Home Appliances,PayPal,1765.44,7
ORD4000,3/21/24 17:16,PROD157,CUST162,Books,PayPal,1616.07,10
ORD4001,05-05-2024 04:29,PROD31,CUST526,Toys,PayPal,1764.53,6
ORD4002,10-11-2024 02:28,PROD174,CUST797,Books,Bank Transfer,37.75,4
ORD4003,10/17/24 8:41,PROD94,CUST946,Electronics,Debit Card,76.53,5
ORD4004,4/18/24 19:31,PROD73,CUST552,Fashion,PayPal,1588.65,6
ORD4005,3/21/24 16:32,PROD189,CUST108,Toys,Debit Card,214.86,3
ORD4006,04-08-2024 13:34,PROD78,CUST241,Home Appliances,PayPal,562.9,1
ORD4007,6/28/24 18:26,PROD24,CUST272,Books,PayPal,1227.27,5
ORD4008,09-10-2024 06:43,PROD179,CUST767,Electronics,Debit Card,439.18,8
ORD4009,6/27/24 21:57,PROD119,CUST863,Electronics,Debit Card,77.07,6
ORD4010,6/25/24 9:13,PROD89,CUST627,Electronics,PayPal,1511.73,10
ORD4011,3/28/24 14:27,PROD178,CUST279,Electronics,Debit Card,1640.75,7
ORD4012,07-02-2024 03:27,PROD44,CUST970,Electronics,Cash,539.29,10
ORD4013,8/14/24 3:02,PROD103,CUST887,Home Appliances,Credit Card,1234.21,7
ORD4014,11-01-2024 03:30,PROD125,CUST434,Books,PayPal,1216.89,8
ORD4015,8/24/24 6:13,PROD48,CUST821,Books,Credit Card,104.32,4
ORD4016,6/30/24 21:49,PROD178,CUST723,Home Appliances,PayPal,1728.47,8
ORD4017,09-05-2024 18:00,PROD105,CUST935,Electronics,PayPal,965.46,3
ORD4018,2/24/24 2:44,PROD195,CUST320,Toys,Credit Card,68.67,7
ORD4019,2/27/24 5:23,PROD100,CUST296,Fashion,Bank Transfer,269.25,2
ORD4020,06-12-2024 12:25,PROD19,CUST791,Toys,Credit Card,511.88,10
ORD4021,4/25/24 12:31,PROD145,CUST758,Books,Debit Card,1640.6,5
ORD4022,11-01-2024 15:38,PROD117,CUST417,Books,Credit Card,1602.25,8
ORD4023,05-11-2024 14:21,PROD48,CUST825,Fashion,Credit Card,1988.66,8
ORD4024,08-09-2024 05:57,PROD16,CUST874,Electronics,Cash,163.87,9
ORD4025,4/14/24 12:22,PROD115,CUST562,Toys,Credit Card,117.47,10
ORD4026,09-03-2024 17:15,PROD51,CUST147,Toys,PayPal,1226.5,9
ORD4027,08-09-2024 10:31,PROD8,CUST488,Books,Cash,1779.4,1
ORD4028,4/25/24 7:08,PROD120,CUST80,Home Appliances,Credit Card,837.81,3
ORD4029,8/21/24 12:52,PROD187,CUST877,Toys,PayPal,1679.29,8
ORD4030,11-11-2024 15:08,PROD78,CUST890,Books,Cash,1756.5,1
ORD4031,10/31/24 5:02,PROD191,CUST341,Toys,Cash,1144.87,1
ORD4032,3/21/24 15:06,PROD65,CUST985,Fashion,PayPal,1755.89,6
ORD4033,9/24/24 19:44,PROD92,CUST491,Fashion,Credit Card,1966.73,10
ORD4034,9/17/24 3:12,PROD47,CUST971,Toys,PayPal,1998.13,8
ORD4035,03-05-2024 05:33,PROD116,CUST761,Toys,Credit Card,744.69,7
ORD4036,2/28/24 7:51,PROD132,CUST555,Home Appliances,Credit Card,1564.85,2
ORD4037,06-03-2024 03:22,PROD27,CUST149,Toys,Cash,88.83,5
ORD4038,10/21/24 22:20,PROD116,CUST935,Home Appliances,Bank Transfer,713.93,6
ORD4039,1/22/24 13:55,PROD3,CUST710,Toys,Cash,950.52,8
ORD4040,10-08-2024 04:00,PROD180,CUST325,Fashion,Credit Card,285.2,9
ORD4041,1/23/24 6:03,PROD68,CUST81,Fashion,Debit Card,1590.69,6
ORD4042,4/18/24 11:51,PROD48,CUST752,Electronics,Cash,1016.62,7
ORD4043,9/19/24 20:57,PROD55,CUST378,Electronics,Credit Card,1456.69,4
ORD4044,02-07-2024 15:14,PROD88,CUST657,Books,PayPal,1150.04,8
ORD4045,8/21/24 9:48,PROD136,CUST948,Toys,PayPal,1828.98,8
ORD4046,10-05-2024 09:13,PROD25,CUST382,Books,Credit Card,49.07,4
ORD4047,8/14/24 23:56,PROD79,CUST372,Toys,PayPal,822.47,10
ORD4048,11-03-2024 22:15,PROD161,CUST474,Toys,Cash,1726.05,2
ORD4049,01-02-2024 01:35,PROD83,CUST754,Books,Cash,1117.19,6
ORD4050,04-12-2024 16:05,PROD42,CUST64,Toys,PayPal,44.96,6
ORD4051,5/19/24 6:17,PROD185,CUST456,Toys,Cash,1930.54,3
ORD4052,1/17/24 5:04,PROD111,CUST910,Books,Credit Card,497.27,10
ORD4053,8/30/24 10:04,PROD30,CUST711,Fashion,Cash,1154.17,10
ORD4054,9/16/24 15:43,PROD30,CUST2,Home Appliances,Cash,682.54,9
ORD4055,02-03-2024 15:30,PROD133,CUST887,Toys,Debit Card,1184.48,3
ORD4056,10/23/24 10:20,PROD113,CUST390,Home Appliances,Credit Card,1057.17,8
ORD4057,4/30/24 12:50,PROD99,CUST488,Home Appliances,Credit Card,365.17,2
ORD4058,09-11-2024 22:15,PROD51,CUST560,Electronics,Credit Card,593.07,7
ORD4059,6/15/24 5:38,PROD6,CUST424,Books,Debit Card,119.14,1
ORD4060,06-03-2024 23:53,PROD160,CUST616,Home Appliances,Cash,1419.94,2
ORD4061,10/30/24 15:31,PROD149,CUST736,Books,Cash,1471.47,3
ORD4062,01-12-2024 08:16,PROD96,CUST498,Fashion,Credit Card,486.13,9
ORD4063,3/24/24 6:29,PROD54,CUST919,Electronics,Bank Transfer,1842.8,5
ORD4064,7/18/24 5:08,PROD74,CUST322,Electronics,PayPal,1642.86,5
ORD4065,01-06-2024 07:33,PROD159,CUST761,Electronics,PayPal,1452.03,5
ORD4066,5/15/24 3:38,PROD117,CUST338,Books,Bank Transfer,1723.89,6
ORD4067,06-01-2024 05:19,PROD54,CUST359,Electronics,Debit Card,1750.41,6
ORD4068,3/26/24 12:09,PROD169,CUST426,Books,Debit Card,885.14,2
ORD4069,7/30/24 2:31,PROD111,CUST681,Fashion,Credit Card,54.23,4
ORD4070,3/22/24 8:08,PROD43,CUST444,Home Appliances,Bank Transfer,1323.66,2
ORD4071,10/27/24 11:19,PROD87,CUST301,Books,PayPal,1410.38,6
ORD4072,7/18/24 9:34,PROD89,CUST737,Electronics,Debit Card,641.84,7
ORD4073,1/22/24 11:54,PROD76,CUST110,Electronics,PayPal,617.01,3
ORD4074,04-05-2024 21:55,PROD166,CUST616,Books,Bank Transfer,1142.35,8
ORD4075,4/14/24 0:47,PROD156,CUST150,Books,Debit Card,710.54,6
ORD4076,3/26/24 23:43,PROD151,CUST730,Home Appliances,PayPal,1871.66,6
ORD4077,09-06-2024 22:20,PROD122,CUST803,Electronics,Debit Card,509.28,6
ORD4078,1/22/24 8:17,PROD99,CUST126,Toys,Credit Card,1241.32,9
ORD4079,03-10-2024 03:51,PROD141,CUST101,Books,Debit Card,819.41,9
ORD4080,03-01-2024 15:00,PROD136,CUST421,Books,Bank Transfer,628.45,4
ORD4081,07-02-2024 11:22,PROD104,CUST732,Books,Cash,80.38,6
ORD4082,9/17/24 23:05,PROD140,CUST606,Toys,Credit Card,560.28,10
ORD4083,08-04-2024 23:08,PROD165,CUST728,Books,Debit Card,1819.06,5
ORD4084,1/27/24 14:39,PROD172,CUST288,Home Appliances,PayPal,624.25,1
ORD4085,4/22/24 23:57,PROD60,CUST465,Books,Credit Card,143.73,10
ORD4086,6/17/24 16:05,PROD63,CUST449,Fashion,Bank Transfer,152.16,3
ORD4087,3/29/24 21:27,PROD182,CUST267,Books,Bank Transfer,263.6,7
ORD4088,08-09-2024 12:19,PROD66,CUST14,Toys,Credit Card,1984,5
ORD4089,11-11-2024 14:37,PROD34,CUST633,Books,PayPal,740.42,1
ORD4090,08-12-2024 01:57,PROD6,CUST459,Home Appliances,Bank Transfer,297.69,9
ORD4091,6/14/24 5:27,PROD57,CUST51,Books,Bank Transfer,24.16,6
ORD4092,1/26/24 6:06,PROD31,CUST716,Books,Bank Transfer,800.33,9
ORD4093,4/27/24 0:35,PROD24,CUST420,Books,Credit Card,1139.48,8
ORD4094,4/15/24 18:35,PROD118,CUST699,Electronics,Cash,200.35,5
ORD4095,02-09-2024 14:56,PROD59,CUST145,Electronics,Credit Card,309.79,6
ORD4096,1/27/24 7:37,PROD63,CUST315,Fashion,Bank Transfer,1476.88,7
ORD4097,04-09-2024 20:40,PROD21,CUST338,Electronics,Cash,1329.51,2
ORD4098,5/14/24 4:21,PROD177,CUST129,Electronics,Bank Transfer,1085.16,2
ORD4099,03-04-2024 01:15,PROD38,CUST453,Toys,PayPal,279.1,8
ORD4100,11-06-2024 21:25,PROD135,CUST915,Home Appliances,Bank Transfer,447.53,4
ORD4101,3/24/24 13:17,PROD102,CUST177,Home Appliances,Bank Transfer,1770.74,1
ORD4102,06-09-2024 22:14,PROD104,CUST493,Home Appliances,Cash,1660.13,7
ORD4103,04-10-2024 17:36,PROD61,CUST641,Home Appliances,Cash,621.83,5
ORD4104,7/16/24 21:11,PROD25,CUST627,Electronics,Cash,519.94,7
ORD4105,2/27/24 15:53,PROD18,CUST558,Toys,Cash,607.99,2
ORD4106,9/27/24 16:19,PROD142,CUST415,Home Appliances,Cash,1383.87,8
ORD4107,02-04-2024 06:27,PROD186,CUST733,Fashion,Debit Card,883.03,3
ORD4108,08-01-2024 22:25,PROD129,CUST25,Electronics,PayPal,1358.64,4
ORD4109,3/17/24 18:13,PROD37,CUST967,Toys,Credit Card,1938.39,8
ORD4110,3/24/24 16:00,PROD167,CUST870,Books,Debit Card,1103.53,7
ORD4111,3/23/24 9:00,PROD186,CUST158,Fashion,PayPal,1364.98,9
ORD4112,2/26/24 2:26,PROD94,CUST712,Fashion,PayPal,1218.8,7
ORD4113,4/17/24 13:21,PROD108,CUST693,Home Appliances,Credit Card,1110.5,1
ORD4114,5/22/24 15:54,PROD120,CUST562,Fashion,Credit Card,1436.66,8
ORD4115,05-08-2024 01:25,PROD32,CUST343,Electronics,Credit Card,336.36,10
ORD4116,01-11-2024 11:35,PROD145,CUST363,Electronics,Bank Transfer,845.41,6
ORD4117,7/18/24 23:53,PROD37,CUST978,Toys,Cash,897.8,10
ORD4118,7/21/24 18:01,PROD86,CUST251,Books,PayPal,1382.62,9
ORD4119,09-05-2024 00:47,PROD9,CUST455,Home Appliances,Bank Transfer,1072.03,4
ORD4120,05-07-2024 03:38,PROD103,CUST238,Home Appliances,Bank Transfer,409.05,9
ORD4121,07-07-2024 18:11,PROD108,CUST954,Electronics,Debit Card,762.59,9
ORD4122,8/21/24 13:31,PROD49,CUST87,Books,Bank Transfer,521.91,8
ORD4123,5/23/24 8:59,PROD167,CUST674,Electronics,PayPal,1159.25,8
ORD4124,2/25/24 16:54,PROD56,CUST248,Books,Debit Card,1515.25,4
ORD4125,9/23/24 9:08,PROD140,CUST230,Toys,Debit Card,499.43,7
ORD4126,2/18/24 6:06,PROD136,CUST523,Electronics,Debit Card,1663.2,6
ORD4127,7/14/24 17:53,PROD75,CUST456,Electronics,Debit Card,453.25,10
ORD4128,02-04-2024 12:31,PROD195,CUST345,Home Appliances,Credit Card,1617.61,4
ORD4129,04-10-2024 08:11,PROD181,CUST305,Fashion,Credit Card,1355.69,6
ORD4130,6/29/24 21:55,PROD94,CUST668,Home Appliances,Credit Card,759.55,5
ORD4131,2/14/24 4:52,PROD64,CUST79,Toys,Credit Card,1319.4,1
ORD4132,6/18/24 20:50,PROD96,CUST125,Fashion,PayPal,1774.94,2
ORD4133,10/18/24 13:51,PROD85,CUST461,Home Appliances,Cash,1891.32,8
ORD4134,8/31/24 11:20,PROD131,CUST485,Electronics,PayPal,380.86,6
ORD4135,2/15/24 15:44,PROD110,CUST534,Toys,Credit Card,659.33,5
ORD4136,2/20/24 2:41,PROD51,CUST517,Fashion,Bank Transfer,1322.49,7
ORD4137,08-11-2024 17:43,PROD184,CUST401,Toys,Debit Card,512.08,10
ORD4138,4/18/24 6:41,PROD141,CUST971,Books,Debit Card,144.37,9
ORD4139,1/22/24 17:16,PROD133,CUST221,Electronics,Debit Card,1940.35,9
ORD4140,10-02-2024 03:19,PROD93,CUST88,Electronics,PayPal,909.02,10
ORD4141,6/23/24 2:30,PROD111,CUST869,Home Appliances,PayPal,726.01,7
ORD4142,11-10-2024 17:56,PROD96,CUST908,Books,Credit Card,969.83,2
ORD4143,10/20/24 19:54,PROD53,CUST23,Fashion,Debit Card,1962.52,10
ORD4144,02-09-2024 01:18,PROD142,CUST524,Fashion,PayPal,766.76,7
ORD4145,10/21/24 15:15,PROD188,CUST813,Books,Cash,208.78,2
ORD4146,7/13/24 11:49,PROD39,CUST34,Books,Cash,289.33,9
ORD4147,07-07-2024 23:05,PROD122,CUST457,Home Appliances,Debit Card,1607.51,6
ORD4148,1/29/24 11:41,PROD126,CUST318,Fashion,Bank Transfer,92.87,4
ORD4149,07-11-2024 05:04,PROD165,CUST624,Fashion,Debit Card,948.18,3
ORD4150,7/30/24 9:43,PROD90,CUST773,Electronics,Credit Card,174.67,6
ORD4151,06-01-2024 05:42,PROD20,CUST18,Home Appliances,PayPal,1573.1,7
ORD4152,1/19/24 13:31,PROD163,CUST760,Toys,Debit Card,553.07,6
ORD4153,8/15/24 17:46,PROD57,CUST766,Electronics,PayPal,1193.96,1
ORD4154,2/15/24 13:26,PROD106,CUST244,Toys,Credit Card,1338.16,6
ORD4155,01-05-2024 09:45,PROD171,CUST234,Home Appliances,Cash,1232.78,9
ORD4156,1/27/24 18:14,PROD72,CUST992,Electronics,PayPal,698.13,6
ORD4157,11-05-2024 09:21,PROD120,CUST333,Home Appliances,PayPal,1064.79,1
ORD4158,07-09-2024 18:41,PROD137,CUST735,Home Appliances,Debit Card,905.18,7
ORD4159,10/15/24 23:43,PROD59,CUST985,Fashion,PayPal,189.63,10
ORD4160,3/26/24 16:55,PROD86,CUST133,Electronics,Credit Card,1586.41,9
ORD4161,06-02-2024 10:55,PROD179,CUST429,Home Appliances,PayPal,757.52,8
ORD4162,05-07-2024 22:47,PROD112,CUST938,Home Appliances,Bank Transfer,968.86,1
ORD4163,7/16/24 8:35,PROD14,CUST55,Toys,Debit Card,106.84,3
ORD4164,09-03-2024 12:18,PROD156,CUST399,Fashion,PayPal,1891.03,3
ORD4165,2/14/24 6:06,PROD18,CUST830,Books,Bank Transfer,1104.55,2
ORD4166,04-01-2024 12:52,PROD194,CUST898,Fashion,Credit Card,1029.14,3
ORD4167,1/19/24 18:11,PROD60,CUST630,Books,Debit Card,478.41,3
ORD4168,3/25/24 22:49,PROD134,CUST199,Fashion,Credit Card,357.47,7
ORD4169,10/30/24 5:08,PROD157,CUST341,Home Appliances,Bank Transfer,649.67,3
ORD4170,11-08-2024 22:02,PROD182,CUST119,Books,Bank Transfer,817.34,5
ORD4171,10-01-2024 00:39,PROD72,CUST588,Toys,Debit Card,1913.73,9
ORD4172,10/29/24 7:31,PROD155,CUST20,Electronics,Debit Card,514.87,9
ORD4173,04-02-2024 05:16,PROD54,CUST402,Toys,Bank Transfer,1271.09,8
ORD4174,3/22/24 3:01,PROD146,CUST418,Home Appliances,PayPal,627.03,1
ORD4175,11-01-2024 05:01,PROD171,CUST224,Home Appliances,PayPal,1979.11,5
ORD4176,07-11-2024 00:25,PROD68,CUST300,Fashion,Credit Card,1832.08,5
ORD4177,8/14/24 15:41,PROD42,CUST573,Home Appliances,Credit Card,560.76,9
ORD4178,2/29/24 11:46,PROD118,CUST480,Home Appliances,Debit Card,60.36,1
ORD4179,02-05-2024 19:23,PROD99,CUST590,Toys,Bank Transfer,1990.08,5
ORD4180,6/30/24 23:10,PROD199,CUST505,Toys,Cash,1662.76,3
ORD4181,09-05-2024 15:55,PROD199,CUST614,Toys,Cash,1176.89,8
ORD4182,09-10-2024 01:30,PROD128,CUST593,Toys,Debit Card,1889.25,3
ORD4183,5/17/24 6:22,PROD58,CUST617,Books,Cash,596.83,6
ORD4184,06-09-2024 07:08,PROD100,CUST444,Fashion,PayPal,1583.54,5
ORD4185,1/21/24 8:03,PROD27,CUST356,Toys,Bank Transfer,389.9,10
ORD4186,8/29/24 3:00,PROD101,CUST563,Electronics,Credit Card,1311.86,10
ORD4187,5/13/24 20:09,PROD37,CUST276,Home Appliances,Credit Card,198.43,8
ORD4188,9/16/24 15:13,PROD85,CUST657,Toys,Debit Card,422.49,2
ORD4189,8/14/24 23:57,PROD65,CUST543,Home Appliances,Credit Card,306.98,4
ORD4190,01-06-2024 04:47,PROD120,CUST833,Home Appliances,Debit Card,44.14,3
ORD4191,10/14/24 17:31,PROD168,CUST963,Toys,PayPal,1569.07,7
ORD4192,9/15/24 8:09,PROD145,CUST130,Electronics,Cash,1651.16,1
ORD4193,02-02-2024 12:59,PROD125,CUST484,Books,PayPal,902.75,5
ORD4194,11-05-2024 10:18,PROD182,CUST103,Home Appliances,Bank Transfer,434.33,7
ORD4195,7/21/24 19:45,PROD179,CUST415,Books,Cash,1451.66,9
ORD4196,05-08-2024 04:00,PROD31,CUST633,Books,Debit Card,1674.53,8
ORD4197,06-12-2024 21:42,PROD34,CUST279,Home Appliances,Cash,1745.46,6
ORD4198,11-11-2024 01:39,PROD14,CUST751,Books,Credit Card,740.15,4
ORD4199,04-02-2024 08:28,PROD33,CUST433,Toys,Debit Card,1902.03,1
ORD4200,10-04-2024 08:23,PROD198,CUST115,Home Appliances,Debit Card,1182.87,2
ORD4201,1/22/24 6:48,PROD64,CUST453,Electronics,Credit Card,1906.12,7
ORD4202,1/30/24 14:10,PROD170,CUST920,Electronics,PayPal,1901.6,9
ORD4203,2/27/24 1:45,PROD133,CUST492,Fashion,Credit Card,1281.32,2
ORD4204,01-04-2024 07:43,PROD125,CUST951,Fashion,Cash,1339.55,1
ORD4205,07-03-2024 06:36,PROD60,CUST114,Fashion,PayPal,1203.96,8
ORD4206,1/25/24 22:38,PROD76,CUST512,Toys,Cash,299.5,8
ORD4207,09-10-2024 15:13,PROD91,CUST350,Toys,Credit Card,608.18,6
ORD4208,02-01-2024 11:05,PROD89,CUST826,Home Appliances,Bank Transfer,1801.59,8
ORD4209,5/13/24 5:03,PROD186,CUST736,Home Appliances,Cash,599.66,9
ORD4210,10-02-2024 11:36,PROD1,CUST819,Toys,Cash,858.42,6
ORD4211,2/15/24 22:00,PROD58,CUST417,Fashion,Credit Card,981.96,2
ORD4212,5/29/24 13:40,PROD38,CUST172,Books,Cash,777.89,7
ORD4213,10/20/24 15:21,PROD89,CUST616,Toys,Bank Transfer,1347.14,3
ORD4214,3/24/24 17:05,PROD144,CUST347,Fashion,PayPal,323.06,10
ORD4215,8/20/24 12:38,PROD127,CUST873,Toys,PayPal,371.9,1
ORD4216,1/23/24 22:39,PROD150,CUST552,Electronics,Debit Card,1524.38,5
ORD4217,2/20/24 18:00,PROD118,CUST739,Electronics,Cash,436.21,10
ORD4218,1/24/24 20:11,PROD100,CUST309,Home Appliances,Bank Transfer,1286.58,5
ORD4219,7/18/24 4:19,PROD174,CUST566,Electronics,Credit Card,1470.52,9
ORD4220,9/23/24 0:34,PROD193,CUST962,Home Appliances,Debit Card,186.41,6
ORD4221,03-07-2024 08:12,PROD55,CUST65,Home Appliances,Credit Card,463.24,10
ORD4222,11-12-2024 18:47,PROD163,CUST257,Books,Cash,818.97,6
ORD4223,9/16/24 20:21,PROD34,CUST672,Books,Credit Card,1697.69,5
ORD4224,9/26/24 18:26,PROD42,CUST220,Toys,Bank Transfer,1596.35,3
ORD4225,01-08-2024 22:20,PROD61,CUST684,Home Appliances,Debit Card,1955.72,7
ORD4226,10/14/24 17:59,PROD44,CUST115,Electronics,Cash,1803.87,2
ORD4227,10-08-2024 12:02,PROD188,CUST516,Home Appliances,Cash,132.11,4
ORD4228,1/27/24 5:26,PROD61,CUST468,Fashion,Bank Transfer,535.87,9
ORD4229,7/16/24 1:32,PROD125,CUST863,Toys,PayPal,1204.02,5
ORD4230,04-10-2024 15:30,PROD147,CUST405,Toys,PayPal,28.78,8
ORD4231,8/13/24 23:07,PROD91,CUST437,Toys,Debit Card,753.64,5
ORD4232,01-11-2024 22:40,PROD78,CUST723,Books,PayPal,1122.75,7
ORD4233,06-01-2024 13:48,PROD18,CUST590,Home Appliances,Cash,881.61,2
ORD4234,5/16/24 4:21,PROD10,CUST809,Electronics,Cash,46.84,6
ORD4235,07-12-2024 17:21,PROD31,CUST536,Toys,PayPal,669.32,4
ORD4236,02-05-2024 01:09,PROD198,CUST351,Toys,Credit Card,496.45,5
ORD4237,1/24/24 3:26,PROD60,CUST808,Toys,Bank Transfer,1036.62,3
ORD4238,01-12-2024 08:16,PROD32,CUST459,Electronics,Credit Card,1512.92,3
ORD4239,01-02-2024 18:51,PROD86,CUST439,Books,Bank Transfer,338.15,9
ORD4240,01-01-2024 11:51,PROD28,CUST935,Toys,Bank Transfer,1393.73,10
ORD4241,10/26/24 13:07,PROD84,CUST621,Books,Cash,1820.57,4
ORD4242,11-07-2024 02:40,PROD49,CUST543,Toys,Credit Card,1235.58,10
ORD4243,4/28/24 6:36,PROD90,CUST206,Fashion,Cash,1087.74,1
ORD4244,2/13/24 4:57,PROD99,CUST373,Toys,Bank Transfer,29.08,7
ORD4245,4/26/24 1:07,PROD59,CUST875,Toys,Credit Card,859.92,9
ORD4246,5/30/24 9:31,PROD88,CUST765,Books,Bank Transfer,291.47,4
ORD4247,01-07-2024 10:22,PROD48,CUST473,Home Appliances,Debit Card,756.28,4
ORD4248,4/22/24 23:40,PROD166,CUST600,Home Appliances,Credit Card,274.3,3
ORD4249,3/25/24 23:14,PROD155,CUST708,Electronics,Debit Card,362.87,1
ORD4250,06-07-2024 12:48,PROD198,CUST479,Books,PayPal,1602.87,4
ORD4251,04-02-2024 00:34,PROD111,CUST873,Toys,Debit Card,243.17,7
ORD4252,4/20/24 20:40,PROD86,CUST56,Electronics,Cash,1310.44,6
ORD4253,10/25/24 3:06,PROD45,CUST607,Electronics,Cash,1096.42,2
ORD4254,3/28/24 4:07,PROD52,CUST839,Fashion,Cash,255.47,8
ORD4255,5/24/24 0:32,PROD68,CUST29,Books,Debit Card,1377.57,5
ORD4256,5/29/24 13:18,PROD153,CUST481,Electronics,Credit Card,1784.64,9
ORD4257,2/29/24 6:15,PROD71,CUST156,Toys,Credit Card,164.72,6
ORD4258,10-07-2024 20:52,PROD11,CUST265,Books,PayPal,1164.43,3
ORD4259,08-07-2024 19:40,PROD44,CUST246,Home Appliances,Cash,26.79,8
ORD4260,10-09-2024 08:23,PROD183,CUST332,Home Appliances,Cash,1951.15,2
ORD4261,3/31/24 11:41,PROD92,CUST811,Books,Bank Transfer,854.77,3
ORD4262,11-09-2024 18:04,PROD41,CUST401,Books,Bank Transfer,511.52,8
ORD4263,07-07-2024 18:55,PROD143,CUST989,Fashion,Bank Transfer,1620.01,1
ORD4264,6/16/24 10:08,PROD140,CUST867,Home Appliances,Credit Card,145.02,1
ORD4265,09-05-2024 11:04,PROD168,CUST913,Toys,Bank Transfer,1061.49,3
ORD4266,1/23/24 14:18,PROD195,CUST830,Books,Bank Transfer,904.53,1
ORD4267,1/13/24 11:36,PROD142,CUST462,Fashion,Credit Card,1599.95,6
ORD4268,03-07-2024 14:42,PROD176,CUST138,Books,Bank Transfer,602.58,10
ORD4269,3/26/24 18:41,PROD159,CUST74,Books,PayPal,1297.39,5
ORD4270,8/26/24 5:04,PROD197,CUST828,Home Appliances,PayPal,958.21,5
ORD4271,6/17/24 23:34,PROD173,CUST103,Books,PayPal,757.46,1
ORD4272,05-04-2024 08:42,PROD197,CUST130,Home Appliances,Bank Transfer,1730.08,6
ORD4273,1/16/24 10:16,PROD101,CUST173,Books,Bank Transfer,474.46,7
ORD4274,8/31/24 10:04,PROD154,CUST831,Books,Debit Card,643.16,6
ORD4275,3/28/24 2:25,PROD63,CUST637,Books,Debit Card,104.86,8
ORD4276,2/13/24 23:37,PROD80,CUST104,Electronics,Debit Card,290.04,10
ORD4277,11-03-2024 06:27,PROD86,CUST922,Home Appliances,Cash,727.39,1
ORD4278,5/24/24 18:13,PROD17,CUST745,Books,Cash,120.34,1
ORD4279,09-01-2024 11:01,PROD122,CUST220,Toys,Credit Card,209.7,4
ORD4280,11/14/24 7:25,PROD198,CUST723,Electronics,Credit Card,1470.7,10
ORD4281,06-01-2024 10:08,PROD161,CUST581,Books,PayPal,1024.1,5
ORD4282,8/19/24 17:48,PROD138,CUST497,Books,Bank Transfer,95.52,7
ORD4283,02-01-2024 18:44,PROD86,CUST918,Fashion,Cash,1076.18,7
ORD4284,1/31/24 15:59,PROD181,CUST785,Books,Cash,1185.74,2
ORD4285,8/27/24 14:01,PROD54,CUST267,Toys,PayPal,1684.02,7
ORD4286,7/29/24 16:22,PROD59,CUST548,Fashion,Cash,407.98,10
ORD4287,02-05-2024 13:44,PROD83,CUST88,Home Appliances,Cash,654.35,8
ORD4288,6/20/24 22:38,PROD61,CUST350,Books,Debit Card,857.74,2
ORD4289,06-08-2024 09:29,PROD98,CUST572,Toys,Credit Card,287.06,8
ORD4290,10/15/24 20:22,PROD139,CUST32,Home Appliances,Debit Card,32.08,2
ORD4291,6/23/24 1:42,PROD142,CUST641,Electronics,Debit Card,1852.85,3
ORD4292,06-02-2024 14:41,PROD156,CUST89,Electronics,Credit Card,1756.29,2
ORD4293,10/26/24 12:51,PROD153,CUST485,Toys,PayPal,78.69,7
ORD4294,6/17/24 6:44,PROD137,CUST486,Fashion,Bank Transfer,1850.19,4
ORD4295,07-06-2024 06:41,PROD42,CUST573,Fashion,Credit Card,698.26,1
ORD4296,3/31/24 13:11,PROD87,CUST887,Fashion,Bank Transfer,263.23,1
ORD4297,11-03-2024 08:28,PROD54,CUST262,Electronics,Debit Card,1027.43,10
ORD4298,10/30/24 19:40,PROD96,CUST329,Toys,Bank Transfer,733.24,6
ORD4299,1/17/24 5:40,PROD61,CUST947,Toys,Credit Card,1584.64,8
ORD4300,9/28/24 21:59,PROD168,CUST539,Books,PayPal,1182.17,2
ORD4301,9/15/24 4:50,PROD119,CUST122,Toys,Debit Card,1859.06,2
ORD4302,02-05-2024 17:13,PROD72,CUST600,Home Appliances,Bank Transfer,1881.2,2
ORD4303,03-03-2024 01:49,PROD169,CUST591,Home Appliances,Credit Card,862.88,10
ORD4304,5/18/24 0:41,PROD126,CUST41,Home Appliances,Debit Card,1859.18,5
ORD4305,8/13/24 16:35,PROD19,CUST702,Books,Bank Transfer,414.37,10
ORD4306,11/16/24 6:16,PROD67,CUST308,Electronics,Debit Card,522.88,5
ORD4307,07-05-2024 15:47,PROD192,CUST417,Fashion,PayPal,1974.26,7
ORD4308,07-06-2024 17:24,PROD134,CUST825,Electronics,Bank Transfer,787.13,1
ORD4309,6/24/24 13:43,PROD142,CUST261,Electronics,Cash,540.53,7
ORD4310,04-06-2024 20:11,PROD56,CUST333,Fashion,Cash,273.97,10
ORD4311,3/17/24 4:24,PROD126,CUST904,Electronics,PayPal,1290.2,9
ORD4312,1/17/24 18:09,PROD127,CUST680,Electronics,PayPal,245.11,6
ORD4313,10/13/24 3:50,PROD90,CUST713,Home Appliances,Debit Card,1371.67,6
ORD4314,8/24/24 10:30,PROD163,CUST772,Toys,Bank Transfer,1480.37,7
ORD4315,08-08-2024 00:51,PROD160,CUST259,Electronics,Credit Card,73.69,3
ORD4316,5/16/24 11:41,PROD1,CUST283,Home Appliances,Debit Card,754.3,1
ORD4317,7/25/24 12:30,PROD5,CUST340,Home Appliances,Cash,1780.42,1
ORD4318,3/30/24 11:56,PROD49,CUST765,Electronics,Credit Card,1873.1,10
ORD4319,7/24/24 18:37,PROD53,CUST755,Toys,PayPal,1433.05,3
ORD4320,4/30/24 3:54,PROD196,CUST528,Books,Credit Card,1368.42,3
ORD4321,10/22/24 1:57,PROD46,CUST833,Books,Bank Transfer,150.25,7
ORD4322,2/14/24 3:51,PROD94,CUST140,Books,Debit Card,1367.97,3
ORD4323,07-08-2024 05:41,PROD138,CUST501,Fashion,Credit Card,1127.69,3
ORD4324,05-04-2024 02:21,PROD39,CUST292,Toys,Bank Transfer,1290.2,1
ORD4325,6/28/24 7:04,PROD87,CUST925,Books,Debit Card,1366.22,9
ORD4326,7/15/24 11:54,PROD159,CUST100,Books,Debit Card,601.32,3
ORD4327,08-02-2024 23:28,PROD53,CUST32,Home Appliances,Cash,694.11,5
ORD4328,9/23/24 2:39,PROD133,CUST898,Toys,PayPal,1649.41,8
ORD4329,01-11-2024 13:18,PROD182,CUST659,Books,Cash,1852.09,3
ORD4330,02-11-2024 21:08,PROD143,CUST66,Toys,PayPal,450.13,10
ORD4331,09-10-2024 04:00,PROD178,CUST949,Fashion,Credit Card,212.61,8
ORD4332,9/29/24 22:08,PROD100,CUST307,Fashion,Cash,853.2,10
ORD4333,07-02-2024 01:16,PROD177,CUST824,Books,Credit Card,1312.02,7
ORD4334,09-08-2024 15:56,PROD122,CUST568,Electronics,Credit Card,136.43,10
ORD4335,7/30/24 21:56,PROD55,CUST414,Fashion,Debit Card,795.13,8
ORD4336,08-10-2024 19:39,PROD75,CUST264,Electronics,Credit Card,716.34,10
ORD4337,04-04-2024 11:31,PROD162,CUST164,Home Appliances,Cash,1622.45,9
ORD4338,08-08-2024 22:30,PROD74,CUST135,Fashion,Cash,75.32,9
ORD4339,08-07-2024 21:30,PROD81,CUST865,Electronics,Bank Transfer,945.56,9
ORD4340,03-06-2024 09:15,PROD7,CUST437,Books,Credit Card,1763.04,2
ORD4341,8/24/24 21:41,PROD156,CUST613,Fashion,Credit Card,395.22,8
ORD4342,10/21/24 9:17,PROD136,CUST914,Fashion,Cash,663.7,8
ORD4343,5/22/24 10:07,PROD5,CUST794,Toys,Debit Card,1443.46,3
ORD4344,11/16/24 15:46,PROD124,CUST647,Fashion,Credit Card,1418.16,10
ORD4345,3/14/24 3:53,PROD71,CUST251,Fashion,Bank Transfer,1571.7,6
ORD4346,03-07-2024 03:31,PROD146,CUST251,Toys,Debit Card,861.46,3
ORD4347,8/15/24 6:43,PROD89,CUST376,Electronics,Cash,1302.37,3
ORD4348,5/13/24 9:01,PROD143,CUST322,Fashion,Bank Transfer,418.27,5
ORD4349,10-08-2024 07:06,PROD107,CUST108,Fashion,Credit Card,596.44,6
ORD4350,3/15/24 21:56,PROD139,CUST900,Books,Debit Card,83.23,4
ORD4351,7/14/24 3:58,PROD8,CUST210,Books,Bank Transfer,1072.63,2
ORD4352,4/25/24 21:04,PROD192,CUST693,Books,PayPal,1132.17,2
ORD4353,02-07-2024 19:59,PROD194,CUST788,Books,Cash,378.22,10
ORD4354,7/28/24 4:29,PROD173,CUST640,Electronics,Cash,1472.02,1
ORD4355,6/18/24 9:39,PROD33,CUST393,Toys,PayPal,1686.95,9
ORD4356,7/31/24 9:51,PROD105,CUST555,Electronics,Cash,467.64,6
ORD4357,04-09-2024 05:18,PROD32,CUST910,Books,PayPal,710.98,3
ORD4358,05-10-2024 19:33,PROD143,CUST158,Toys,Cash,1090.46,4
ORD4359,09-06-2024 20:19,PROD99,CUST871,Books,Debit Card,1006.38,5
ORD4360,9/25/24 8:56,PROD106,CUST426,Toys,Cash,1294.38,9
ORD4361,4/15/24 21:11,PROD160,CUST541,Books,Bank Transfer,425.27,10
ORD4362,5/30/24 23:14,PROD29,CUST6,Books,Credit Card,206.4,6
ORD4363,02-05-2024 21:07,PROD173,CUST960,Toys,Bank Transfer,1230.58,10
ORD4364,8/23/24 6:56,PROD21,CUST638,Toys,Credit Card,250.82,5
ORD4365,6/21/24 20:44,PROD114,CUST229,Fashion,PayPal,668.93,3
ORD4366,05-09-2024 14:26,PROD94,CUST124,Books,Bank Transfer,766.54,6
ORD4367,04-11-2024 03:14,PROD72,CUST499,Electronics,Cash,1857.42,1
ORD4368,1/18/24 17:34,PROD69,CUST310,Home Appliances,Cash,900.63,9
ORD4369,04-11-2024 13:56,PROD52,CUST150,Fashion,Bank Transfer,850.54,1
ORD4370,8/24/24 22:04,PROD94,CUST105,Home Appliances,PayPal,1772.09,8
ORD4371,9/18/24 23:02,PROD71,CUST872,Home Appliances,Debit Card,1825.99,7
ORD4372,04-01-2024 09:06,PROD107,CUST717,Toys,Debit Card,103.6,5
ORD4373,4/20/24 16:50,PROD98,CUST183,Home Appliances,Cash,867.61,2
ORD4374,11-04-2024 12:30,PROD57,CUST855,Home Appliances,Debit Card,1618.25,9
ORD4375,02-03-2024 04:17,PROD61,CUST50,Fashion,PayPal,689.89,1
ORD4376,7/21/24 8:10,PROD156,CUST576,Electronics,PayPal,663.3,8
ORD4377,07-08-2024 01:51,PROD8,CUST296,Home Appliances,PayPal,1512.16,8
ORD4378,10-04-2024 15:10,PROD103,CUST690,Fashion,PayPal,144.61,6
ORD4379,8/31/24 5:44,PROD131,CUST523,Electronics,Cash,1029.82,10
ORD4380,10/15/24 23:06,PROD102,CUST827,Fashion,Credit Card,231.58,3
ORD4381,8/23/24 0:22,PROD81,CUST672,Books,Credit Card,1242.17,3
ORD4382,11-03-2024 20:14,PROD162,CUST436,Electronics,Bank Transfer,1013.88,3
ORD4383,8/18/24 14:21,PROD132,CUST980,Electronics,Credit Card,1018.48,7
ORD4384,02-09-2024 23:51,PROD89,CUST937,Fashion,Credit Card,1602.07,9
ORD4385,3/21/24 20:07,PROD117,CUST14,Electronics,Bank Transfer,364.54,9
ORD4386,4/24/24 18:07,PROD34,CUST463,Electronics,PayPal,426.71,9
ORD4387,7/17/24 19:35,PROD45,CUST500,Fashion,Debit Card,374.38,1
ORD4388,06-08-2024 17:16,PROD167,CUST628,Toys,PayPal,349.14,5
ORD4389,11-01-2024 03:46,PROD118,CUST250,Fashion,PayPal,1128.6,3
ORD4390,06-04-2024 05:13,PROD29,CUST540,Toys,Credit Card,1676.86,3
ORD4391,1/16/24 0:45,PROD199,CUST823,Toys,PayPal,1637.13,8
ORD4392,08-12-2024 04:38,PROD93,CUST768,Fashion,Cash,293.88,9
ORD4393,09-10-2024 08:42,PROD159,CUST109,Home Appliances,PayPal,1135.15,2
ORD4394,09-02-2024 09:54,PROD189,CUST700,Electronics,PayPal,1353.52,8
ORD4395,04-07-2024 09:19,PROD177,CUST394,Home Appliances,Bank Transfer,1074.49,7
ORD4396,8/24/24 6:49,PROD54,CUST464,Home Appliances,PayPal,1128.25,3
ORD4397,1/17/24 1:40,PROD124,CUST976,Books,PayPal,1081.41,9
ORD4398,11-08-2024 07:21,PROD61,CUST693,Books,PayPal,1898.24,1
ORD4399,04-09-2024 02:24,PROD171,CUST166,Toys,Bank Transfer,1488.36,2
ORD4400,04-02-2024 04:28,PROD6,CUST358,Toys,Bank Transfer,429.02,8
ORD4401,11-09-2024 12:10,PROD19,CUST996,Fashion,Credit Card,595.19,5
ORD4402,01-08-2024 01:54,PROD178,CUST170,Electronics,Debit Card,1020.28,3
ORD4403,07-07-2024 20:24,PROD71,CUST423,Fashion,Credit Card,1447.16,8
ORD4404,02-08-2024 16:34,PROD18,CUST343,Home Appliances,PayPal,1697.19,2
ORD4405,11-08-2024 10:48,PROD91,CUST932,Fashion,PayPal,476.39,1
ORD4406,06-09-2024 20:29,PROD171,CUST962,Electronics,Debit Card,916.85,6
ORD4407,07-05-2024 11:41,PROD138,CUST41,Home Appliances,Debit Card,1205.66,9
ORD4408,05-12-2024 04:23,PROD51,CUST155,Fashion,Debit Card,1040.29,9
ORD4409,10/19/24 16:01,PROD49,CUST781,Electronics,Bank Transfer,180.41,6
ORD4410,08-11-2024 02:08,PROD101,CUST796,Electronics,Cash,1758.46,1
ORD4411,06-07-2024 03:03,PROD7,CUST923,Home Appliances,Debit Card,326.67,5
ORD4412,4/18/24 21:27,PROD42,CUST655,Home Appliances,Bank Transfer,1791.87,3
ORD4413,2/23/24 11:32,PROD193,CUST469,Fashion,Cash,835.74,7
ORD4414,5/30/24 1:14,PROD8,CUST771,Books,Cash,1059.05,4
ORD4415,2/29/24 20:07,PROD36,CUST303,Fashion,Credit Card,1490.32,7
ORD4416,07-04-2024 03:21,PROD68,CUST220,Toys,PayPal,200.28,3
ORD4417,3/27/24 15:42,PROD133,CUST535,Electronics,PayPal,1638.32,7
ORD4418,04-07-2024 05:48,PROD160,CUST490,Home Appliances,Debit Card,1282.63,10
ORD4419,9/24/24 8:07,PROD95,CUST171,Toys,Cash,733.65,5
ORD4420,11-06-2024 12:00,PROD195,CUST64,Fashion,Credit Card,28.07,10
ORD4421,06-03-2024 15:51,PROD155,CUST102,Books,Debit Card,308.13,8
ORD4422,8/19/24 15:27,PROD103,CUST618,Books,Debit Card,577.14,5
ORD4423,07-03-2024 13:08,PROD62,CUST894,Toys,Credit Card,696.82,1
ORD4424,5/22/24 21:06,PROD151,CUST43,Books,Cash,91.75,10
ORD4425,1/18/24 17:43,PROD19,CUST289,Toys,PayPal,908.53,7
ORD4426,4/17/24 21:43,PROD134,CUST798,Electronics,Credit Card,1814.78,3
ORD4427,11/17/24 11:10,PROD110,CUST288,Electronics,PayPal,140.86,7
ORD4428,11/16/24 8:11,PROD13,CUST417,Home Appliances,Credit Card,337.33,6
ORD4429,04-08-2024 01:26,PROD152,CUST310,Toys,Credit Card,1497.3,8
ORD4430,08-03-2024 05:57,PROD159,CUST846,Books,Bank Transfer,461.31,4
ORD4431,4/23/24 20:50,PROD144,CUST280,Fashion,Bank Transfer,81.56,10
ORD4432,9/30/24 13:16,PROD90,CUST763,Books,Credit Card,1689,8
ORD4433,01-07-2024 16:13,PROD75,CUST260,Home Appliances,Cash,1651.87,7
ORD4434,6/14/24 2:01,PROD159,CUST506,Books,Bank Transfer,1679.64,9
ORD4435,7/22/24 15:16,PROD31,CUST95,Books,Bank Transfer,803.78,9
ORD4436,7/27/24 19:32,PROD115,CUST874,Home Appliances,Bank Transfer,871.19,7
ORD4437,10-09-2024 11:03,PROD185,CUST251,Books,Debit Card,1790.42,8
ORD4438,9/26/24 9:27,PROD189,CUST919,Fashion,Cash,1804.59,4
ORD4439,2/20/24 19:07,PROD139,CUST904,Books,Cash,1174.62,4
ORD4440,1/15/24 10:23,PROD89,CUST977,Books,Cash,596.6,7
ORD4441,7/13/24 2:14,PROD184,CUST972,Electronics,Bank Transfer,553.24,5
ORD4442,3/24/24 15:04,PROD84,CUST688,Home Appliances,PayPal,598.41,2
ORD4443,10-02-2024 07:15,PROD54,CUST739,Fashion,Credit Card,441.47,5
ORD4444,10/26/24 4:56,PROD177,CUST75,Electronics,Bank Transfer,567.85,10
ORD4445,2/24/24 20:09,PROD104,CUST946,Home Appliances,Cash,1896.67,1
ORD4446,03-04-2024 15:50,PROD27,CUST853,Books,PayPal,165.19,3
ORD4447,4/29/24 9:08,PROD138,CUST340,Toys,Cash,1097.91,8
ORD4448,1/19/24 0:18,PROD134,CUST602,Home Appliances,Bank Transfer,1150.75,9
ORD4449,8/17/24 22:11,PROD100,CUST226,Electronics,Bank Transfer,385.87,8
ORD4450,04-05-2024 08:09,PROD86,CUST203,Fashion,Credit Card,1643.96,1
ORD4451,11-01-2024 23:13,PROD140,CUST199,Fashion,PayPal,1159.29,5
ORD4452,03-01-2024 02:49,PROD85,CUST434,Toys,Credit Card,883.75,2
ORD4453,2/16/24 19:03,PROD71,CUST494,Toys,Credit Card,1706.07,8
ORD4454,07-11-2024 08:16,PROD59,CUST207,Books,Cash,1484.7,6
ORD4455,4/13/24 1:12,PROD46,CUST814,Home Appliances,Bank Transfer,622.02,1
ORD4456,01-02-2024 08:18,PROD168,CUST145,Home Appliances,Debit Card,1632.86,2
ORD4457,9/25/24 7:02,PROD116,CUST114,Books,Credit Card,973.97,3
ORD4458,3/24/24 9:55,PROD86,CUST971,Electronics,PayPal,1119.92,6
ORD4459,05-12-2024 21:26,PROD148,CUST650,Electronics,Cash,805.79,7
ORD4460,2/22/24 7:01,PROD91,CUST753,Fashion,Credit Card,702.65,5
ORD4461,05-02-2024 01:28,PROD62,CUST83,Home Appliances,PayPal,411.99,6
ORD4462,3/13/24 6:04,PROD118,CUST15,Fashion,Cash,678.51,4
ORD4463,10-09-2024 12:14,PROD174,CUST911,Fashion,PayPal,404.74,3
ORD4464,7/13/24 8:29,PROD60,CUST817,Toys,Credit Card,1273.93,9
ORD4465,08-08-2024 03:03,PROD102,CUST407,Books,Credit Card,1645.91,2
ORD4466,5/20/24 1:48,PROD173,CUST407,Toys,Bank Transfer,1734.22,7
ORD4467,9/22/24 1:45,PROD182,CUST315,Toys,Cash,1935.1,8
ORD4468,8/23/24 11:28,PROD12,CUST803,Books,Debit Card,427.44,4
ORD4469,05-09-2024 08:27,PROD140,CUST308,Home Appliances,Cash,913.46,6
ORD4470,10-04-2024 10:21,PROD188,CUST550,Fashion,Debit Card,1566.54,5
ORD4471,08-01-2024 14:01,PROD18,CUST576,Toys,Cash,1484.01,8
ORD4472,08-10-2024 09:15,PROD23,CUST216,Books,Credit Card,1298.75,3
ORD4473,08-01-2024 00:22,PROD137,CUST554,Toys,Cash,174.62,5
ORD4474,7/15/24 21:52,PROD147,CUST240,Fashion,PayPal,1397.67,9
ORD4475,7/13/24 20:52,PROD10,CUST25,Fashion,PayPal,83.85,1
ORD4476,06-08-2024 16:37,PROD139,CUST836,Home Appliances,Debit Card,1241.51,7
ORD4477,8/19/24 5:22,PROD47,CUST199,Home Appliances,Bank Transfer,423.04,5
ORD4478,4/15/24 2:45,PROD195,CUST140,Books,PayPal,390.02,9
ORD4479,01-11-2024 21:20,PROD50,CUST123,Home Appliances,Bank Transfer,1968.26,7
ORD4480,2/18/24 23:44,PROD65,CUST242,Electronics,Debit Card,1604.01,3
ORD4481,09-05-2024 21:51,PROD144,CUST904,Toys,Cash,1750.57,1
ORD4482,10/23/24 9:47,PROD169,CUST255,Home Appliances,PayPal,953.25,3
ORD4483,8/17/24 21:55,PROD65,CUST925,Home Appliances,PayPal,1306.86,10
ORD4484,5/15/24 14:09,PROD123,CUST298,Toys,Bank Transfer,1929.44,6
ORD4485,10-05-2024 08:53,PROD79,CUST235,Toys,Credit Card,1528.17,9
ORD4486,02-05-2024 18:40,PROD164,CUST890,Home Appliances,Debit Card,919.59,2
ORD4487,4/30/24 16:06,PROD85,CUST459,Books,Cash,1950.56,1
ORD4488,7/29/24 14:01,PROD133,CUST118,Electronics,PayPal,1889.72,4
ORD4489,03-02-2024 15:21,PROD162,CUST774,Toys,Cash,1977.94,10
ORD4490,11-12-2024 04:41,PROD20,CUST792,Home Appliances,Cash,884.47,9
ORD4491,02-06-2024 16:23,PROD137,CUST423,Electronics,Bank Transfer,1370.44,10
ORD4492,4/24/24 20:19,PROD176,CUST346,Electronics,Credit Card,1939.5,8
ORD4493,09-09-2024 07:15,PROD9,CUST136,Electronics,Cash,1846.6,3
ORD4494,8/19/24 17:10,PROD119,CUST366,Electronics,PayPal,1410,10
ORD4495,07-06-2024 10:37,PROD167,CUST122,Fashion,Debit Card,1971.22,1
ORD4496,3/23/24 23:55,PROD47,CUST175,Books,Debit Card,1006.67,7
ORD4497,04-11-2024 06:49,PROD152,CUST991,Books,Cash,22.9,1
ORD4498,08-02-2024 23:58,PROD140,CUST492,Fashion,Cash,854.51,6
ORD4499,08-09-2024 18:43,PROD176,CUST95,Toys,Bank Transfer,184.08,8
ORD4500,05-11-2024 09:00,PROD133,CUST325,Home Appliances,Cash,843.48,2
ORD4501,07-09-2024 21:21,PROD54,CUST968,Books,Bank Transfer,1342.07,2
ORD4502,1/21/24 14:23,PROD196,CUST334,Fashion,PayPal,1427.79,5
ORD4503,09-07-2024 00:04,PROD98,CUST143,Home Appliances,Cash,175.73,4
ORD4504,06-02-2024 15:38,PROD162,CUST726,Electronics,Bank Transfer,1298.75,1
ORD4505,11-05-2024 03:42,PROD51,CUST983,Electronics,Bank Transfer,291.6,10
ORD4506,04-09-2024 11:36,PROD44,CUST277,Home Appliances,Cash,731.23,8
ORD4507,7/26/24 4:27,PROD42,CUST438,Home Appliances,Debit Card,1754.82,10
ORD4508,05-06-2024 06:06,PROD103,CUST401,Home Appliances,Cash,834.08,4
ORD4509,09-02-2024 06:41,PROD43,CUST306,Fashion,Debit Card,689.54,2
ORD4510,3/22/24 19:50,PROD134,CUST680,Toys,Cash,255.74,8
ORD4511,10/31/24 8:00,PROD26,CUST448,Home Appliances,Credit Card,1023.03,5
ORD4512,9/15/24 9:55,PROD115,CUST402,Books,Credit Card,785.31,1
ORD4513,8/15/24 11:48,PROD47,CUST205,Electronics,Cash,1829.32,5
ORD4514,02-09-2024 22:56,PROD116,CUST721,Electronics,Bank Transfer,662.89,2
ORD4515,01-02-2024 08:25,PROD11,CUST767,Fashion,Cash,642.4,5
ORD4516,9/25/24 13:57,PROD173,CUST283,Electronics,PayPal,1604.39,1
ORD4517,3/15/24 23:29,PROD7,CUST103,Home Appliances,Credit Card,597.51,10
ORD4518,03-11-2024 23:58,PROD137,CUST676,Fashion,Bank Transfer,853.35,9
ORD4519,9/23/24 20:01,PROD150,CUST894,Toys,Cash,990.53,4
ORD4520,02-10-2024 04:49,PROD47,CUST508,Fashion,Cash,408.95,5
ORD4521,9/28/24 19:36,PROD90,CUST520,Electronics,Cash,442.28,9
ORD4522,10/25/24 20:42,PROD144,CUST411,Toys,PayPal,1323.89,8
ORD4523,5/16/24 7:08,PROD10,CUST144,Toys,Bank Transfer,1853.22,1
ORD4524,04-09-2024 03:51,PROD57,CUST685,Electronics,PayPal,1441.32,8
ORD4525,7/28/24 18:01,PROD1,CUST977,Electronics,PayPal,86.07,7
ORD4526,06-10-2024 01:36,PROD43,CUST575,Home Appliances,Cash,1634.73,8
ORD4527,09-07-2024 18:58,PROD84,CUST477,Toys,PayPal,1962.77,9
ORD4528,2/20/24 7:12,PROD126,CUST43,Home Appliances,Bank Transfer,1207.93,10
ORD4529,3/24/24 23:35,PROD159,CUST255,Books,Debit Card,357.39,4
ORD4530,1/16/24 10:34,PROD19,CUST809,Fashion,Debit Card,919.52,10
ORD4531,06-09-2024 15:12,PROD61,CUST864,Fashion,PayPal,211.23,1
ORD4532,03-11-2024 06:01,PROD26,CUST228,Home Appliances,Cash,848.8,10
ORD4533,04-11-2024 11:03,PROD96,CUST776,Books,Cash,1153,2
ORD4534,05-05-2024 11:01,PROD89,CUST314,Books,Cash,733.79,10
ORD4535,3/15/24 2:01,PROD56,CUST851,Toys,PayPal,243.66,1
ORD4536,5/28/24 17:21,PROD180,CUST733,Fashion,Debit Card,605.31,3
ORD4537,5/21/24 20:24,PROD46,CUST916,Books,Debit Card,1229.7,10
ORD4538,6/15/24 4:50,PROD160,CUST597,Books,Bank Transfer,1644.92,2
ORD4539,01-07-2024 11:04,PROD107,CUST436,Fashion,Credit Card,428.72,8
ORD4540,1/19/24 10:00,PROD183,CUST476,Toys,Cash,357.77,1
ORD4541,09-04-2024 20:24,PROD172,CUST163,Electronics,Bank Transfer,113.23,3
ORD4542,10-09-2024 11:34,PROD180,CUST313,Home Appliances,Credit Card,1308.68,8
ORD4543,9/16/24 9:09,PROD79,CUST83,Home Appliances,PayPal,1892.7,4
ORD4544,8/24/24 12:25,PROD51,CUST172,Fashion,Bank Transfer,1132.2,3
ORD4545,9/23/24 6:01,PROD8,CUST641,Toys,PayPal,411.86,5
ORD4546,6/29/24 0:40,PROD96,CUST721,Fashion,Debit Card,1244.64,1
ORD4547,10-09-2024 02:31,PROD174,CUST14,Home Appliances,Cash,498.38,8
ORD4548,9/20/24 7:51,PROD67,CUST347,Home Appliances,PayPal,731.15,2
ORD4549,01-12-2024 01:51,PROD35,CUST154,Fashion,PayPal,790.49,6
ORD4550,05-05-2024 09:47,PROD49,CUST233,Fashion,Debit Card,688.21,9
ORD4551,8/17/24 6:40,PROD90,CUST345,Fashion,Cash,1226.19,1
ORD4552,5/28/24 15:51,PROD133,CUST430,Electronics,Cash,703.83,3
ORD4553,4/26/24 14:52,PROD150,CUST573,Books,Credit Card,69.21,9
ORD4554,8/16/24 15:19,PROD6,CUST221,Fashion,PayPal,1063.29,10
ORD4555,06-09-2024 02:46,PROD170,CUST755,Electronics,Bank Transfer,129.67,3
ORD4556,2/24/24 6:58,PROD58,CUST16,Books,Bank Transfer,128.07,6
ORD4557,8/31/24 18:10,PROD182,CUST204,Fashion,PayPal,1183.36,9
ORD4558,7/14/24 8:48,PROD31,CUST454,Home Appliances,Bank Transfer,1624.14,10
ORD4559,2/19/24 23:19,PROD106,CUST597,Home Appliances,Bank Transfer,704.15,10
ORD4560,04-07-2024 04:22,PROD141,CUST209,Home Appliances,Bank Transfer,111.15,5
ORD4561,09-06-2024 06:21,PROD146,CUST171,Books,Cash,1830.87,9
ORD4562,5/30/24 19:30,PROD100,CUST631,Home Appliances,Credit Card,965.88,10
ORD4563,8/19/24 20:32,PROD174,CUST661,Books,PayPal,1865.92,2
ORD4564,09-02-2024 19:23,PROD69,CUST741,Toys,Cash,1528.47,1
ORD4565,7/30/24 22:16,PROD121,CUST361,Home Appliances,Bank Transfer,597.11,5
ORD4566,2/24/24 6:24,PROD62,CUST679,Home Appliances,Cash,870.91,3
ORD4567,2/18/24 0:16,PROD52,CUST49,Home Appliances,Cash,276.95,2
ORD4568,9/13/24 4:32,PROD96,CUST10,Books,Bank Transfer,255.52,6
ORD4569,6/24/24 21:40,PROD195,CUST448,Home Appliances,Credit Card,750.18,8
ORD4570,7/20/24 23:23,PROD171,CUST741,Home Appliances,PayPal,965.74,8
ORD4571,3/15/24 22:44,PROD44,CUST409,Books,PayPal,1438,7
ORD4572,10/14/24 9:49,PROD47,CUST83,Toys,PayPal,851.17,4
ORD4573,8/29/24 21:52,PROD61,CUST152,Books,Cash,1939.64,1
ORD4574,08-03-2024 21:46,PROD162,CUST901,Home Appliances,Cash,1369.27,6
ORD4575,2/28/24 1:15,PROD125,CUST6,Toys,Credit Card,1139.64,3
ORD4576,03-09-2024 16:13,PROD4,CUST68,Toys,PayPal,1534.53,1
ORD4577,1/30/24 20:17,PROD159,CUST595,Home Appliances,Bank Transfer,358.44,7
ORD4578,3/25/24 16:31,PROD176,CUST921,Toys,PayPal,138.47,10
ORD4579,01-12-2024 04:30,PROD179,CUST820,Toys,Bank Transfer,1397.67,9
ORD4580,5/13/24 10:18,PROD24,CUST869,Fashion,Bank Transfer,590.73,4
ORD4581,01-04-2024 06:43,PROD63,CUST618,Electronics,Cash,1416.72,8
ORD4582,8/19/24 19:15,PROD144,CUST764,Electronics,Credit Card,1024.88,2
ORD4583,2/22/24 17:37,PROD148,CUST370,Fashion,Cash,790.51,7
ORD4584,4/19/24 14:30,PROD12,CUST917,Home Appliances,Credit Card,1170.77,5
ORD4585,5/31/24 13:16,PROD192,CUST178,Electronics,Cash,1832.5,4
ORD4586,1/31/24 17:06,PROD143,CUST170,Electronics,PayPal,1509.6,4
ORD4587,5/18/24 0:00,PROD175,CUST954,Fashion,Debit Card,175.66,5
ORD4588,9/18/24 13:27,PROD80,CUST121,Books,Credit Card,1870.81,4
ORD4589,09-10-2024 20:06,PROD110,CUST949,Home Appliances,PayPal,1182.51,8
ORD4590,5/22/24 10:43,PROD184,CUST549,Books,Debit Card,81.6,8
ORD4591,7/16/24 8:50,PROD152,CUST575,Electronics,Cash,207.96,4
ORD4592,10/20/24 17:02,PROD95,CUST38,Fashion,Cash,1065.92,1
ORD4593,7/22/24 16:01,PROD129,CUST147,Toys,Cash,1855.66,6
ORD4594,05-02-2024 23:51,PROD5,CUST413,Home Appliances,Debit Card,1305.31,2
ORD4595,1/17/24 18:18,PROD15,CUST846,Toys,Bank Transfer,535.32,4
ORD4596,04-11-2024 15:33,PROD154,CUST966,Home Appliances,Cash,129.1,7
ORD4597,10/26/24 12:47,PROD20,CUST362,Home Appliances,Cash,836.88,5
ORD4598,8/31/24 7:52,PROD115,CUST335,Electronics,PayPal,587.49,6
ORD4599,02-04-2024 13:09,PROD180,CUST274,Electronics,Credit Card,1316.45,4
ORD4600,7/29/24 22:17,PROD26,CUST185,Books,Cash,1527.3,9
ORD4601,10-11-2024 17:13,PROD91,CUST505,Fashion,Cash,1182.99,5
ORD4602,08-11-2024 11:21,PROD154,CUST739,Books,Credit Card,1400.4,1
ORD4603,5/23/24 15:54,PROD34,CUST312,Home Appliances,Debit Card,252.81,6
ORD4604,09-02-2024 17:55,PROD127,CUST943,Home Appliances,PayPal,1892.78,5
ORD4605,4/29/24 13:12,PROD68,CUST362,Books,Bank Transfer,1075.36,2
ORD4606,09-09-2024 21:00,PROD174,CUST560,Books,Cash,126.05,7
ORD4607,02-04-2024 01:28,PROD82,CUST528,Toys,Cash,1907.73,10
ORD4608,3/26/24 6:14,PROD15,CUST394,Toys,Bank Transfer,1739.58,7
ORD4609,11-09-2024 14:19,PROD77,CUST21,Toys,Debit Card,315.69,8
ORD4610,02-06-2024 01:05,PROD81,CUST3,Toys,Bank Transfer,829.19,8
ORD4611,3/25/24 6:38,PROD88,CUST359,Books,Cash,361.27,8
ORD4612,3/23/24 3:39,PROD125,CUST365,Toys,Bank Transfer,1610.44,1
ORD4613,1/16/24 0:09,PROD130,CUST1000,Home Appliances,PayPal,849.34,10
ORD4614,07-02-2024 18:48,PROD176,CUST494,Home Appliances,Debit Card,1479.93,3
ORD4615,02-07-2024 21:23,PROD21,CUST899,Toys,Cash,1792.12,5
ORD4616,06-11-2024 06:50,PROD81,CUST277,Home Appliances,PayPal,176.41,4
ORD4617,07-04-2024 06:16,PROD147,CUST57,Books,Credit Card,553.92,2
ORD4618,11-04-2024 02:55,PROD36,CUST709,Home Appliances,Bank Transfer,108.27,8
ORD4619,3/29/24 16:50,PROD81,CUST168,Home Appliances,PayPal,463.52,10
ORD4620,2/26/24 5:13,PROD19,CUST395,Toys,Cash,1139.45,10
ORD4621,4/22/24 6:10,PROD19,CUST132,Home Appliances,PayPal,221.91,1
ORD4622,09-10-2024 14:42,PROD51,CUST273,Toys,Debit Card,697.64,9
ORD4623,05-11-2024 22:46,PROD140,CUST843,Fashion,Debit Card,864.18,8
ORD4624,8/14/24 6:49,PROD82,CUST953,Books,Debit Card,655.87,6
ORD4625,10/19/24 17:14,PROD134,CUST804,Electronics,PayPal,1701.72,3
ORD4626,8/29/24 23:50,PROD98,CUST442,Books,Cash,1441.51,4
ORD4627,10/29/24 8:50,PROD108,CUST308,Fashion,PayPal,50.24,10
ORD4628,5/25/24 14:04,PROD157,CUST714,Books,Debit Card,544.36,4
ORD4629,11-08-2024 15:52,PROD133,CUST999,Toys,Credit Card,891.76,2
ORD4630,8/20/24 5:38,PROD51,CUST251,Toys,Debit Card,1745.74,7
ORD4631,3/17/24 13:45,PROD169,CUST763,Books,Debit Card,1961.78,2
ORD4632,5/30/24 12:32,PROD150,CUST289,Books,PayPal,207.7,2
ORD4633,09-08-2024 16:22,PROD163,CUST904,Fashion,Debit Card,875.7,5
ORD4634,1/31/24 0:50,PROD196,CUST969,Books,PayPal,1171.21,4
ORD4635,04-12-2024 15:38,PROD77,CUST249,Books,Credit Card,279.48,2
ORD4636,09-04-2024 19:06,PROD39,CUST798,Home Appliances,Debit Card,281.93,5
ORD4637,7/25/24 9:34,PROD187,CUST642,Home Appliances,Credit Card,1302.19,6
ORD4638,10/14/24 0:55,PROD173,CUST695,Books,Debit Card,281.15,4
ORD4639,1/17/24 21:41,PROD67,CUST390,Books,Cash,114.87,10
ORD4640,06-01-2024 01:48,PROD27,CUST822,Electronics,Bank Transfer,532.05,5
ORD4641,1/14/24 13:17,PROD90,CUST120,Toys,PayPal,1920.58,3
ORD4642,1/22/24 8:50,PROD90,CUST318,Toys,Cash,55.36,2
ORD4643,07-10-2024 20:34,PROD182,CUST572,Fashion,PayPal,302.87,9
ORD4644,2/29/24 11:29,PROD18,CUST866,Books,PayPal,1574.65,7
ORD4645,1/27/24 18:34,PROD91,CUST213,Toys,Credit Card,281.79,6
ORD4646,06-05-2024 03:13,PROD26,CUST632,Electronics,PayPal,1892.95,1
ORD4647,06-12-2024 04:37,PROD92,CUST465,Electronics,Bank Transfer,1104.37,6
ORD4648,08-01-2024 16:38,PROD158,CUST556,Electronics,Credit Card,409.98,6
ORD4649,3/29/24 14:25,PROD53,CUST468,Fashion,PayPal,355.64,2
ORD4650,8/18/24 4:09,PROD138,CUST232,Toys,Debit Card,366.17,7
ORD4651,8/14/24 21:53,PROD20,CUST43,Toys,Cash,1621.9,7
ORD4652,02-03-2024 06:03,PROD89,CUST533,Home Appliances,Bank Transfer,498.19,10
ORD4653,09-03-2024 02:36,PROD48,CUST688,Toys,Cash,229.61,5
ORD4654,10-11-2024 06:36,PROD74,CUST856,Fashion,Cash,965.83,7
ORD4655,9/29/24 9:34,PROD89,CUST828,Home Appliances,Cash,1679.07,3
ORD4656,4/28/24 6:50,PROD68,CUST802,Home Appliances,Debit Card,1739.61,7
ORD4657,07-11-2024 20:13,PROD44,CUST923,Fashion,Cash,301.36,8
ORD4658,07-09-2024 08:50,PROD54,CUST634,Fashion,Debit Card,996.84,2
ORD4659,08-01-2024 15:38,PROD104,CUST325,Electronics,PayPal,1533.42,5
ORD4660,1/15/24 13:40,PROD57,CUST20,Home Appliances,Debit Card,1748.71,2
ORD4661,7/25/24 9:00,PROD28,CUST895,Books,Bank Transfer,1837.59,10
ORD4662,08-11-2024 07:46,PROD61,CUST897,Fashion,PayPal,462.65,8
ORD4663,3/27/24 23:48,PROD128,CUST84,Fashion,Cash,1702.83,7
ORD4664,05-08-2024 09:06,PROD192,CUST415,Home Appliances,Debit Card,1971.89,3
ORD4665,5/16/24 13:11,PROD1,CUST200,Toys,Cash,274.25,2
ORD4666,3/30/24 22:07,PROD16,CUST678,Electronics,Bank Transfer,1962.32,4
ORD4667,3/28/24 15:13,PROD153,CUST131,Fashion,Cash,120.61,2
ORD4668,09-10-2024 14:47,PROD186,CUST432,Toys,Cash,1009.61,6
ORD4669,01-11-2024 01:43,PROD67,CUST253,Fashion,Cash,195.58,9
ORD4670,5/23/24 17:36,PROD153,CUST208,Electronics,Credit Card,880.07,10
ORD4671,5/14/24 2:12,PROD8,CUST434,Fashion,Credit Card,234.87,7
ORD4672,02-04-2024 15:13,PROD178,CUST442,Home Appliances,Bank Transfer,82.74,10
ORD4673,7/26/24 18:42,PROD25,CUST746,Electronics,Credit Card,298.73,3
ORD4674,03-01-2024 09:41,PROD66,CUST5,Electronics,Bank Transfer,169.59,9
ORD4675,1/16/24 23:18,PROD75,CUST852,Toys,Credit Card,610.49,6
ORD4676,2/20/24 5:58,PROD158,CUST802,Books,Debit Card,420.17,4
ORD4677,7/23/24 21:33,PROD79,CUST396,Books,Bank Transfer,1372.78,7
ORD4678,5/31/24 1:50,PROD189,CUST735,Fashion,Cash,429.1,7
ORD4679,1/14/24 4:51,PROD53,CUST392,Electronics,Cash,646.05,5
ORD4680,3/27/24 17:33,PROD16,CUST86,Electronics,Debit Card,444.37,8
ORD4681,6/25/24 5:07,PROD119,CUST119,Fashion,Bank Transfer,1721.7,2
ORD4682,09-04-2024 20:38,PROD113,CUST310,Home Appliances,Cash,1966.87,5
ORD4683,2/23/24 22:24,PROD85,CUST33,Electronics,PayPal,1429.14,2
ORD4684,6/16/24 3:05,PROD149,CUST719,Fashion,Cash,1842.51,5
ORD4685,6/13/24 11:14,PROD87,CUST688,Home Appliances,Credit Card,465.91,4
ORD4686,1/23/24 12:24,PROD162,CUST821,Home Appliances,Bank Transfer,115.41,4
ORD4687,1/21/24 14:42,PROD73,CUST391,Toys,Debit Card,1853.42,9
ORD4688,02-09-2024 05:22,PROD199,CUST643,Home Appliances,Bank Transfer,987.82,7
ORD4689,6/29/24 3:46,PROD63,CUST488,Toys,Credit Card,1988.9,2
ORD4690,04-03-2024 19:24,PROD181,CUST403,Electronics,Bank Transfer,58.25,1
ORD4691,6/21/24 14:30,PROD16,CUST669,Electronics,PayPal,391.54,7
ORD4692,6/19/24 0:19,PROD194,CUST615,Books,Bank Transfer,1468.6,5
ORD4693,06-02-2024 23:19,PROD175,CUST504,Toys,PayPal,1866.33,9
ORD4694,3/30/24 19:24,PROD161,CUST528,Electronics,Credit Card,229.61,9
ORD4695,10-04-2024 02:13,PROD123,CUST404,Fashion,PayPal,244.87,9
ORD4696,8/24/24 19:09,PROD138,CUST197,Electronics,Debit Card,1343.31,1
ORD4697,05-03-2024 14:06,PROD164,CUST509,Fashion,Credit Card,782.72,5
ORD4698,02-09-2024 03:08,PROD37,CUST730,Fashion,Cash,1891.27,6
ORD4699,05-08-2024 09:20,PROD51,CUST823,Books,Debit Card,1021.81,9
ORD4700,9/19/24 6:36,PROD30,CUST692,Home Appliances,Cash,1921.09,1
ORD4701,09-06-2024 10:23,PROD150,CUST880,Home Appliances,Debit Card,1133.16,3
ORD4702,11/13/24 2:08,PROD4,CUST837,Electronics,Debit Card,1523.39,3
ORD4703,01-11-2024 16:25,PROD181,CUST853,Toys,Debit Card,92.01,6
ORD4704,9/24/24 19:15,PROD59,CUST744,Fashion,Debit Card,900.27,6
ORD4705,9/22/24 6:11,PROD169,CUST976,Toys,PayPal,696.25,3
ORD4706,6/27/24 21:22,PROD183,CUST573,Electronics,Bank Transfer,1266.48,3
ORD4707,10-11-2024 11:23,PROD105,CUST727,Electronics,Debit Card,487.14,2
ORD4708,09-03-2024 16:46,PROD48,CUST786,Electronics,Cash,692.46,9
ORD4709,04-04-2024 21:18,PROD160,CUST399,Fashion,Debit Card,613.63,10
ORD4710,09-03-2024 07:56,PROD63,CUST372,Toys,Cash,761.48,4
ORD4711,5/20/24 14:19,PROD76,CUST994,Home Appliances,Cash,504.83,5
ORD4712,6/18/24 20:17,PROD72,CUST958,Books,Bank Transfer,655.14,7
ORD4713,10/24/24 3:38,PROD82,CUST780,Fashion,Credit Card,478.59,6
ORD4714,04-10-2024 12:07,PROD113,CUST241,Electronics,Debit Card,559.6,1
ORD4715,02-02-2024 03:53,PROD57,CUST294,Home Appliances,Cash,1982.23,8
ORD4716,4/18/24 20:01,PROD133,CUST117,Home Appliances,Credit Card,645.52,9
ORD4717,9/24/24 16:04,PROD53,CUST583,Home Appliances,Bank Transfer,307.87,4
ORD4718,5/25/24 6:33,PROD69,CUST242,Fashion,Debit Card,1617.61,8
ORD4719,07-12-2024 16:25,PROD54,CUST451,Books,Credit Card,571.5,4
ORD4720,04-11-2024 06:49,PROD22,CUST406,Toys,Credit Card,197.06,4
ORD4721,01-11-2024 19:52,PROD197,CUST260,Home Appliances,Bank Transfer,1271.7,5
ORD4722,10/21/24 6:19,PROD164,CUST766,Electronics,Bank Transfer,739.29,9
ORD4723,07-11-2024 13:34,PROD65,CUST249,Electronics,PayPal,307.07,1
ORD4724,3/18/24 8:39,PROD85,CUST652,Fashion,Debit Card,711.34,1
ORD4725,2/28/24 16:51,PROD99,CUST757,Electronics,Debit Card,1319.72,1
ORD4726,07-04-2024 18:04,PROD90,CUST75,Fashion,PayPal,1144.17,7
ORD4727,5/24/24 3:50,PROD77,CUST735,Fashion,Credit Card,164.28,4
ORD4728,10/13/24 20:59,PROD170,CUST294,Toys,PayPal,1802.7,2
ORD4729,9/15/24 1:32,PROD196,CUST424,Books,Credit Card,1947.24,3
ORD4730,1/13/24 14:10,PROD159,CUST949,Toys,PayPal,1613.62,6
ORD4731,2/20/24 8:03,PROD20,CUST62,Electronics,Bank Transfer,1022.75,5
ORD4732,3/26/24 8:40,PROD75,CUST335,Fashion,PayPal,1513.93,8
ORD4733,02-12-2024 18:22,PROD174,CUST592,Fashion,PayPal,209.16,8
ORD4734,2/23/24 9:02,PROD12,CUST442,Toys,PayPal,293.33,1
ORD4735,03-02-2024 16:26,PROD137,CUST584,Electronics,Credit Card,636.87,5
ORD4736,01-04-2024 05:27,PROD95,CUST776,Electronics,Bank Transfer,706.8,2
ORD4737,03-05-2024 17:43,PROD181,CUST156,Electronics,Bank Transfer,744.34,9
ORD4738,4/23/24 14:27,PROD19,CUST931,Electronics,PayPal,32.35,8
ORD4739,2/20/24 0:36,PROD159,CUST654,Books,Bank Transfer,1089.07,10
ORD4740,01-04-2024 17:52,PROD166,CUST115,Books,PayPal,1171.87,8
ORD4741,06-04-2024 23:22,PROD75,CUST296,Home Appliances,Credit Card,489.5,4
ORD4742,7/14/24 19:30,PROD96,CUST103,Fashion,PayPal,542.77,4
ORD4743,4/26/24 11:56,PROD111,CUST463,Books,Cash,1229.55,8
ORD4744,3/13/24 10:53,PROD88,CUST817,Fashion,Credit Card,859.83,9
ORD4745,3/23/24 1:17,PROD73,CUST75,Home Appliances,Debit Card,1775,10
ORD4746,2/24/24 23:37,PROD171,CUST233,Home Appliances,PayPal,689.03,4
ORD4747,08-06-2024 19:18,PROD199,CUST930,Fashion,Credit Card,1856.68,5
ORD4748,4/25/24 22:11,PROD139,CUST947,Home Appliances,PayPal,1531.4,8
ORD4749,3/23/24 17:59,PROD117,CUST542,Toys,Credit Card,1923.75,4
ORD4750,7/14/24 17:44,PROD88,CUST254,Home Appliances,Credit Card,1140.82,8
ORD4751,10-08-2024 01:02,PROD63,CUST499,Books,PayPal,867.51,5
ORD4752,2/23/24 2:36,PROD131,CUST503,Home Appliances,PayPal,1569.36,9
ORD4753,04-01-2024 01:40,PROD200,CUST643,Home Appliances,Bank Transfer,1936.25,9
ORD4754,4/18/24 8:56,PROD72,CUST19,Toys,PayPal,715.68,10
ORD4755,9/28/24 11:27,PROD154,CUST86,Books,Credit Card,1574.73,4
ORD4756,06-12-2024 20:10,PROD67,CUST977,Books,Credit Card,1958.8,10
ORD4757,3/13/24 15:08,PROD198,CUST822,Toys,Debit Card,1999.16,2
ORD4758,6/18/24 4:22,PROD146,CUST681,Home Appliances,Bank Transfer,676.67,9
ORD4759,01-01-2024 01:45,PROD101,CUST364,Fashion,Debit Card,201.84,8
ORD4760,8/25/24 1:17,PROD9,CUST688,Toys,PayPal,55.86,2
ORD4761,3/24/24 18:24,PROD19,CUST840,Fashion,Credit Card,639.64,3
ORD4762,11-10-2024 19:19,PROD96,CUST938,Home Appliances,Debit Card,1436.41,4
ORD4763,03-11-2024 16:09,PROD73,CUST504,Electronics,Credit Card,1332.67,8
ORD4764,6/18/24 8:57,PROD106,CUST690,Books,Bank Transfer,229.97,1
ORD4765,5/22/24 1:58,PROD155,CUST344,Toys,PayPal,487.59,5
ORD4766,4/26/24 14:20,PROD194,CUST112,Home Appliances,Bank Transfer,1620.74,1
ORD4767,4/19/24 22:30,PROD54,CUST754,Fashion,Cash,1863.5,6
ORD4768,4/14/24 17:12,PROD132,CUST983,Books,Debit Card,273.84,5
ORD4769,10/15/24 17:20,PROD36,CUST359,Home Appliances,Credit Card,1284.62,9
ORD4770,03-11-2024 01:42,PROD161,CUST824,Home Appliances,PayPal,1904.38,6
ORD4771,11-05-2024 18:13,PROD60,CUST622,Home Appliances,Credit Card,1188.84,1
ORD4772,02-01-2024 09:40,PROD107,CUST268,Toys,Debit Card,292.33,3
ORD4773,10-05-2024 13:44,PROD15,CUST446,Toys,Credit Card,1919.85,5
ORD4774,04-03-2024 10:06,PROD85,CUST145,Toys,PayPal,1853.71,9
ORD4775,9/25/24 16:00,PROD10,CUST157,Books,Credit Card,1506.28,4
ORD4776,10-11-2024 22:17,PROD31,CUST847,Books,Bank Transfer,1683.4,5
ORD4777,10/20/24 4:54,PROD126,CUST955,Fashion,Bank Transfer,1033.16,8
ORD4778,11-02-2024 02:31,PROD51,CUST672,Electronics,Cash,1677.28,2
ORD4779,05-01-2024 02:55,PROD71,CUST152,Books,Cash,54.53,6
ORD4780,03-08-2024 16:48,PROD131,CUST933,Books,Cash,883.78,10
ORD4781,9/16/24 10:50,PROD158,CUST569,Books,PayPal,103.28,6
ORD4782,6/26/24 0:00,PROD74,CUST842,Home Appliances,Cash,68.84,1
ORD4783,03-04-2024 13:59,PROD76,CUST309,Toys,Debit Card,1389.45,4
ORD4784,8/26/24 21:39,PROD20,CUST810,Home Appliances,Bank Transfer,1626.37,8
ORD4785,9/16/24 22:03,PROD29,CUST173,Electronics,Cash,447.65,1
ORD4786,10/17/24 11:08,PROD95,CUST305,Books,Credit Card,345.73,2
ORD4787,3/13/24 7:46,PROD121,CUST972,Fashion,Cash,726.32,6
ORD4788,03-07-2024 11:59,PROD158,CUST716,Home Appliances,Credit Card,237.9,2
ORD4789,5/24/24 13:44,PROD10,CUST981,Fashion,Debit Card,445.07,10
ORD4790,2/25/24 15:15,PROD197,CUST114,Toys,Debit Card,257.45,7
ORD4791,07-01-2024 06:41,PROD180,CUST7,Fashion,Debit Card,1534.8,8
ORD4792,5/18/24 2:21,PROD1,CUST386,Fashion,Bank Transfer,542.41,10
ORD4793,05-02-2024 09:21,PROD40,CUST222,Books,Credit Card,1410.31,1
ORD4794,1/15/24 15:29,PROD200,CUST753,Toys,PayPal,183.61,9
ORD4795,11-04-2024 02:31,PROD84,CUST773,Toys,Credit Card,753.19,7
ORD4796,5/20/24 12:32,PROD195,CUST368,Books,Debit Card,1860.7,7
ORD4797,02-11-2024 02:00,PROD82,CUST647,Books,PayPal,1748.63,3
ORD4798,08-05-2024 18:32,PROD197,CUST45,Fashion,Bank Transfer,1314.6,8
ORD4799,02-03-2024 04:11,PROD122,CUST18,Fashion,PayPal,23.82,6
ORD4800,6/17/24 7:45,PROD146,CUST872,Books,Debit Card,36.5,5
ORD4801,3/29/24 14:48,PROD199,CUST659,Toys,Cash,163.29,3
ORD4802,4/30/24 23:02,PROD9,CUST902,Fashion,PayPal,1085.83,4
ORD4803,5/24/24 11:38,PROD145,CUST278,Toys,PayPal,484.13,7
ORD4804,09-04-2024 13:54,PROD94,CUST571,Home Appliances,Debit Card,132.39,2
ORD4805,02-06-2024 15:49,PROD118,CUST877,Fashion,Cash,1597.32,7
ORD4806,1/31/24 7:31,PROD88,CUST613,Toys,Cash,613.62,7
ORD4807,11-09-2024 03:39,PROD1,CUST661,Fashion,Cash,262.06,7
ORD4808,4/23/24 11:29,PROD90,CUST583,Books,PayPal,1974.57,8
ORD4809,8/25/24 21:48,PROD127,CUST138,Fashion,Credit Card,924.81,6
ORD4810,8/27/24 11:09,PROD122,CUST109,Home Appliances,Debit Card,1931.31,6
ORD4811,11-10-2024 13:37,PROD35,CUST143,Fashion,Debit Card,287.68,2
ORD4812,4/15/24 21:18,PROD140,CUST951,Fashion,Credit Card,900.64,10
ORD4813,06-03-2024 04:33,PROD117,CUST455,Electronics,PayPal,1698.79,8
ORD4814,8/29/24 0:13,PROD3,CUST423,Toys,Bank Transfer,440.97,4
ORD4815,2/14/24 15:55,PROD152,CUST381,Home Appliances,Credit Card,355.74,2
ORD4816,04-03-2024 14:22,PROD144,CUST259,Home Appliances,PayPal,1938.46,6
ORD4817,01-08-2024 21:31,PROD100,CUST664,Electronics,PayPal,336.9,8
ORD4818,4/19/24 10:09,PROD33,CUST215,Toys,Credit Card,1500.02,5
ORD4819,01-08-2024 21:23,PROD152,CUST269,Books,Debit Card,78.81,3
ORD4820,2/23/24 6:15,PROD156,CUST54,Electronics,Bank Transfer,444.9,8
ORD4821,09-02-2024 23:23,PROD47,CUST670,Toys,PayPal,115.28,1
ORD4822,07-06-2024 05:37,PROD142,CUST829,Fashion,Debit Card,737.39,4
ORD4823,10/22/24 15:54,PROD153,CUST511,Toys,Credit Card,1539.94,9
ORD4824,10-04-2024 14:45,PROD173,CUST791,Home Appliances,Cash,1433.22,3
ORD4825,04-08-2024 06:02,PROD61,CUST876,Fashion,Debit Card,473.73,4
ORD4826,3/31/24 19:06,PROD21,CUST439,Books,Credit Card,980.78,8
ORD4827,5/28/24 9:10,PROD70,CUST417,Fashion,Credit Card,1019.6,3
ORD4828,01-08-2024 21:38,PROD149,CUST881,Toys,Cash,1129.1,5
ORD4829,2/24/24 0:37,PROD106,CUST717,Fashion,Cash,1899.54,2
ORD4830,4/24/24 8:06,PROD101,CUST40,Home Appliances,Credit Card,516.17,8
ORD4831,8/15/24 2:43,PROD165,CUST885,Electronics,Bank Transfer,297.39,1
ORD4832,10/19/24 18:41,PROD42,CUST884,Books,Bank Transfer,1628.62,3
ORD4833,10/31/24 4:22,PROD128,CUST924,Books,Credit Card,715.35,2
ORD4834,10-02-2024 16:30,PROD145,CUST773,Home Appliances,PayPal,971.02,8
ORD4835,10/16/24 9:29,PROD80,CUST350,Fashion,Cash,1891.31,10
ORD4836,08-10-2024 12:50,PROD128,CUST678,Books,Cash,653.51,4
ORD4837,08-11-2024 02:21,PROD198,CUST960,Electronics,Credit Card,1486.84,4
ORD4838,07-04-2024 11:12,PROD100,CUST171,Toys,Cash,1258.45,9
ORD4839,09-10-2024 05:56,PROD9,CUST733,Fashion,PayPal,672.58,5
ORD4840,8/31/24 19:44,PROD88,CUST441,Fashion,Credit Card,1816.77,4
ORD4841,1/30/24 22:16,PROD165,CUST948,Books,Cash,1770.18,5
ORD4842,7/15/24 2:48,PROD134,CUST67,Fashion,Debit Card,78.27,4
ORD4843,4/20/24 10:22,PROD185,CUST612,Books,Credit Card,1622.19,5
ORD4844,1/22/24 4:15,PROD143,CUST496,Toys,Debit Card,1972.11,9
ORD4845,03-01-2024 10:45,PROD93,CUST938,Books,Cash,1509.23,8
ORD4846,06-01-2024 13:10,PROD137,CUST659,Books,Credit Card,617.02,7
ORD4847,10-01-2024 18:56,PROD13,CUST491,Fashion,PayPal,251.16,9
ORD4848,01-12-2024 17:12,PROD84,CUST434,Fashion,PayPal,134.39,7
ORD4849,8/20/24 19:26,PROD53,CUST956,Fashion,PayPal,1208.82,6
ORD4850,09-04-2024 06:50,PROD100,CUST870,Toys,Debit Card,1102.99,1
ORD4851,5/31/24 8:40,PROD6,CUST171,Toys,Cash,1299.93,8
ORD4852,06-02-2024 16:15,PROD106,CUST43,Books,Bank Transfer,322.5,3
ORD4853,10-01-2024 19:50,PROD131,CUST79,Fashion,Cash,1766.28,2
ORD4854,3/20/24 5:38,PROD177,CUST928,Books,Credit Card,150.74,1
ORD4855,6/25/24 17:47,PROD70,CUST920,Toys,Bank Transfer,895.93,5
ORD4856,2/23/24 14:41,PROD17,CUST213,Books,Credit Card,900.98,2
ORD4857,9/25/24 10:24,PROD184,CUST560,Books,Bank Transfer,461.25,9
ORD4858,9/23/24 16:32,PROD88,CUST72,Home Appliances,Cash,723.97,8
ORD4859,8/24/24 10:26,PROD55,CUST726,Books,Credit Card,1557.53,8
ORD4860,10-02-2024 17:06,PROD44,CUST15,Home Appliances,Debit Card,828.24,3
ORD4861,02-05-2024 15:43,PROD75,CUST304,Home Appliances,Cash,1669.85,5
ORD4862,1/28/24 8:55,PROD106,CUST247,Fashion,Cash,1296.13,3
ORD4863,05-05-2024 21:16,PROD75,CUST313,Toys,Cash,1315.93,7
ORD4864,09-05-2024 06:19,PROD187,CUST213,Books,Cash,895.77,1
ORD4865,7/29/24 12:45,PROD150,CUST405,Electronics,Cash,182.64,4
ORD4866,03-11-2024 16:00,PROD1,CUST928,Toys,Cash,1828.97,3
ORD4867,6/15/24 5:34,PROD107,CUST622,Electronics,Debit Card,1921.45,10
ORD4868,3/29/24 13:40,PROD76,CUST547,Fashion,Credit Card,316.03,8
ORD4869,6/25/24 16:23,PROD85,CUST525,Fashion,Debit Card,1985.07,4
ORD4870,1/14/24 17:02,PROD124,CUST176,Home Appliances,Debit Card,1461.56,7
ORD4871,4/13/24 5:29,PROD76,CUST616,Toys,Credit Card,381.37,10
ORD4872,10-07-2024 06:09,PROD18,CUST535,Electronics,Cash,1074.58,3
ORD4873,11-11-2024 20:05,PROD68,CUST585,Home Appliances,PayPal,52.28,3
ORD4874,2/18/24 9:18,PROD162,CUST640,Books,Cash,715.74,6
ORD4875,09-08-2024 19:58,PROD181,CUST150,Fashion,Cash,318.71,7
ORD4876,9/28/24 17:43,PROD91,CUST829,Electronics,Bank Transfer,1739.03,7
ORD4877,6/25/24 3:24,PROD80,CUST329,Fashion,PayPal,447.23,3
ORD4878,09-08-2024 05:07,PROD68,CUST775,Electronics,Cash,402.44,6
ORD4879,6/25/24 21:18,PROD162,CUST761,Books,Cash,1364.17,8
ORD4880,04-02-2024 23:09,PROD33,CUST291,Electronics,Credit Card,622.99,5
ORD4881,9/15/24 10:54,PROD102,CUST353,Home Appliances,Cash,782.79,3
ORD4882,6/29/24 0:15,PROD6,CUST191,Books,Debit Card,1859.58,3
ORD4883,8/29/24 16:59,PROD94,CUST149,Toys,Cash,518.41,3
ORD4884,4/25/24 18:02,PROD16,CUST133,Toys,Cash,261.8,2
ORD4885,5/26/24 0:32,PROD129,CUST234,Books,Debit Card,177.02,1
ORD4886,7/13/24 18:22,PROD142,CUST232,Electronics,Bank Transfer,429.16,4
ORD4887,08-08-2024 14:02,PROD75,CUST866,Home Appliances,Cash,1467.43,7
ORD4888,3/20/24 7:14,PROD60,CUST668,Fashion,Bank Transfer,1133.19,3
ORD4889,1/20/24 6:24,PROD19,CUST994,Books,Credit Card,222.33,1
ORD4890,06-10-2024 12:09,PROD25,CUST39,Books,Cash,1542.85,2
ORD4891,9/22/24 12:13,PROD76,CUST52,Fashion,Cash,243.15,9
ORD4892,11-10-2024 01:31,PROD78,CUST366,Toys,PayPal,1979.37,8
ORD4893,8/28/24 19:13,PROD172,CUST395,Books,Debit Card,1212.87,4
ORD4894,01-05-2024 01:42,PROD96,CUST685,Home Appliances,PayPal,1245.25,9
ORD4895,01-04-2024 13:03,PROD146,CUST368,Electronics,PayPal,533.69,9
ORD4896,11-06-2024 03:14,PROD191,CUST436,Electronics,Credit Card,148.76,2
ORD4897,10/22/24 8:08,PROD127,CUST726,Fashion,Credit Card,763.47,2
ORD4898,10-05-2024 23:29,PROD70,CUST832,Books,Debit Card,392.82,6
ORD4899,7/27/24 16:59,PROD55,CUST536,Electronics,Bank Transfer,957.83,5
ORD4900,11-12-2024 17:00,PROD69,CUST982,Toys,Credit Card,256.52,10
ORD4901,4/16/24 20:47,PROD3,CUST725,Toys,Cash,805.63,10
ORD4902,11-09-2024 01:49,PROD108,CUST232,Toys,Credit Card,820.59,5
ORD4903,9/28/24 3:34,PROD72,CUST832,Toys,Bank Transfer,490.55,10
ORD4904,10/29/24 0:05,PROD77,CUST50,Electronics,Debit Card,245.28,4
ORD4905,05-02-2024 03:49,PROD102,CUST427,Fashion,Debit Card,1976.7,3
ORD4906,05-07-2024 21:01,PROD39,CUST228,Home Appliances,Bank Transfer,739.43,1
ORD4907,7/28/24 1:19,PROD194,CUST814,Books,Credit Card,1408.87,1
ORD4908,07-12-2024 09:07,PROD71,CUST351,Toys,Bank Transfer,1722.57,2
ORD4909,2/14/24 8:52,PROD17,CUST896,Electronics,Cash,329.76,9
ORD4910,09-11-2024 23:18,PROD188,CUST258,Home Appliances,Cash,1165.62,4
ORD4911,8/15/24 1:40,PROD34,CUST150,Books,PayPal,303.44,10
ORD4912,03-04-2024 13:59,PROD106,CUST333,Toys,Bank Transfer,681.75,3
ORD4913,01-08-2024 23:59,PROD47,CUST787,Books,Debit Card,199.25,7
ORD4914,06-01-2024 13:32,PROD30,CUST771,Home Appliances,Credit Card,921.13,2
ORD4915,02-06-2024 22:23,PROD52,CUST888,Fashion,Bank Transfer,688.21,6
ORD4916,10/22/24 19:27,PROD143,CUST381,Fashion,Cash,772.27,9
ORD4917,01-01-2024 21:32,PROD23,CUST353,Fashion,Cash,1752.51,10
ORD4918,11-08-2024 02:51,PROD66,CUST742,Electronics,Credit Card,588.18,2
ORD4919,5/25/24 1:01,PROD57,CUST834,Fashion,Cash,1753.16,7
ORD4920,5/21/24 19:04,PROD117,CUST92,Fashion,Bank Transfer,407.94,2
ORD4921,7/20/24 6:05,PROD28,CUST641,Books,Bank Transfer,1772.17,8
ORD4922,2/27/24 2:15,PROD103,CUST728,Fashion,Cash,699.85,3
ORD4923,11-10-2024 03:55,PROD51,CUST869,Home Appliances,Bank Transfer,1257.16,3
ORD4924,01-04-2024 18:30,PROD37,CUST93,Electronics,Credit Card,1540.94,1
ORD4925,3/21/24 16:10,PROD77,CUST111,Home Appliances,PayPal,1824.95,1
ORD4926,09-05-2024 22:52,PROD76,CUST69,Home Appliances,Cash,173.68,4
ORD4927,7/24/24 6:09,PROD88,CUST252,Books,Credit Card,1102.14,7
ORD4928,5/20/24 8:53,PROD3,CUST178,Home Appliances,Debit Card,287.07,7
ORD4929,09-06-2024 12:49,PROD42,CUST981,Books,Cash,1357.07,6
ORD4930,8/15/24 18:34,PROD195,CUST634,Books,Debit Card,1647.49,5
ORD4931,1/25/24 12:53,PROD81,CUST764,Electronics,PayPal,195.99,4
ORD4932,11/16/24 14:38,PROD171,CUST455,Toys,Debit Card,908.6,6
ORD4933,08-05-2024 22:45,PROD67,CUST666,Fashion,PayPal,940.88,3
ORD4934,7/23/24 1:44,PROD151,CUST632,Fashion,Bank Transfer,560.87,10
ORD4935,10/31/24 14:38,PROD180,CUST734,Home Appliances,Credit Card,1350.38,7
ORD4936,1/25/24 14:03,PROD85,CUST869,Electronics,Credit Card,1688.06,9
ORD4937,02-09-2024 05:51,PROD179,CUST543,Toys,Debit Card,548.53,5
ORD4938,7/31/24 0:05,PROD95,CUST826,Electronics,Cash,1774.64,10
ORD4939,05-08-2024 11:51,PROD164,CUST668,Fashion,Debit Card,1652.56,7
ORD4940,04-01-2024 00:57,PROD4,CUST5,Toys,PayPal,360.28,9
ORD4941,4/23/24 1:30,PROD91,CUST179,Toys,PayPal,270.06,1
ORD4942,3/24/24 23:12,PROD200,CUST984,Toys,Debit Card,1843.5,4
ORD4943,5/25/24 5:01,PROD29,CUST64,Fashion,Bank Transfer,624.24,3
ORD4944,03-09-2024 22:28,PROD193,CUST885,Electronics,Debit Card,1422.68,4
ORD4945,4/30/24 8:42,PROD47,CUST41,Home Appliances,Credit Card,1305.17,8
ORD4946,5/21/24 22:16,PROD104,CUST596,Home Appliances,PayPal,1577.08,1
ORD4947,10/16/24 11:40,PROD47,CUST864,Electronics,PayPal,1464.56,4
ORD4948,04-03-2024 00:22,PROD134,CUST943,Electronics,Cash,23.23,10
ORD4949,8/29/24 2:10,PROD138,CUST777,Electronics,Bank Transfer,807.12,2
ORD4950,06-08-2024 11:31,PROD140,CUST553,Home Appliances,Bank Transfer,232.1,9
ORD4951,9/21/24 15:02,PROD78,CUST975,Books,Cash,737.66,8
ORD4952,1/14/24 14:06,PROD158,CUST747,Electronics,Credit Card,569.48,4
ORD4953,2/13/24 22:09,PROD142,CUST217,Fashion,Cash,1722.44,8
ORD4954,7/31/24 16:53,PROD61,CUST616,Home Appliances,Bank Transfer,1321.82,4
ORD4955,06-01-2024 11:27,PROD78,CUST820,Toys,Bank Transfer,1385.22,7
ORD4956,04-01-2024 04:35,PROD72,CUST329,Fashion,Credit Card,1689.67,8
ORD4957,11/15/24 21:43,PROD139,CUST174,Books,PayPal,1881.63,9
ORD4958,03-08-2024 12:00,PROD60,CUST216,Electronics,PayPal,939.23,2
ORD4959,01-11-2024 09:03,PROD39,CUST948,Electronics,PayPal,1089.14,8
ORD4960,03-12-2024 11:13,PROD118,CUST600,Home Appliances,Cash,466.38,10
ORD4961,02-10-2024 17:15,PROD190,CUST750,Books,Cash,1552.11,8
ORD4962,1/13/24 20:40,PROD176,CUST14,Home Appliances,Bank Transfer,1893.69,5
ORD4963,7/20/24 3:38,PROD70,CUST561,Fashion,Cash,1080.44,7
ORD4964,1/31/24 15:42,PROD187,CUST972,Electronics,Debit Card,1793.55,2
ORD4965,09-03-2024 02:49,PROD71,CUST310,Toys,Credit Card,1594.95,7
ORD4966,5/22/24 15:58,PROD4,CUST888,Books,Bank Transfer,1495.7,6
ORD4967,4/26/24 0:52,PROD58,CUST832,Toys,Cash,1924.34,3
ORD4968,10/25/24 8:21,PROD130,CUST832,Books,Cash,1538.88,10
ORD4969,10/20/24 22:22,PROD71,CUST456,Toys,PayPal,1213.83,4
ORD4970,10-11-2024 11:31,PROD10,CUST327,Toys,Bank Transfer,1922.84,10
ORD4971,05-12-2024 08:01,PROD194,CUST213,Books,PayPal,443.37,8
ORD4972,03-10-2024 14:09,PROD89,CUST343,Electronics,Debit Card,98.99,7
ORD4973,8/21/24 15:59,PROD179,CUST803,Toys,PayPal,74.43,3
ORD4974,4/20/24 20:41,PROD27,CUST715,Fashion,Debit Card,1702.95,1
ORD4975,04-06-2024 16:22,PROD171,CUST918,Electronics,Cash,1664.88,5
ORD4976,05-12-2024 02:04,PROD10,CUST990,Home Appliances,Credit Card,1621.14,1
ORD4977,02-08-2024 10:35,PROD114,CUST428,Home Appliances,Bank Transfer,767.18,10
ORD4978,09-10-2024 03:48,PROD47,CUST453,Fashion,Debit Card,1764.38,10
ORD4979,7/25/24 1:27,PROD193,CUST267,Electronics,Cash,1663.45,10
ORD4980,10/18/24 0:54,PROD48,CUST743,Electronics,PayPal,252.9,3
ORD4981,11-05-2024 10:16,PROD59,CUST517,Toys,PayPal,1071.06,3
ORD4982,05-10-2024 22:03,PROD44,CUST598,Toys,Cash,1256.31,10
ORD4983,04-05-2024 21:40,PROD24,CUST396,Electronics,Bank Transfer,996.32,5
ORD4984,5/27/24 5:13,PROD160,CUST567,Toys,Credit Card,703.16,1
ORD4985,03-06-2024 10:16,PROD46,CUST782,Toys,Debit Card,1655.2,5
ORD4986,8/17/24 13:40,PROD38,CUST538,Books,Bank Transfer,1877.57,10
ORD4987,7/27/24 22:53,PROD101,CUST207,Home Appliances,Bank Transfer,1427.81,4
ORD4988,01-12-2024 03:54,PROD118,CUST936,Electronics,Cash,796.03,4
ORD4989,10/26/24 18:11,PROD196,CUST753,Toys,Debit Card,384.66,10
ORD4990,10/20/24 13:18,PROD97,CUST969,Books,PayPal,1826.36,1
ORD4991,4/14/24 19:23,PROD39,CUST18,Toys,Cash,1169.86,4
ORD4992,01-12-2024 23:23,PROD1,CUST800,Fashion,Debit Card,140.21,6
ORD4993,9/28/24 0:05,PROD183,CUST347,Books,Credit Card,394.7,5
ORD4994,6/30/24 4:41,PROD183,CUST703,Home Appliances,Debit Card,255.12,3
ORD4995,06-03-2024 01:12,PROD112,CUST173,Home Appliances,Bank Transfer,296.37,3
ORD4996,01-05-2024 04:56,PROD173,CUST64,Toys,Debit Card,1010.51,1
ORD4997,08-05-2024 18:22,PROD194,CUST713,Electronics,Debit Card,1695.38,5
ORD4998,05-12-2024 20:51,PROD68,CUST855,Home Appliances,Debit Card,107.44,4
ORD4999,5/26/24 11:02,PROD24,CUST495,Fashion,PayPal,1687.52,4
ORD5000,1/30/24 7:14,PROD148,CUST150,Electronics,Credit Card,1850.94,3
ORD5001,06-07-2024 09:28,PROD44,CUST803,Toys,Cash,701.48,10
ORD5002,8/24/24 2:28,PROD123,CUST292,Books,Debit Card,183.45,3
ORD5003,10-08-2024 00:50,PROD171,CUST13,Home Appliances,Debit Card,280.94,9
ORD5004,11/16/24 3:30,PROD105,CUST982,Home Appliances,Credit Card,1882.73,5
ORD5005,2/13/24 17:12,PROD142,CUST873,Fashion,Bank Transfer,1189.04,4
ORD5006,8/22/24 21:41,PROD70,CUST329,Toys,Bank Transfer,175.46,3
ORD5007,3/20/24 1:11,PROD10,CUST219,Books,PayPal,1610.81,1
ORD5008,3/20/24 8:05,PROD157,CUST743,Toys,Cash,838.82,4
ORD5009,09-05-2024 07:28,PROD20,CUST342,Toys,Bank Transfer,1869.37,9
ORD5010,9/19/24 15:28,PROD88,CUST93,Books,PayPal,931.3,6
ORD5011,01-01-2024 20:51,PROD127,CUST804,Toys,PayPal,1672.78,10
ORD5012,1/26/24 4:28,PROD49,CUST723,Toys,Cash,1306.06,7
ORD5013,10/19/24 8:03,PROD46,CUST57,Electronics,Debit Card,453.8,1
ORD5014,02-05-2024 18:41,PROD100,CUST807,Fashion,Credit Card,704.35,9
ORD5015,1/26/24 23:26,PROD135,CUST678,Toys,Bank Transfer,394.25,2
ORD5016,5/24/24 1:57,PROD22,CUST957,Fashion,Bank Transfer,167.67,2
ORD5017,6/23/24 16:40,PROD61,CUST650,Toys,Bank Transfer,1349.72,3
ORD5018,07-12-2024 23:01,PROD155,CUST162,Home Appliances,PayPal,76.6,10
ORD5019,06-02-2024 08:17,PROD79,CUST849,Electronics,Bank Transfer,87.67,5
ORD5020,04-12-2024 08:09,PROD195,CUST69,Electronics,Cash,1476.93,3
ORD5021,6/28/24 11:32,PROD191,CUST915,Electronics,Bank Transfer,509.53,6
ORD5022,5/27/24 14:56,PROD114,CUST212,Books,Debit Card,568.4,8
ORD5023,6/19/24 18:25,PROD160,CUST683,Electronics,Cash,1972,2
ORD5024,06-06-2024 23:47,PROD133,CUST359,Electronics,PayPal,82.02,7
ORD5025,1/25/24 1:24,PROD146,CUST786,Electronics,PayPal,1157.3,8
ORD5026,5/31/24 23:45,PROD47,CUST74,Fashion,Cash,1579.98,9
ORD5027,07-05-2024 11:32,PROD9,CUST578,Books,Cash,386.19,7
ORD5028,1/15/24 13:08,PROD154,CUST149,Electronics,Debit Card,1128.36,9
ORD5029,10-07-2024 23:31,PROD120,CUST153,Toys,PayPal,1257.27,2
ORD5030,2/24/24 10:12,PROD182,CUST469,Books,Debit Card,625.5,1
ORD5031,08-05-2024 01:58,PROD126,CUST504,Fashion,Bank Transfer,371.24,3
ORD5032,08-11-2024 02:20,PROD182,CUST117,Books,Credit Card,865.15,8
ORD5033,07-05-2024 04:29,PROD26,CUST922,Home Appliances,Debit Card,734.96,9
ORD5034,3/19/24 19:35,PROD186,CUST868,Home Appliances,Bank Transfer,1701.15,3
ORD5035,9/20/24 3:14,PROD196,CUST898,Toys,Credit Card,426.79,6
ORD5036,09-01-2024 10:49,PROD131,CUST23,Electronics,PayPal,1116.14,7
ORD5037,9/20/24 6:58,PROD67,CUST825,Home Appliances,Cash,949.43,7
ORD5038,3/30/24 12:51,PROD72,CUST553,Fashion,Bank Transfer,1044.11,10
ORD5039,03-01-2024 08:11,PROD138,CUST546,Toys,Cash,485.07,7
ORD5040,7/14/24 13:22,PROD112,CUST207,Electronics,Cash,860.15,10
ORD5041,04-03-2024 23:16,PROD91,CUST55,Books,Cash,914.03,6
ORD5042,4/16/24 21:48,PROD35,CUST919,Fashion,PayPal,1686.74,2
ORD5043,04-07-2024 13:03,PROD60,CUST92,Fashion,PayPal,847.98,1
ORD5044,6/30/24 2:12,PROD2,CUST909,Books,Cash,1655.47,2
ORD5045,8/16/24 4:05,PROD181,CUST435,Fashion,Credit Card,1847.05,6
ORD5046,4/21/24 14:56,PROD177,CUST455,Home Appliances,Cash,273.19,10
ORD5047,9/23/24 6:43,PROD123,CUST489,Electronics,Cash,1840.02,3
ORD5048,09-01-2024 21:46,PROD170,CUST500,Toys,PayPal,1636.23,9
ORD5049,1/20/24 20:18,PROD48,CUST48,Home Appliances,Bank Transfer,87.45,5
ORD5050,8/16/24 13:52,PROD88,CUST241,Toys,Bank Transfer,775.35,5
ORD5051,02-05-2024 22:59,PROD160,CUST280,Books,Bank Transfer,962.33,9
ORD5052,4/20/24 4:08,PROD123,CUST657,Electronics,Debit Card,1514.84,8
ORD5053,11-10-2024 13:16,PROD34,CUST102,Toys,PayPal,1618.34,1
ORD5054,09-02-2024 07:28,PROD80,CUST515,Books,Credit Card,1886.61,8
ORD5055,7/24/24 2:46,PROD170,CUST965,Electronics,Debit Card,1923.56,5
ORD5056,05-04-2024 20:58,PROD6,CUST513,Toys,Debit Card,765.63,8
ORD5057,10/18/24 10:58,PROD83,CUST328,Fashion,Bank Transfer,1309.1,6
ORD5058,06-10-2024 21:42,PROD199,CUST700,Toys,Credit Card,1876.37,2
ORD5059,6/30/24 21:10,PROD27,CUST712,Books,Credit Card,481.27,4
ORD5060,07-12-2024 12:57,PROD101,CUST81,Books,Credit Card,1569.6,2
ORD5061,1/26/24 4:23,PROD17,CUST477,Electronics,Bank Transfer,1380.59,6
ORD5062,4/24/24 7:54,PROD80,CUST365,Electronics,Bank Transfer,1829.31,1
ORD5063,3/26/24 0:53,PROD111,CUST465,Electronics,Debit Card,1802.78,10
ORD5064,4/17/24 19:05,PROD122,CUST250,Home Appliances,Credit Card,1636.24,4
ORD5065,1/15/24 23:59,PROD97,CUST57,Books,Bank Transfer,892.72,4
ORD5066,2/24/24 20:53,PROD161,CUST167,Electronics,Credit Card,1697.28,2
ORD5067,11/14/24 21:02,PROD196,CUST470,Toys,Credit Card,1574.93,6
ORD5068,10-04-2024 04:13,PROD103,CUST593,Toys,Bank Transfer,605.89,6
ORD5069,6/24/24 16:47,PROD186,CUST1,Fashion,Credit Card,1238.12,8
ORD5070,03-06-2024 06:52,PROD1,CUST908,Toys,Bank Transfer,1017.38,10
ORD5071,03-11-2024 23:15,PROD153,CUST154,Home Appliances,PayPal,166.55,7
ORD5072,05-07-2024 14:38,PROD162,CUST629,Books,Debit Card,1339.98,3
ORD5073,05-11-2024 03:48,PROD13,CUST397,Books,PayPal,217.03,7
ORD5074,07-08-2024 20:29,PROD48,CUST384,Toys,Credit Card,113.88,9
ORD5075,2/14/24 8:07,PROD19,CUST790,Fashion,Debit Card,1512.98,10
ORD5076,06-09-2024 13:45,PROD51,CUST183,Toys,Cash,1455.31,5
ORD5077,3/14/24 14:10,PROD21,CUST270,Home Appliances,PayPal,1910.39,5
ORD5078,9/13/24 8:40,PROD51,CUST433,Electronics,Debit Card,809.81,9
ORD5079,01-10-2024 05:33,PROD45,CUST244,Toys,Bank Transfer,463.12,7
ORD5080,2/18/24 22:21,PROD113,CUST200,Home Appliances,PayPal,1744.82,10
ORD5081,10-02-2024 10:39,PROD108,CUST370,Electronics,Credit Card,586.51,1
ORD5082,3/13/24 2:58,PROD4,CUST225,Books,Credit Card,1463.73,2
ORD5083,01-12-2024 15:03,PROD169,CUST870,Books,Debit Card,1857.49,5
ORD5084,04-05-2024 07:05,PROD14,CUST807,Home Appliances,Debit Card,86.38,3
ORD5085,02-03-2024 14:57,PROD83,CUST40,Fashion,Cash,578.32,2
ORD5086,9/16/24 9:27,PROD165,CUST614,Fashion,Credit Card,1557.18,6
ORD5087,5/21/24 20:21,PROD104,CUST499,Electronics,Bank Transfer,1806.74,8
ORD5088,2/23/24 18:29,PROD77,CUST454,Toys,Credit Card,1975.94,6
ORD5089,04-04-2024 15:09,PROD151,CUST869,Books,PayPal,789.24,1
ORD5090,8/30/24 23:43,PROD195,CUST270,Fashion,Bank Transfer,1012.74,4
ORD5091,8/24/24 19:44,PROD145,CUST203,Home Appliances,Debit Card,988.38,1
ORD5092,09-01-2024 19:40,PROD9,CUST42,Books,Credit Card,126.39,7
ORD5093,7/27/24 14:23,PROD186,CUST492,Toys,Bank Transfer,1551.2,4
ORD5094,11-07-2024 22:39,PROD162,CUST224,Fashion,Cash,383.13,3
ORD5095,02-10-2024 15:50,PROD147,CUST605,Electronics,Credit Card,1713.17,5
ORD5096,03-05-2024 01:50,PROD113,CUST179,Toys,Credit Card,403.19,2
ORD5097,5/22/24 6:52,PROD81,CUST24,Books,PayPal,819.72,7
ORD5098,4/15/24 14:09,PROD104,CUST234,Fashion,Credit Card,630.61,2
ORD5099,8/31/24 8:29,PROD99,CUST177,Books,PayPal,293.07,6
ORD5100,7/28/24 11:57,PROD7,CUST296,Electronics,Debit Card,302.88,8
ORD5101,03-01-2024 01:19,PROD96,CUST147,Home Appliances,Bank Transfer,1184.63,3
ORD5102,08-01-2024 22:24,PROD112,CUST379,Fashion,Cash,1632.77,1
ORD5103,08-10-2024 12:07,PROD101,CUST132,Electronics,Cash,1615.57,6
ORD5104,03-04-2024 11:14,PROD150,CUST728,Electronics,PayPal,1777.39,9
ORD5105,04-10-2024 23:51,PROD195,CUST430,Fashion,Credit Card,906.06,1
ORD5106,1/16/24 7:40,PROD192,CUST897,Home Appliances,Cash,261.29,4
ORD5107,1/25/24 7:20,PROD197,CUST842,Home Appliances,Debit Card,1843.4,9
ORD5108,11-02-2024 23:37,PROD189,CUST358,Fashion,Debit Card,617.94,4
ORD5109,5/22/24 3:23,PROD35,CUST327,Toys,PayPal,766.28,2
ORD5110,8/23/24 11:49,PROD130,CUST955,Home Appliances,Cash,1057.54,4
ORD5111,6/17/24 5:18,PROD73,CUST614,Home Appliances,Credit Card,155.82,5
ORD5112,6/22/24 7:14,PROD94,CUST623,Books,Credit Card,831.6,5
ORD5113,07-05-2024 09:51,PROD198,CUST642,Home Appliances,PayPal,858.57,5
ORD5114,10/18/24 16:17,PROD94,CUST652,Toys,PayPal,872.53,1
ORD5115,4/13/24 2:52,PROD88,CUST300,Books,PayPal,915.49,7
ORD5116,02-11-2024 01:16,PROD195,CUST823,Electronics,Credit Card,778.06,10
ORD5117,5/14/24 3:07,PROD7,CUST615,Toys,Debit Card,1670.2,9
ORD5118,6/29/24 11:22,PROD166,CUST95,Electronics,Debit Card,566.05,6
ORD5119,05-07-2024 08:35,PROD123,CUST32,Electronics,PayPal,968.75,2
ORD5120,5/30/24 15:42,PROD131,CUST306,Fashion,PayPal,589.18,3
ORD5121,1/20/24 15:28,PROD136,CUST165,Home Appliances,Bank Transfer,204.77,1
ORD5122,8/30/24 4:06,PROD198,CUST309,Electronics,Credit Card,29.02,2
ORD5123,08-09-2024 13:53,PROD35,CUST626,Home Appliances,Cash,1022.44,1
ORD5124,2/15/24 13:08,PROD91,CUST484,Toys,Credit Card,1769.72,6
ORD5125,11-10-2024 22:54,PROD63,CUST921,Books,Credit Card,1145.54,1
ORD5126,10/16/24 23:03,PROD102,CUST926,Electronics,Bank Transfer,167.63,9
ORD5127,09-11-2024 20:44,PROD171,CUST877,Books,PayPal,1633.22,4
ORD5128,05-04-2024 02:37,PROD45,CUST615,Toys,PayPal,1012.05,7
ORD5129,4/24/24 16:18,PROD187,CUST716,Home Appliances,PayPal,1094.8,3
ORD5130,09-06-2024 22:27,PROD200,CUST582,Home Appliances,Credit Card,1273.57,4
ORD5131,04-03-2024 00:39,PROD79,CUST94,Electronics,Bank Transfer,135.67,8
ORD5132,5/28/24 10:54,PROD95,CUST344,Fashion,Debit Card,498.36,4
ORD5133,8/27/24 2:28,PROD199,CUST260,Books,Cash,1398.57,8
ORD5134,1/25/24 6:17,PROD16,CUST863,Fashion,PayPal,1898.23,2
ORD5135,9/29/24 12:35,PROD18,CUST659,Electronics,Credit Card,658.42,1
ORD5136,08-05-2024 13:39,PROD181,CUST386,Fashion,Bank Transfer,585.53,4
ORD5137,2/26/24 6:23,PROD192,CUST681,Home Appliances,Credit Card,1081.06,1
ORD5138,7/16/24 15:19,PROD71,CUST947,Toys,Credit Card,42.27,5
ORD5139,9/18/24 15:57,PROD3,CUST263,Toys,PayPal,1126.89,1
ORD5140,2/17/24 23:42,PROD130,CUST407,Fashion,Credit Card,1026.83,10
ORD5141,10/20/24 18:34,PROD164,CUST243,Home Appliances,Debit Card,775.57,6
ORD5142,9/29/24 12:26,PROD184,CUST616,Home Appliances,PayPal,1235.62,6
ORD5143,08-05-2024 02:24,PROD165,CUST942,Toys,Credit Card,1312.53,1
ORD5144,08-02-2024 12:49,PROD9,CUST87,Home Appliances,Credit Card,286.38,5
ORD5145,4/17/24 0:27,PROD115,CUST26,Electronics,Cash,1468.29,3
ORD5146,09-03-2024 13:00,PROD101,CUST418,Books,PayPal,839.78,9
ORD5147,5/19/24 3:12,PROD70,CUST357,Electronics,Debit Card,1797.82,6
ORD5148,4/25/24 5:27,PROD184,CUST1,Books,Debit Card,758.49,6
ORD5149,7/21/24 13:46,PROD137,CUST849,Fashion,Credit Card,691.14,4
ORD5150,6/22/24 3:01,PROD37,CUST220,Toys,Cash,390.67,3
ORD5151,5/28/24 21:07,PROD23,CUST137,Electronics,Bank Transfer,1725,4
ORD5152,02-06-2024 06:49,PROD113,CUST597,Electronics,Bank Transfer,1484.06,7
ORD5153,3/21/24 6:09,PROD27,CUST110,Fashion,PayPal,283.98,3
ORD5154,6/17/24 8:26,PROD110,CUST482,Home Appliances,Credit Card,348.99,5
ORD5155,7/29/24 11:52,PROD59,CUST14,Books,Bank Transfer,268.2,6
ORD5156,5/19/24 23:35,PROD106,CUST537,Home Appliances,Debit Card,638.59,4
ORD5157,4/13/24 1:31,PROD161,CUST525,Fashion,Credit Card,1806.9,5
ORD5158,03-09-2024 04:31,PROD187,CUST925,Fashion,PayPal,340.89,2
ORD5159,1/27/24 8:01,PROD98,CUST134,Books,PayPal,311.06,4
ORD5160,4/15/24 20:56,PROD61,CUST156,Toys,Debit Card,377.19,5
ORD5161,3/21/24 16:25,PROD87,CUST31,Fashion,Bank Transfer,1337.39,3
ORD5162,05-04-2024 06:46,PROD61,CUST339,Books,PayPal,929.87,2
ORD5163,1/18/24 13:49,PROD169,CUST568,Fashion,PayPal,1449.39,5
ORD5164,08-04-2024 04:27,PROD92,CUST358,Home Appliances,Cash,546.56,10
ORD5165,10-05-2024 16:17,PROD191,CUST330,Books,Bank Transfer,1046.92,2
ORD5166,10/24/24 11:14,PROD156,CUST963,Fashion,Cash,518.28,1
ORD5167,05-02-2024 10:38,PROD121,CUST592,Fashion,Bank Transfer,1481.41,1
ORD5168,11/13/24 8:21,PROD188,CUST484,Books,PayPal,1134.75,9
ORD5169,4/22/24 10:02,PROD110,CUST964,Toys,Bank Transfer,591.79,5
ORD5170,4/19/24 0:28,PROD108,CUST560,Fashion,PayPal,659.69,3
ORD5171,10/23/24 16:25,PROD59,CUST759,Fashion,PayPal,457.18,5
ORD5172,3/24/24 22:20,PROD37,CUST221,Electronics,Credit Card,1056.31,1
ORD5173,05-12-2024 03:48,PROD85,CUST934,Home Appliances,PayPal,1429.86,9
ORD5174,11-09-2024 00:21,PROD28,CUST684,Toys,PayPal,1688.22,6
ORD5175,10-07-2024 23:38,PROD192,CUST817,Toys,Credit Card,353.46,7
ORD5176,4/27/24 18:27,PROD41,CUST308,Fashion,Cash,738.09,6
ORD5177,10-06-2024 00:30,PROD154,CUST844,Fashion,Cash,1013.77,4
ORD5178,8/29/24 6:51,PROD90,CUST551,Fashion,Cash,1542.59,2
ORD5179,2/23/24 13:56,PROD75,CUST221,Toys,Bank Transfer,1231.25,9
ORD5180,05-08-2024 20:24,PROD198,CUST768,Books,Bank Transfer,1748.23,7
ORD5181,7/29/24 13:24,PROD145,CUST530,Home Appliances,PayPal,965.25,10
ORD5182,04-08-2024 14:50,PROD175,CUST684,Toys,Debit Card,624.24,9
ORD5183,11-11-2024 12:03,PROD122,CUST511,Toys,Debit Card,1396.74,8
ORD5184,7/29/24 3:46,PROD61,CUST116,Electronics,Credit Card,194.2,6
ORD5185,5/21/24 15:52,PROD191,CUST258,Books,Credit Card,362.78,3
ORD5186,10-05-2024 03:01,PROD137,CUST135,Fashion,Cash,639.68,5
ORD5187,4/26/24 7:58,PROD67,CUST586,Books,Debit Card,885.84,4
ORD5188,8/28/24 14:12,PROD8,CUST554,Fashion,Debit Card,1242.46,9
ORD5189,3/30/24 0:16,PROD190,CUST588,Home Appliances,Bank Transfer,1212.4,6
ORD5190,11-12-2024 00:38,PROD6,CUST878,Electronics,Debit Card,1647.03,9
ORD5191,11/14/24 7:22,PROD148,CUST794,Electronics,Cash,788.98,9
ORD5192,3/29/24 9:25,PROD120,CUST318,Fashion,Cash,200.46,3
ORD5193,05-05-2024 07:19,PROD130,CUST2,Home Appliances,Credit Card,1588.95,4
ORD5194,6/28/24 16:13,PROD110,CUST217,Electronics,Bank Transfer,1789.41,6
ORD5195,10-08-2024 11:12,PROD69,CUST471,Fashion,Cash,1552.12,7
ORD5196,5/22/24 12:43,PROD146,CUST272,Toys,Debit Card,1597.3,7
ORD5197,05-11-2024 22:27,PROD61,CUST717,Books,Debit Card,515.54,8
ORD5198,10-11-2024 16:12,PROD98,CUST53,Fashion,Bank Transfer,436.46,8
ORD5199,3/25/24 0:33,PROD191,CUST324,Books,Debit Card,1471.71,2
ORD5200,01-03-2024 00:41,PROD130,CUST577,Electronics,Credit Card,1875.54,10
ORD5201,10/27/24 22:31,PROD99,CUST290,Fashion,Debit Card,1601.34,8
ORD5202,7/14/24 6:34,PROD25,CUST222,Fashion,PayPal,950.48,3
ORD5203,04-08-2024 08:30,PROD40,CUST264,Fashion,PayPal,1891.43,3
ORD5204,05-04-2024 21:32,PROD71,CUST606,Home Appliances,Cash,1523.52,3
ORD5205,8/17/24 12:03,PROD38,CUST885,Home Appliances,PayPal,1641.65,8
ORD5206,01-03-2024 06:13,PROD197,CUST656,Electronics,Bank Transfer,1724.32,6
ORD5207,08-12-2024 14:29,PROD129,CUST230,Home Appliances,Bank Transfer,49.16,1
ORD5208,3/19/24 2:06,PROD27,CUST97,Toys,Cash,1584.64,9
ORD5209,06-09-2024 09:21,PROD106,CUST723,Books,Bank Transfer,364.13,4
ORD5210,09-03-2024 04:09,PROD77,CUST225,Home Appliances,Cash,1833.65,5
ORD5211,3/14/24 3:03,PROD157,CUST22,Home Appliances,Cash,575.82,8
ORD5212,10/25/24 10:54,PROD31,CUST241,Electronics,Debit Card,1625.38,9
ORD5213,5/25/24 10:12,PROD55,CUST243,Fashion,Credit Card,277.2,6
ORD5214,7/25/24 22:21,PROD47,CUST80,Home Appliances,PayPal,389.88,2
ORD5215,04-06-2024 06:25,PROD128,CUST665,Books,Cash,1221.07,1
ORD5216,10-09-2024 20:05,PROD56,CUST744,Books,Credit Card,823.67,6
ORD5217,5/22/24 23:31,PROD55,CUST681,Electronics,Cash,1342.39,8
ORD5218,01-04-2024 11:58,PROD75,CUST581,Toys,Debit Card,514.73,5
ORD5219,08-07-2024 09:35,PROD64,CUST754,Home Appliances,Bank Transfer,189.15,7
ORD5220,07-06-2024 07:25,PROD166,CUST492,Toys,Bank Transfer,572.32,7
ORD5221,10/20/24 1:07,PROD122,CUST356,Fashion,Credit Card,1589.16,8
ORD5222,05-12-2024 10:14,PROD50,CUST207,Books,Bank Transfer,517.01,4
ORD5223,4/25/24 18:47,PROD82,CUST833,Electronics,PayPal,54.45,2
ORD5224,07-02-2024 15:52,PROD40,CUST582,Home Appliances,Debit Card,1803.17,8
ORD5225,10-06-2024 11:32,PROD153,CUST346,Electronics,Bank Transfer,1202.01,5
ORD5226,9/29/24 6:03,PROD115,CUST266,Electronics,Debit Card,290.54,2
ORD5227,1/14/24 10:25,PROD197,CUST307,Electronics,Cash,343.06,4
ORD5228,5/27/24 4:13,PROD104,CUST594,Fashion,Cash,866.79,6
ORD5229,08-06-2024 11:37,PROD28,CUST668,Electronics,Credit Card,555.61,1
ORD5230,10/24/24 12:57,PROD178,CUST578,Fashion,Cash,1454.72,7
ORD5231,5/17/24 23:23,PROD10,CUST953,Toys,Credit Card,1349.44,1
ORD5232,5/14/24 18:05,PROD119,CUST27,Toys,Debit Card,1435.32,5
ORD5233,1/16/24 14:23,PROD184,CUST373,Home Appliances,Bank Transfer,1963.87,3
ORD5234,4/20/24 7:48,PROD143,CUST684,Fashion,Debit Card,1201.17,2
ORD5235,03-04-2024 00:27,PROD81,CUST974,Toys,Debit Card,1593.81,6
ORD5236,08-09-2024 00:18,PROD131,CUST965,Books,Bank Transfer,1649.86,5
ORD5237,10/31/24 16:09,PROD181,CUST933,Electronics,Debit Card,1100.57,10
ORD5238,8/16/24 1:49,PROD77,CUST459,Electronics,PayPal,917.28,4
ORD5239,5/16/24 6:11,PROD61,CUST909,Toys,Cash,481.12,1
ORD5240,03-12-2024 17:31,PROD61,CUST556,Toys,Cash,1864.37,4
ORD5241,1/29/24 0:29,PROD88,CUST205,Books,PayPal,875.32,2
ORD5242,8/15/24 3:04,PROD20,CUST119,Fashion,Credit Card,842.12,1
ORD5243,10/26/24 6:39,PROD56,CUST1000,Home Appliances,Debit Card,214.74,1
ORD5244,10/23/24 11:50,PROD160,CUST979,Toys,Cash,1508.68,2
ORD5245,7/14/24 21:06,PROD186,CUST295,Books,Cash,426.05,2
ORD5246,4/20/24 19:21,PROD184,CUST208,Toys,Debit Card,1868,1
ORD5247,9/14/24 14:24,PROD158,CUST801,Books,Bank Transfer,622.99,8
ORD5248,4/24/24 22:53,PROD186,CUST677,Toys,Credit Card,1016.75,3
ORD5249,6/17/24 8:12,PROD2,CUST99,Fashion,Debit Card,1235.29,1
ORD5250,03-06-2024 11:39,PROD188,CUST996,Books,Cash,683.13,5
ORD5251,8/21/24 15:46,PROD152,CUST150,Books,PayPal,810.62,9
ORD5252,2/16/24 11:09,PROD76,CUST55,Toys,Cash,1588.46,1
ORD5253,9/16/24 15:31,PROD91,CUST815,Fashion,PayPal,592.08,8
ORD5254,09-09-2024 00:44,PROD33,CUST203,Toys,Debit Card,548.66,1
ORD5255,3/23/24 13:46,PROD168,CUST701,Books,Cash,513.21,9
ORD5256,03-11-2024 11:20,PROD84,CUST312,Electronics,Cash,1018.63,8
ORD5257,7/27/24 19:49,PROD158,CUST601,Electronics,Credit Card,591.81,1
ORD5258,09-02-2024 01:33,PROD64,CUST249,Electronics,Credit Card,1220.35,10
ORD5259,7/24/24 16:41,PROD37,CUST459,Home Appliances,Bank Transfer,1409.77,9
ORD5260,10-08-2024 09:11,PROD57,CUST529,Electronics,Cash,1267.73,6
ORD5261,10/21/24 16:03,PROD11,CUST606,Toys,Debit Card,1281.51,3
ORD5262,08-12-2024 23:41,PROD26,CUST264,Electronics,PayPal,73.82,1
ORD5263,01-11-2024 02:56,PROD76,CUST659,Books,Bank Transfer,1068.98,1
ORD5264,01-04-2024 17:04,PROD152,CUST914,Home Appliances,Bank Transfer,179.98,9
ORD5265,07-09-2024 13:43,PROD21,CUST147,Toys,Cash,1400.67,1
ORD5266,02-04-2024 19:10,PROD151,CUST12,Electronics,Credit Card,651.39,6
ORD5267,06-02-2024 01:33,PROD135,CUST385,Fashion,Debit Card,1993.55,9
ORD5268,6/14/24 22:31,PROD114,CUST409,Books,PayPal,742.81,4
ORD5269,09-08-2024 03:57,PROD96,CUST575,Home Appliances,Cash,196.41,6
ORD5270,2/18/24 11:43,PROD170,CUST470,Home Appliances,Cash,1560.81,8
ORD5271,05-04-2024 21:41,PROD193,CUST391,Electronics,Credit Card,1242.84,6
ORD5272,06-11-2024 01:55,PROD46,CUST252,Fashion,PayPal,1849.21,4
ORD5273,6/13/24 11:54,PROD120,CUST211,Home Appliances,Bank Transfer,1338.28,10
ORD5274,09-11-2024 11:39,PROD147,CUST677,Home Appliances,Cash,1942.94,6
ORD5275,1/14/24 7:58,PROD111,CUST710,Books,PayPal,907.6,7
ORD5276,7/18/24 23:03,PROD77,CUST456,Toys,Cash,412.64,6
ORD5277,3/29/24 4:50,PROD198,CUST819,Books,PayPal,656.88,2
ORD5278,4/18/24 12:42,PROD162,CUST141,Toys,PayPal,173.8,9
ORD5279,09-08-2024 23:37,PROD156,CUST108,Fashion,Cash,613.56,3
ORD5280,07-10-2024 22:30,PROD119,CUST237,Home Appliances,PayPal,883.3,10
ORD5281,9/25/24 4:09,PROD85,CUST641,Home Appliances,Bank Transfer,231.5,7
ORD5282,03-04-2024 18:29,PROD81,CUST477,Home Appliances,Bank Transfer,1235.61,4
ORD5283,10/18/24 19:17,PROD114,CUST285,Home Appliances,Bank Transfer,333.76,7
ORD5284,9/28/24 18:36,PROD178,CUST685,Fashion,PayPal,1106.71,4
ORD5285,3/14/24 15:48,PROD107,CUST713,Fashion,Cash,878.82,9
ORD5286,7/26/24 5:57,PROD195,CUST45,Books,Credit Card,1100.16,9
ORD5287,08-01-2024 21:29,PROD69,CUST628,Fashion,Debit Card,234.93,2
ORD5288,02-10-2024 20:50,PROD167,CUST515,Toys,PayPal,1763.33,8
ORD5289,01-07-2024 11:26,PROD101,CUST382,Toys,Debit Card,192.2,8
ORD5290,10-05-2024 15:13,PROD161,CUST110,Books,PayPal,644.02,3
ORD5291,10/26/24 2:35,PROD89,CUST214,Toys,PayPal,889.3,6
ORD5292,9/22/24 6:58,PROD5,CUST300,Home Appliances,Debit Card,1321.66,10
ORD5293,06-08-2024 17:26,PROD178,CUST843,Home Appliances,Cash,751.26,5
ORD5294,6/13/24 15:02,PROD183,CUST79,Books,Credit Card,1638.37,3
ORD5295,3/15/24 11:19,PROD136,CUST417,Home Appliances,Debit Card,1357.25,8
ORD5296,11-06-2024 05:34,PROD77,CUST102,Electronics,Debit Card,1186.45,9
ORD5297,3/31/24 2:20,PROD97,CUST444,Home Appliances,Bank Transfer,1222.76,1
ORD5298,10/18/24 23:06,PROD66,CUST984,Electronics,PayPal,526.25,6
ORD5299,06-07-2024 20:41,PROD6,CUST152,Fashion,Credit Card,362.01,3
ORD5300,06-12-2024 10:35,PROD150,CUST221,Fashion,Bank Transfer,309.07,5
ORD5301,02-02-2024 00:10,PROD62,CUST293,Toys,Cash,51.19,2
ORD5302,7/26/24 13:36,PROD54,CUST124,Toys,Bank Transfer,1062.35,6
ORD5303,06-10-2024 00:35,PROD53,CUST972,Fashion,Debit Card,827.59,10
ORD5304,10-11-2024 16:38,PROD13,CUST93,Books,Cash,971.13,10
ORD5305,7/25/24 23:19,PROD94,CUST46,Home Appliances,Debit Card,1957.17,9
ORD5306,10-07-2024 05:07,PROD157,CUST764,Fashion,Cash,374.73,7
ORD5307,10/27/24 8:26,PROD118,CUST389,Toys,Credit Card,1670.77,5
ORD5308,1/30/24 3:43,PROD122,CUST574,Fashion,Bank Transfer,1266.01,3
ORD5309,02-10-2024 02:51,PROD19,CUST891,Books,Cash,1782.31,4
ORD5310,03-09-2024 21:23,PROD162,CUST542,Books,Cash,78.68,9
ORD5311,3/20/24 10:13,PROD136,CUST990,Fashion,Bank Transfer,605.96,9
ORD5312,06-05-2024 07:35,PROD44,CUST30,Books,Credit Card,1324.75,5
ORD5313,7/29/24 14:08,PROD12,CUST761,Books,PayPal,1680.86,1
ORD5314,4/18/24 5:50,PROD126,CUST26,Toys,PayPal,578.81,3
ORD5315,7/23/24 18:28,PROD105,CUST748,Books,Bank Transfer,1586.84,4
ORD5316,03-02-2024 23:35,PROD59,CUST512,Toys,PayPal,358.96,2
ORD5317,11/13/24 10:27,PROD62,CUST86,Books,PayPal,894.61,1
ORD5318,9/22/24 17:07,PROD14,CUST178,Home Appliances,Cash,1146.34,10
ORD5319,05-03-2024 17:59,PROD164,CUST564,Books,Cash,1463.36,1
ORD5320,02-03-2024 18:17,PROD187,CUST636,Toys,Credit Card,1787.68,3
ORD5321,02-08-2024 22:44,PROD171,CUST887,Home Appliances,Debit Card,749.19,7
ORD5322,01-01-2024 04:53,PROD69,CUST72,Books,Debit Card,192.87,2
ORD5323,05-04-2024 06:21,PROD125,CUST638,Books,Cash,104.29,5
ORD5324,1/14/24 23:01,PROD46,CUST22,Books,Bank Transfer,1673.34,6
ORD5325,8/17/24 22:42,PROD155,CUST449,Toys,Bank Transfer,554.96,4
ORD5326,03-09-2024 03:04,PROD63,CUST184,Books,Credit Card,1169.95,10
ORD5327,8/28/24 6:17,PROD134,CUST371,Home Appliances,Bank Transfer,1594.66,2
ORD5328,3/16/24 0:52,PROD40,CUST25,Home Appliances,Cash,429.53,10
ORD5329,9/14/24 3:03,PROD166,CUST155,Electronics,Bank Transfer,61.3,2
ORD5330,4/21/24 22:44,PROD40,CUST386,Electronics,Credit Card,696.89,10
ORD5331,2/23/24 9:13,PROD109,CUST751,Books,PayPal,313.67,3
ORD5332,4/27/24 6:53,PROD191,CUST583,Electronics,PayPal,1654.36,7
ORD5333,3/24/24 22:27,PROD147,CUST790,Toys,Credit Card,264.51,2
ORD5334,10/19/24 5:58,PROD165,CUST54,Books,PayPal,1272.18,6
ORD5335,4/30/24 1:01,PROD143,CUST698,Fashion,Bank Transfer,582.85,4
ORD5336,7/26/24 7:40,PROD129,CUST847,Fashion,PayPal,1982.34,5
ORD5337,7/17/24 14:56,PROD156,CUST553,Toys,Credit Card,781.11,4
ORD5338,03-04-2024 01:50,PROD81,CUST485,Electronics,Bank Transfer,1720.84,10
ORD5339,3/31/24 18:02,PROD170,CUST483,Fashion,Bank Transfer,1063.76,10
ORD5340,10-10-2024 09:30,PROD14,CUST900,Toys,Debit Card,674.95,5
ORD5341,5/18/24 12:40,PROD48,CUST400,Electronics,PayPal,610.43,9
ORD5342,11/13/24 4:18,PROD178,CUST632,Books,Bank Transfer,168.31,10
ORD5343,02-09-2024 23:14,PROD21,CUST403,Fashion,Bank Transfer,1978.4,8
ORD5344,08-08-2024 22:25,PROD133,CUST786,Books,Debit Card,1748.19,8
ORD5345,02-08-2024 05:34,PROD78,CUST207,Home Appliances,Debit Card,1954.76,10
ORD5346,07-08-2024 13:49,PROD128,CUST857,Books,Debit Card,1243.72,10
ORD5347,07-12-2024 12:48,PROD93,CUST258,Home Appliances,Cash,281.32,10
ORD5348,7/16/24 4:37,PROD7,CUST511,Home Appliances,Cash,1499.6,7
ORD5349,1/24/24 9:06,PROD168,CUST386,Fashion,Bank Transfer,1918.28,6
ORD5350,11/16/24 18:20,PROD5,CUST838,Fashion,Bank Transfer,1744.86,7
ORD5351,1/16/24 23:38,PROD168,CUST772,Toys,Debit Card,730.21,4
ORD5352,07-08-2024 21:47,PROD199,CUST742,Electronics,PayPal,189.84,3
ORD5353,7/18/24 8:56,PROD118,CUST185,Home Appliances,Bank Transfer,610.94,8
ORD5354,7/30/24 4:43,PROD153,CUST353,Fashion,Bank Transfer,1343.7,7
ORD5355,05-09-2024 18:17,PROD186,CUST147,Books,PayPal,1148.4,6
ORD5356,6/29/24 22:30,PROD184,CUST107,Fashion,Debit Card,210.27,7
ORD5357,6/18/24 3:12,PROD170,CUST755,Home Appliances,Bank Transfer,515.16,8
ORD5358,07-05-2024 07:22,PROD199,CUST841,Toys,PayPal,140.67,10
ORD5359,11-05-2024 01:02,PROD49,CUST366,Books,Cash,1640.46,7
ORD5360,8/28/24 16:54,PROD54,CUST198,Fashion,Bank Transfer,272.18,6
ORD5361,4/25/24 18:15,PROD56,CUST538,Toys,Cash,1968.16,6
ORD5362,11-06-2024 05:35,PROD78,CUST506,Electronics,PayPal,1244.59,3
ORD5363,08-12-2024 09:45,PROD29,CUST271,Toys,PayPal,1166.77,3
ORD5364,9/17/24 6:18,PROD113,CUST908,Fashion,Debit Card,1781.98,8
ORD5365,7/19/24 15:25,PROD30,CUST268,Electronics,Bank Transfer,1395.07,2
ORD5366,4/26/24 5:46,PROD57,CUST248,Books,Credit Card,1053.59,10
ORD5367,8/24/24 1:59,PROD87,CUST155,Home Appliances,PayPal,292.61,3
ORD5368,9/19/24 10:49,PROD128,CUST156,Home Appliances,PayPal,1606.51,10
ORD5369,09-02-2024 04:31,PROD52,CUST949,Fashion,Credit Card,1535.6,8
ORD5370,05-09-2024 14:24,PROD26,CUST985,Fashion,PayPal,1614.84,5
ORD5371,05-12-2024 13:02,PROD99,CUST436,Books,Cash,120.05,6
ORD5372,10-04-2024 01:10,PROD192,CUST137,Books,Debit Card,46.46,10
ORD5373,10-09-2024 08:04,PROD150,CUST719,Home Appliances,Debit Card,1379.14,1
ORD5374,06-04-2024 12:16,PROD178,CUST793,Electronics,Cash,556.75,6
ORD5375,7/18/24 22:50,PROD159,CUST997,Electronics,Credit Card,277.56,8
ORD5376,11-06-2024 07:00,PROD92,CUST503,Toys,Debit Card,491.29,7
ORD5377,7/25/24 14:46,PROD53,CUST102,Home Appliances,Cash,877.74,2
ORD5378,10/23/24 4:16,PROD167,CUST95,Toys,Debit Card,1828.44,5
ORD5379,3/31/24 20:06,PROD79,CUST687,Electronics,Debit Card,1936.48,7
ORD5380,9/20/24 7:33,PROD199,CUST69,Toys,Cash,1792.07,8
ORD5381,11-04-2024 20:51,PROD110,CUST907,Fashion,Credit Card,323.2,7
ORD5382,7/21/24 5:29,PROD9,CUST393,Home Appliances,Credit Card,861.57,10
ORD5383,06-10-2024 07:04,PROD51,CUST628,Electronics,Bank Transfer,250,1
ORD5384,04-02-2024 03:11,PROD130,CUST115,Books,Credit Card,560.56,3
ORD5385,06-08-2024 08:13,PROD26,CUST69,Books,Debit Card,1829.11,9
ORD5386,8/17/24 1:51,PROD65,CUST319,Toys,Bank Transfer,299.92,5
ORD5387,10/20/24 1:53,PROD145,CUST717,Electronics,PayPal,1629.25,4
ORD5388,06-12-2024 01:28,PROD182,CUST332,Home Appliances,Credit Card,840.11,3
ORD5389,04-09-2024 02:41,PROD11,CUST933,Books,Cash,1515.85,5
ORD5390,1/27/24 5:18,PROD157,CUST818,Fashion,Credit Card,1876.69,8
ORD5391,09-08-2024 23:22,PROD181,CUST36,Electronics,Debit Card,1238.68,5
ORD5392,8/22/24 12:38,PROD172,CUST176,Electronics,Cash,150.32,8
ORD5393,1/31/24 1:21,PROD190,CUST376,Books,Credit Card,1071.73,7
ORD5394,3/23/24 20:37,PROD12,CUST206,Toys,Debit Card,608.35,2
ORD5395,2/21/24 5:57,PROD3,CUST468,Toys,Cash,1840.7,1
ORD5396,06-05-2024 17:03,PROD109,CUST581,Books,Credit Card,414.58,5
ORD5397,01-02-2024 19:35,PROD10,CUST197,Toys,Credit Card,1348.1,6
ORD5398,7/29/24 19:22,PROD145,CUST920,Books,Bank Transfer,1611.83,2
ORD5399,5/19/24 11:54,PROD88,CUST657,Books,PayPal,46.8,3
ORD5400,06-09-2024 15:10,PROD164,CUST856,Fashion,Cash,1763.48,8
ORD5401,8/13/24 12:53,PROD88,CUST656,Toys,Debit Card,1494.71,5
ORD5402,11/13/24 11:15,PROD8,CUST834,Books,PayPal,1073.52,6
ORD5403,6/18/24 10:42,PROD48,CUST245,Toys,Debit Card,830.36,2
ORD5404,6/24/24 2:10,PROD44,CUST377,Books,PayPal,510.47,10
ORD5405,11-06-2024 16:48,PROD48,CUST303,Toys,PayPal,628.29,9
ORD5406,1/14/24 22:36,PROD53,CUST671,Fashion,PayPal,1075.09,8
ORD5407,7/21/24 10:37,PROD40,CUST274,Electronics,Credit Card,1621.79,1
ORD5408,5/18/24 15:10,PROD140,CUST185,Home Appliances,Debit Card,29.6,4
ORD5409,08-12-2024 17:48,PROD94,CUST360,Fashion,Cash,1283.46,4
ORD5410,9/17/24 19:42,PROD42,CUST612,Books,Debit Card,1347.24,3
ORD5411,08-04-2024 11:22,PROD8,CUST254,Home Appliances,Cash,863.65,3
ORD5412,8/28/24 17:10,PROD56,CUST631,Electronics,Debit Card,449.12,9
ORD5413,7/21/24 17:07,PROD75,CUST130,Toys,Debit Card,164.67,4
ORD5414,3/28/24 15:02,PROD102,CUST210,Fashion,Cash,1451.72,3
ORD5415,6/25/24 9:21,PROD135,CUST344,Electronics,Bank Transfer,1302.66,8
ORD5416,09-10-2024 00:29,PROD28,CUST595,Toys,Debit Card,588.44,5
ORD5417,10/20/24 12:48,PROD194,CUST518,Toys,Credit Card,1506.73,6
ORD5418,03-03-2024 00:24,PROD118,CUST191,Electronics,Credit Card,362.73,3
ORD5419,1/24/24 23:33,PROD145,CUST188,Fashion,Credit Card,1120.94,6
ORD5420,4/17/24 7:07,PROD109,CUST966,Fashion,Cash,1337.32,1
ORD5421,10-07-2024 01:06,PROD174,CUST424,Toys,Cash,910.97,6
ORD5422,8/29/24 13:27,PROD169,CUST827,Fashion,PayPal,1835.94,6
ORD5423,05-07-2024 18:31,PROD197,CUST505,Home Appliances,Cash,1502.25,4
ORD5424,06-12-2024 23:45,PROD188,CUST203,Home Appliances,Cash,1342.8,9
ORD5425,6/14/24 18:28,PROD5,CUST849,Electronics,Cash,1216.27,9
ORD5426,5/18/24 17:56,PROD105,CUST347,Fashion,Debit Card,1826.4,9
ORD5427,08-05-2024 14:14,PROD85,CUST699,Books,Bank Transfer,584.82,3
ORD5428,8/24/24 9:23,PROD21,CUST205,Books,Debit Card,1785.85,8
ORD5429,02-05-2024 04:07,PROD54,CUST217,Home Appliances,PayPal,1823.39,5
ORD5430,4/19/24 3:57,PROD26,CUST355,Toys,Debit Card,1307.5,3
ORD5431,6/20/24 3:55,PROD70,CUST177,Fashion,Debit Card,1188.78,3
ORD5432,4/21/24 14:13,PROD98,CUST969,Books,PayPal,985.06,10
ORD5433,10/27/24 7:13,PROD141,CUST383,Electronics,Credit Card,1004.43,6
ORD5434,5/28/24 11:01,PROD137,CUST351,Books,Credit Card,942.86,2
ORD5435,11-01-2024 09:15,PROD130,CUST302,Toys,Credit Card,971.83,3
ORD5436,5/26/24 0:00,PROD9,CUST458,Electronics,Bank Transfer,1561.46,8
ORD5437,7/21/24 23:05,PROD200,CUST201,Home Appliances,Credit Card,633.93,6
ORD5438,6/25/24 6:25,PROD71,CUST330,Fashion,Cash,1458.17,5
ORD5439,5/19/24 10:43,PROD131,CUST660,Electronics,Debit Card,1320.75,1
ORD5440,3/18/24 12:44,PROD162,CUST687,Electronics,Debit Card,1446.27,5
ORD5441,09-02-2024 18:36,PROD150,CUST880,Electronics,Debit Card,985.13,8
ORD5442,10-07-2024 20:37,PROD112,CUST186,Books,Debit Card,1198.72,10
ORD5443,6/21/24 11:07,PROD160,CUST986,Home Appliances,Bank Transfer,402.38,5
ORD5444,11-08-2024 23:37,PROD96,CUST431,Toys,Debit Card,89.26,8
ORD5445,2/23/24 9:46,PROD48,CUST795,Home Appliances,PayPal,1841.02,4
ORD5446,8/20/24 14:28,PROD50,CUST120,Electronics,Cash,391.9,8
ORD5447,07-05-2024 07:43,PROD107,CUST42,Books,Cash,390.52,1
ORD5448,10/15/24 17:19,PROD172,CUST110,Home Appliances,Bank Transfer,588.29,8
ORD5449,6/28/24 15:43,PROD60,CUST476,Electronics,Credit Card,487.15,9
ORD5450,9/23/24 13:39,PROD147,CUST511,Home Appliances,PayPal,1139.21,8
ORD5451,03-07-2024 00:45,PROD103,CUST296,Fashion,Bank Transfer,1006.84,3
ORD5452,08-10-2024 02:10,PROD110,CUST106,Books,Debit Card,276.87,6
ORD5453,05-06-2024 20:23,PROD86,CUST810,Books,Bank Transfer,79.76,6
ORD5454,6/18/24 2:42,PROD88,CUST322,Toys,Credit Card,1159.28,7
ORD5455,7/21/24 23:53,PROD44,CUST567,Fashion,Bank Transfer,1607.23,10
ORD5456,3/22/24 6:43,PROD118,CUST566,Home Appliances,Cash,302.57,7
ORD5457,7/15/24 11:45,PROD23,CUST870,Books,Credit Card,742.62,4
ORD5458,4/29/24 22:54,PROD110,CUST104,Toys,PayPal,1256.3,5
ORD5459,05-09-2024 19:29,PROD48,CUST934,Toys,Cash,918.73,7
ORD5460,1/20/24 14:48,PROD158,CUST208,Toys,Bank Transfer,1999.47,5
ORD5461,11-11-2024 01:13,PROD56,CUST272,Books,Bank Transfer,923.72,2
ORD5462,01-04-2024 19:30,PROD179,CUST734,Books,Credit Card,1963.1,7
ORD5463,2/13/24 23:08,PROD17,CUST640,Fashion,Credit Card,1655.99,8
ORD5464,10/24/24 15:45,PROD48,CUST257,Books,Bank Transfer,1921.47,7
ORD5465,5/13/24 14:26,PROD77,CUST146,Fashion,PayPal,596.85,6
ORD5466,06-04-2024 17:27,PROD114,CUST682,Home Appliances,Cash,38.76,2
ORD5467,1/26/24 10:31,PROD117,CUST648,Home Appliances,Debit Card,1732.64,5
ORD5468,1/30/24 5:29,PROD93,CUST1,Books,Bank Transfer,935.88,1
ORD5469,7/17/24 20:03,PROD67,CUST593,Toys,Cash,1903.84,1
ORD5470,02-08-2024 20:15,PROD87,CUST254,Books,Bank Transfer,90.69,2
ORD5471,04-06-2024 19:23,PROD21,CUST70,Books,PayPal,830.3,9
ORD5472,11/15/24 10:01,PROD3,CUST138,Electronics,Bank Transfer,217.25,4
ORD5473,06-04-2024 13:48,PROD103,CUST772,Fashion,Debit Card,501.81,2
ORD5474,2/20/24 10:25,PROD168,CUST696,Electronics,Cash,30.31,9
ORD5475,01-07-2024 23:27,PROD34,CUST93,Fashion,Credit Card,812.78,10
ORD5476,04-03-2024 18:45,PROD92,CUST991,Home Appliances,Bank Transfer,630.67,9
ORD5477,02-04-2024 00:37,PROD181,CUST764,Electronics,PayPal,258.3,9
ORD5478,02-05-2024 22:00,PROD89,CUST775,Fashion,Cash,839.55,8
ORD5479,5/21/24 14:41,PROD162,CUST366,Home Appliances,Bank Transfer,560.52,9
ORD5480,02-06-2024 02:26,PROD189,CUST994,Electronics,Bank Transfer,742.32,5
ORD5481,7/18/24 8:09,PROD160,CUST338,Toys,PayPal,844.12,5
ORD5482,2/22/24 23:37,PROD111,CUST811,Home Appliances,Debit Card,1136.51,3
ORD5483,6/16/24 18:45,PROD8,CUST828,Toys,Credit Card,1926.57,3
ORD5484,04-09-2024 20:51,PROD138,CUST63,Home Appliances,Cash,205.59,7
ORD5485,09-09-2024 02:39,PROD148,CUST561,Home Appliances,Credit Card,1312.21,1
ORD5486,7/28/24 8:30,PROD19,CUST694,Fashion,Credit Card,577.11,1
ORD5487,4/26/24 15:21,PROD194,CUST976,Toys,Bank Transfer,1581.09,10
ORD5488,2/17/24 15:55,PROD38,CUST658,Toys,PayPal,1326.33,2
ORD5489,1/19/24 7:08,PROD99,CUST772,Books,Credit Card,101.79,9
ORD5490,10/29/24 17:09,PROD128,CUST757,Books,Bank Transfer,1619.17,2
ORD5491,5/20/24 14:52,PROD189,CUST659,Books,Credit Card,1245.31,6
ORD5492,5/29/24 17:15,PROD38,CUST131,Fashion,PayPal,928.58,8
ORD5493,5/27/24 4:17,PROD163,CUST25,Toys,Credit Card,1100.15,4
ORD5494,10/23/24 7:41,PROD16,CUST437,Books,Bank Transfer,1446.81,2
ORD5495,2/14/24 13:20,PROD190,CUST69,Toys,PayPal,844.26,8
ORD5496,7/13/24 10:14,PROD134,CUST592,Fashion,Debit Card,1853.78,2
ORD5497,08-08-2024 05:33,PROD137,CUST136,Toys,Debit Card,400.44,3
ORD5498,7/30/24 7:28,PROD121,CUST539,Electronics,Cash,666.73,5
ORD5499,2/15/24 14:59,PROD161,CUST367,Electronics,Debit Card,930.51,9
ORD5500,7/28/24 3:21,PROD72,CUST847,Fashion,Debit Card,1111.97,5
ORD5501,4/30/24 10:18,PROD164,CUST49,Home Appliances,PayPal,1294.15,5
ORD5502,1/27/24 7:22,PROD164,CUST908,Books,PayPal,1314.51,9
ORD5503,4/19/24 20:10,PROD21,CUST155,Toys,Debit Card,88.53,9
ORD5504,06-04-2024 22:33,PROD64,CUST528,Home Appliances,Cash,471.14,3
ORD5505,05-02-2024 23:37,PROD5,CUST913,Books,Bank Transfer,746.48,5
ORD5506,2/18/24 17:09,PROD49,CUST312,Electronics,Credit Card,1139.89,10
ORD5507,05-07-2024 21:06,PROD196,CUST954,Home Appliances,Debit Card,755.65,9
ORD5508,6/28/24 16:59,PROD69,CUST491,Toys,Debit Card,165.35,1
ORD5509,9/23/24 23:20,PROD197,CUST131,Books,PayPal,307.21,4
ORD5510,07-07-2024 22:46,PROD44,CUST515,Books,Cash,1760.17,7
ORD5511,01-10-2024 07:21,PROD3,CUST327,Home Appliances,Credit Card,190.7,9
ORD5512,9/27/24 8:01,PROD97,CUST649,Fashion,PayPal,1958.71,9
ORD5513,05-09-2024 09:47,PROD43,CUST669,Toys,Bank Transfer,1387.75,9
ORD5514,9/30/24 1:32,PROD25,CUST708,Books,Credit Card,1715.2,3
ORD5515,9/19/24 2:11,PROD55,CUST802,Fashion,Bank Transfer,272.16,9
ORD5516,01-12-2024 14:24,PROD29,CUST499,Books,Cash,1019.03,2
ORD5517,8/25/24 18:48,PROD37,CUST175,Fashion,Bank Transfer,670.05,2
ORD5518,03-05-2024 00:08,PROD64,CUST430,Home Appliances,Credit Card,1062.59,8
ORD5519,02-07-2024 17:19,PROD175,CUST265,Fashion,Debit Card,1825.48,10
ORD5520,4/20/24 11:27,PROD94,CUST501,Electronics,Cash,696.25,1
ORD5521,8/28/24 7:36,PROD200,CUST552,Home Appliances,Credit Card,658.18,2
ORD5522,02-05-2024 11:18,PROD13,CUST657,Fashion,Debit Card,1516.1,4
ORD5523,08-12-2024 08:48,PROD75,CUST339,Electronics,Cash,1960.73,3
ORD5524,11/17/24 6:00,PROD97,CUST387,Books,Credit Card,24.31,5
ORD5525,7/25/24 21:39,PROD91,CUST825,Home Appliances,Cash,124.16,9
ORD5526,4/18/24 7:50,PROD85,CUST145,Fashion,Cash,134.43,10
ORD5527,10/17/24 6:41,PROD87,CUST733,Electronics,Credit Card,1677.08,1
ORD5528,9/23/24 15:24,PROD188,CUST439,Fashion,Debit Card,1659.54,10
ORD5529,6/16/24 23:24,PROD13,CUST440,Toys,PayPal,603.94,6
ORD5530,05-06-2024 22:46,PROD170,CUST187,Books,Bank Transfer,1588.8,6
ORD5531,05-01-2024 06:05,PROD184,CUST115,Toys,PayPal,153.66,10
ORD5532,03-08-2024 12:59,PROD133,CUST37,Toys,Bank Transfer,332.75,7
ORD5533,10-03-2024 05:40,PROD106,CUST633,Electronics,PayPal,1757.37,1
ORD5534,10/19/24 13:15,PROD47,CUST394,Electronics,Credit Card,1165.26,10
ORD5535,07-08-2024 23:18,PROD187,CUST525,Fashion,PayPal,1613.4,8
ORD5536,11/14/24 8:55,PROD147,CUST27,Books,PayPal,911.14,9
ORD5537,05-09-2024 14:15,PROD199,CUST113,Fashion,PayPal,1424.15,2
ORD5538,3/28/24 17:49,PROD197,CUST266,Home Appliances,Cash,980.33,2
ORD5539,09-12-2024 01:28,PROD160,CUST990,Electronics,Bank Transfer,1331.41,4
ORD5540,11-11-2024 10:50,PROD144,CUST539,Home Appliances,Cash,880.32,4
ORD5541,1/16/24 0:35,PROD103,CUST293,Home Appliances,Credit Card,1358.12,4
ORD5542,9/28/24 22:53,PROD86,CUST969,Toys,Cash,1524.08,1
ORD5543,02-05-2024 11:00,PROD121,CUST185,Fashion,Cash,1609.46,10
ORD5544,3/17/24 22:09,PROD29,CUST282,Home Appliances,Bank Transfer,1526.5,6
ORD5545,2/16/24 3:14,PROD172,CUST482,Books,Bank Transfer,1439.61,2
ORD5546,10/30/24 19:46,PROD43,CUST1,Electronics,Cash,1427.06,6
ORD5547,11/13/24 0:33,PROD156,CUST625,Fashion,Debit Card,1941.77,6
ORD5548,1/28/24 4:51,PROD118,CUST272,Books,Bank Transfer,1878.22,10
ORD5549,1/17/24 1:24,PROD73,CUST137,Electronics,Cash,880.47,9
ORD5550,06-03-2024 20:41,PROD7,CUST802,Home Appliances,PayPal,1778.35,9
ORD5551,7/29/24 2:14,PROD70,CUST50,Home Appliances,Credit Card,1357.4,10
ORD5552,5/15/24 12:50,PROD81,CUST5,Books,Debit Card,794.37,6
ORD5553,10/27/24 8:39,PROD42,CUST176,Fashion,Credit Card,154.77,10
ORD5554,4/28/24 20:22,PROD117,CUST873,Home Appliances,Cash,1018.75,5
ORD5555,3/19/24 7:38,PROD137,CUST408,Electronics,Cash,1799,1
ORD5556,10/19/24 4:39,PROD80,CUST802,Toys,PayPal,908.64,6
ORD5557,03-10-2024 20:16,PROD149,CUST629,Books,Bank Transfer,260.5,4
ORD5558,5/22/24 20:54,PROD92,CUST370,Books,Cash,1509.93,8
ORD5559,10-05-2024 01:28,PROD18,CUST748,Home Appliances,Bank Transfer,1008.92,5
ORD5560,1/30/24 18:01,PROD9,CUST232,Home Appliances,Bank Transfer,978.71,9
ORD5561,3/15/24 19:41,PROD90,CUST317,Electronics,PayPal,1041.62,8
ORD5562,10-02-2024 22:52,PROD68,CUST509,Fashion,Credit Card,474.43,8
ORD5563,5/19/24 16:11,PROD75,CUST230,Electronics,Cash,70.78,9
ORD5564,01-01-2024 16:21,PROD1,CUST740,Home Appliances,PayPal,1435.91,7
ORD5565,3/13/24 2:55,PROD180,CUST337,Home Appliances,Bank Transfer,1296.47,1
ORD5566,3/31/24 15:00,PROD73,CUST119,Home Appliances,Debit Card,910.07,3
ORD5567,02-08-2024 06:10,PROD83,CUST473,Toys,Cash,1386.76,7
ORD5568,03-04-2024 16:17,PROD138,CUST249,Books,Cash,1169.28,2
ORD5569,7/26/24 20:20,PROD155,CUST889,Fashion,PayPal,1361.56,6
ORD5570,5/22/24 18:07,PROD106,CUST186,Toys,Cash,1217.04,3
ORD5571,2/26/24 9:48,PROD86,CUST206,Books,PayPal,192.09,4
ORD5572,5/29/24 4:50,PROD4,CUST928,Toys,Bank Transfer,1186.44,2
ORD5573,06-03-2024 12:21,PROD86,CUST622,Toys,PayPal,762.45,5
ORD5574,11-12-2024 09:27,PROD173,CUST988,Books,Credit Card,997.94,10
ORD5575,5/31/24 17:01,PROD36,CUST868,Home Appliances,Debit Card,369.09,3
ORD5576,02-11-2024 21:36,PROD159,CUST181,Home Appliances,Bank Transfer,24.35,6
ORD5577,03-02-2024 01:14,PROD65,CUST163,Home Appliances,Credit Card,614.29,6
ORD5578,2/14/24 21:24,PROD37,CUST930,Books,PayPal,1843.42,6
ORD5579,5/28/24 0:22,PROD114,CUST248,Fashion,Debit Card,450.86,2
ORD5580,6/14/24 21:30,PROD195,CUST195,Toys,PayPal,1766.11,4
ORD5581,7/26/24 4:14,PROD132,CUST887,Fashion,Credit Card,974.21,6
ORD5582,10-04-2024 08:14,PROD74,CUST7,Electronics,Bank Transfer,648.6,7
ORD5583,7/14/24 23:05,PROD74,CUST389,Fashion,PayPal,1159.71,5
ORD5584,3/17/24 20:39,PROD88,CUST975,Books,PayPal,1955.11,8
ORD5585,9/28/24 16:05,PROD93,CUST431,Home Appliances,Cash,1397.54,6
ORD5586,3/14/24 13:49,PROD47,CUST441,Fashion,Bank Transfer,564.64,5
ORD5587,11/16/24 14:03,PROD111,CUST250,Toys,Debit Card,842.66,10
ORD5588,1/30/24 1:14,PROD172,CUST94,Books,PayPal,1417.6,8
ORD5589,10/13/24 15:59,PROD80,CUST813,Electronics,Cash,1504.37,3
ORD5590,03-12-2024 21:19,PROD145,CUST366,Fashion,Cash,449.05,7
ORD5591,11/15/24 19:59,PROD146,CUST95,Toys,PayPal,1878.47,10
ORD5592,10-09-2024 21:28,PROD184,CUST286,Fashion,Cash,851.33,5
ORD5593,01-07-2024 01:32,PROD16,CUST549,Home Appliances,Bank Transfer,34.41,8
ORD5594,4/23/24 19:37,PROD94,CUST599,Electronics,Cash,1785.6,3
ORD5595,5/26/24 4:33,PROD153,CUST575,Home Appliances,Bank Transfer,937.95,9
ORD5596,4/22/24 8:41,PROD178,CUST543,Electronics,Bank Transfer,856.62,6
ORD5597,09-11-2024 10:07,PROD137,CUST563,Fashion,Bank Transfer,1728.1,1
ORD5598,9/27/24 6:24,PROD154,CUST339,Home Appliances,PayPal,1459.62,4
ORD5599,8/24/24 18:43,PROD35,CUST566,Electronics,Credit Card,126.95,3
ORD5600,10/30/24 11:39,PROD13,CUST300,Fashion,Bank Transfer,1747.76,4
ORD5601,10/26/24 14:37,PROD48,CUST252,Toys,Debit Card,1727.79,2
ORD5602,11-10-2024 07:53,PROD2,CUST959,Books,Debit Card,233.46,9
ORD5603,4/26/24 11:12,PROD175,CUST166,Toys,Credit Card,1506.9,2
ORD5604,5/30/24 23:45,PROD14,CUST991,Fashion,Debit Card,232.2,5
ORD5605,10/31/24 12:40,PROD175,CUST497,Books,Bank Transfer,1166.82,8
ORD5606,03-03-2024 21:47,PROD77,CUST214,Books,Debit Card,1366.84,7
ORD5607,04-07-2024 01:34,PROD82,CUST178,Books,Bank Transfer,147.53,1
ORD5608,10/25/24 15:49,PROD53,CUST487,Home Appliances,Bank Transfer,594.49,7
ORD5609,01-11-2024 16:00,PROD148,CUST683,Books,Cash,1819.95,10
ORD5610,08-01-2024 08:40,PROD35,CUST316,Home Appliances,Bank Transfer,444.35,2
ORD5611,7/26/24 12:50,PROD3,CUST986,Electronics,Credit Card,684.98,5
ORD5612,8/30/24 17:12,PROD30,CUST529,Fashion,Cash,705.13,7
ORD5613,10-05-2024 23:23,PROD71,CUST736,Home Appliances,Debit Card,135.69,6
ORD5614,09-06-2024 14:24,PROD78,CUST196,Books,Debit Card,673.16,5
ORD5615,9/13/24 5:14,PROD142,CUST411,Books,Credit Card,1101.2,8
ORD5616,8/31/24 19:15,PROD78,CUST394,Fashion,Debit Card,1910.8,4
ORD5617,7/27/24 21:08,PROD186,CUST587,Home Appliances,PayPal,665.2,7
ORD5618,8/24/24 1:51,PROD171,CUST627,Toys,PayPal,1686.28,8
ORD5619,7/27/24 21:53,PROD104,CUST433,Books,Bank Transfer,149.49,3
ORD5620,10/18/24 2:44,PROD198,CUST163,Electronics,Bank Transfer,1287.38,7
ORD5621,06-11-2024 09:03,PROD21,CUST324,Fashion,Cash,1307.16,7
ORD5622,7/23/24 0:16,PROD71,CUST277,Toys,PayPal,272.19,2
ORD5623,09-09-2024 19:33,PROD25,CUST965,Books,PayPal,345.31,7
ORD5624,7/13/24 12:35,PROD198,CUST346,Home Appliances,PayPal,722.39,10
ORD5625,4/22/24 19:27,PROD178,CUST218,Fashion,PayPal,1583.68,6
ORD5626,10-04-2024 10:38,PROD109,CUST887,Fashion,PayPal,269.55,9
ORD5627,05-01-2024 02:47,PROD51,CUST78,Fashion,PayPal,399.63,9
ORD5628,8/17/24 21:23,PROD128,CUST854,Electronics,Debit Card,406.52,4
ORD5629,1/17/24 3:02,PROD177,CUST289,Books,PayPal,1003.05,8
ORD5630,3/18/24 9:28,PROD142,CUST666,Home Appliances,Cash,70.23,6
ORD5631,8/19/24 3:27,PROD124,CUST737,Home Appliances,Bank Transfer,1192.24,4
ORD5632,11-08-2024 18:23,PROD47,CUST534,Home Appliances,Cash,836.52,4
ORD5633,08-04-2024 06:04,PROD105,CUST326,Books,Bank Transfer,741.16,9
ORD5634,08-01-2024 05:16,PROD48,CUST371,Books,Credit Card,1503.71,5
ORD5635,07-01-2024 00:59,PROD109,CUST323,Home Appliances,PayPal,1552.84,4
ORD5636,2/24/24 2:05,PROD51,CUST631,Home Appliances,Cash,1305.11,1
ORD5637,04-12-2024 22:52,PROD85,CUST212,Books,Cash,427.44,5
ORD5638,05-07-2024 11:39,PROD70,CUST62,Toys,PayPal,121.75,10
ORD5639,6/18/24 16:20,PROD36,CUST882,Books,Cash,915.08,8
ORD5640,6/21/24 7:14,PROD64,CUST711,Books,Credit Card,1263.61,2
ORD5641,4/25/24 13:56,PROD144,CUST516,Toys,Debit Card,1857.61,1
ORD5642,10/20/24 15:04,PROD47,CUST502,Fashion,PayPal,460.28,8
ORD5643,08-03-2024 00:16,PROD6,CUST333,Electronics,Bank Transfer,81.67,4
ORD5644,5/25/24 5:32,PROD5,CUST635,Books,Debit Card,1323.15,8
ORD5645,6/23/24 12:45,PROD9,CUST260,Books,Credit Card,1772.9,3
ORD5646,7/24/24 22:39,PROD64,CUST8,Toys,Bank Transfer,1237.59,3
ORD5647,2/14/24 10:15,PROD160,CUST823,Fashion,PayPal,1970.7,1
ORD5648,10-11-2024 08:08,PROD10,CUST540,Electronics,Cash,1233.5,10
ORD5649,11-01-2024 22:43,PROD62,CUST815,Books,PayPal,487.41,10
ORD5650,04-10-2024 07:50,PROD25,CUST526,Home Appliances,Credit Card,1338.3,7
ORD5651,07-06-2024 21:42,PROD147,CUST769,Home Appliances,Bank Transfer,971.79,9
ORD5652,05-01-2024 11:33,PROD79,CUST841,Electronics,Debit Card,1864.71,6
ORD5653,1/26/24 7:01,PROD6,CUST186,Toys,Cash,129.39,10
ORD5654,9/30/24 1:47,PROD171,CUST410,Home Appliances,Bank Transfer,775.39,6
ORD5655,06-06-2024 01:05,PROD26,CUST683,Fashion,Cash,906.34,6
ORD5656,01-01-2024 22:58,PROD32,CUST292,Home Appliances,PayPal,234.9,3
ORD5657,10/21/24 13:08,PROD199,CUST72,Electronics,Bank Transfer,859.39,5
ORD5658,04-11-2024 14:22,PROD78,CUST786,Fashion,Bank Transfer,1688.86,6
ORD5659,10-10-2024 08:31,PROD146,CUST196,Toys,Debit Card,829.65,10
ORD5660,2/13/24 3:58,PROD158,CUST147,Fashion,Credit Card,1368.45,6
ORD5661,07-09-2024 08:50,PROD199,CUST570,Toys,PayPal,447.24,1
ORD5662,2/24/24 14:10,PROD88,CUST955,Fashion,Credit Card,1582.42,9
ORD5663,03-09-2024 18:40,PROD75,CUST450,Fashion,Bank Transfer,1216.96,8
ORD5664,9/14/24 6:24,PROD6,CUST101,Home Appliances,PayPal,1325.01,3
ORD5665,11-11-2024 12:30,PROD189,CUST929,Fashion,Cash,621.26,7
ORD5666,02-12-2024 19:46,PROD57,CUST746,Toys,Bank Transfer,1380.05,1
ORD5667,3/18/24 18:31,PROD27,CUST820,Toys,Credit Card,962.9,6
ORD5668,01-03-2024 13:15,PROD143,CUST838,Home Appliances,Credit Card,1545.68,5
ORD5669,3/30/24 8:15,PROD42,CUST805,Toys,Credit Card,1789.63,2
ORD5670,07-09-2024 17:02,PROD127,CUST849,Books,PayPal,506.91,3
ORD5671,1/22/24 22:35,PROD46,CUST18,Books,Cash,1138.92,6
ORD5672,4/29/24 15:16,PROD26,CUST520,Fashion,Bank Transfer,359.03,2
ORD5673,06-08-2024 16:27,PROD88,CUST222,Fashion,Debit Card,570.14,6
ORD5674,7/25/24 7:37,PROD39,CUST271,Electronics,Credit Card,1519.77,3
ORD5675,10/14/24 18:16,PROD6,CUST542,Toys,Cash,1365.73,6
ORD5676,11-07-2024 18:55,PROD144,CUST253,Electronics,Debit Card,1502.28,1
ORD5677,8/21/24 7:29,PROD114,CUST875,Toys,Credit Card,1983.15,8
ORD5678,10-02-2024 10:07,PROD106,CUST176,Electronics,Debit Card,469.74,2
ORD5679,3/28/24 5:16,PROD25,CUST305,Electronics,Bank Transfer,1388.13,9
ORD5680,06-01-2024 02:51,PROD14,CUST891,Electronics,PayPal,1222.51,9
ORD5681,2/27/24 12:12,PROD200,CUST259,Books,Cash,1633.23,8
ORD5682,5/31/24 13:44,PROD152,CUST223,Home Appliances,Bank Transfer,325.11,1
ORD5683,5/15/24 15:41,PROD56,CUST570,Books,Bank Transfer,1958.19,5
ORD5684,10-12-2024 03:15,PROD181,CUST926,Electronics,Bank Transfer,1049.86,10
ORD5685,9/13/24 4:13,PROD21,CUST380,Electronics,PayPal,753.08,4
ORD5686,8/18/24 9:10,PROD171,CUST704,Fashion,Credit Card,1694.37,8
ORD5687,10-06-2024 06:20,PROD139,CUST459,Electronics,Credit Card,1947.89,4
ORD5688,09-06-2024 13:58,PROD198,CUST470,Electronics,PayPal,1978.56,9
ORD5689,5/24/24 5:35,PROD81,CUST225,Electronics,Debit Card,1480.46,10
ORD5690,05-11-2024 19:58,PROD145,CUST944,Electronics,Bank Transfer,1241.95,7
ORD5691,11-10-2024 09:50,PROD19,CUST294,Home Appliances,Bank Transfer,486.08,9
ORD5692,9/15/24 6:22,PROD15,CUST591,Toys,Cash,1038.51,4
ORD5693,5/17/24 22:24,PROD8,CUST972,Toys,Credit Card,1893.87,3
ORD5694,1/27/24 3:55,PROD150,CUST352,Home Appliances,PayPal,529.36,6
ORD5695,04-05-2024 16:55,PROD34,CUST616,Electronics,Credit Card,1801.58,3
ORD5696,4/30/24 10:31,PROD198,CUST921,Books,Credit Card,1259.05,3
ORD5697,5/23/24 2:38,PROD20,CUST709,Fashion,Bank Transfer,1096.31,3
ORD5698,9/29/24 5:47,PROD47,CUST471,Electronics,Debit Card,1678.61,6
ORD5699,01-12-2024 19:55,PROD196,CUST385,Books,Debit Card,769.71,3
ORD5700,11-10-2024 04:40,PROD70,CUST898,Toys,Cash,1775.04,2
ORD5701,07-03-2024 04:12,PROD167,CUST912,Home Appliances,Debit Card,930.15,8
ORD5702,4/26/24 16:40,PROD165,CUST63,Toys,Cash,1492.51,6
ORD5703,08-06-2024 00:45,PROD111,CUST954,Toys,Debit Card,1545.88,8
ORD5704,2/24/24 12:52,PROD181,CUST652,Electronics,Bank Transfer,730.8,8
ORD5705,9/19/24 9:44,PROD74,CUST718,Toys,Credit Card,1245.04,1
ORD5706,10/31/24 3:41,PROD106,CUST825,Electronics,Bank Transfer,620.62,4
ORD5707,10-07-2024 01:48,PROD200,CUST635,Toys,Debit Card,999.53,10
ORD5708,02-06-2024 02:39,PROD171,CUST759,Books,Credit Card,1227.88,10
ORD5709,2/28/24 21:18,PROD159,CUST944,Home Appliances,Cash,1882.62,9
ORD5710,9/20/24 5:10,PROD145,CUST537,Home Appliances,Credit Card,1023.49,2
ORD5711,7/31/24 6:28,PROD7,CUST251,Electronics,PayPal,1967.69,8
ORD5712,01-03-2024 17:57,PROD59,CUST997,Fashion,Debit Card,1825.73,5
ORD5713,6/28/24 12:27,PROD8,CUST683,Home Appliances,Bank Transfer,635.08,1
ORD5714,2/26/24 10:14,PROD133,CUST589,Home Appliances,Debit Card,1477.24,3
ORD5715,03-06-2024 02:23,PROD165,CUST927,Home Appliances,Debit Card,1872.75,7
ORD5716,07-04-2024 19:18,PROD127,CUST922,Home Appliances,Debit Card,1739.86,3
ORD5717,6/25/24 16:17,PROD38,CUST921,Electronics,Bank Transfer,1260.68,4
ORD5718,5/27/24 16:46,PROD5,CUST308,Home Appliances,PayPal,1784.98,8
ORD5719,4/27/24 19:06,PROD32,CUST711,Fashion,PayPal,1766.19,8
ORD5720,7/13/24 8:52,PROD171,CUST42,Toys,Credit Card,1428.81,8
ORD5721,08-05-2024 21:54,PROD185,CUST393,Home Appliances,PayPal,1134.18,8
ORD5722,3/20/24 4:51,PROD27,CUST41,Home Appliances,Credit Card,1571.89,7
ORD5723,07-04-2024 20:24,PROD9,CUST102,Home Appliances,Cash,1745.02,3
ORD5724,5/22/24 11:29,PROD140,CUST453,Electronics,Debit Card,845.14,6
ORD5725,3/16/24 9:48,PROD137,CUST848,Fashion,Debit Card,1442.03,4
ORD5726,11-03-2024 01:21,PROD96,CUST257,Fashion,Bank Transfer,273.97,4
ORD5727,2/29/24 3:46,PROD191,CUST186,Books,Debit Card,35.78,5
ORD5728,08-01-2024 05:21,PROD151,CUST728,Books,PayPal,784.89,4
ORD5729,6/29/24 14:23,PROD63,CUST456,Electronics,Credit Card,838.26,6
ORD5730,5/17/24 9:55,PROD90,CUST898,Fashion,Cash,1429.41,10
ORD5731,07-02-2024 19:20,PROD81,CUST782,Toys,Debit Card,1734.9,8
ORD5732,06-08-2024 13:34,PROD132,CUST339,Electronics,Cash,118.6,10
ORD5733,06-01-2024 09:58,PROD147,CUST674,Home Appliances,Credit Card,1263.4,5
ORD5734,08-10-2024 09:57,PROD133,CUST711,Books,Cash,1815.11,10
ORD5735,2/26/24 10:56,PROD149,CUST894,Books,Bank Transfer,112.13,7
ORD5736,2/26/24 3:34,PROD194,CUST755,Electronics,PayPal,1027.35,2
ORD5737,2/15/24 20:41,PROD133,CUST622,Electronics,Debit Card,1759.5,8
ORD5738,8/18/24 6:59,PROD38,CUST646,Books,Debit Card,1689.99,2
ORD5739,03-02-2024 06:10,PROD22,CUST345,Books,Cash,1208.05,6
ORD5740,02-10-2024 04:02,PROD40,CUST712,Home Appliances,Bank Transfer,236.85,8
ORD5741,2/22/24 2:09,PROD171,CUST77,Electronics,Cash,1698.79,7
ORD5742,7/20/24 22:11,PROD24,CUST808,Fashion,Credit Card,1631.98,3
ORD5743,06-01-2024 12:19,PROD53,CUST80,Toys,Bank Transfer,193.28,9
ORD5744,5/20/24 0:42,PROD107,CUST989,Fashion,Credit Card,477.27,6
ORD5745,10/25/24 14:07,PROD131,CUST624,Toys,Debit Card,718.67,9
ORD5746,7/28/24 7:58,PROD35,CUST826,Electronics,PayPal,1993.68,7
ORD5747,04-04-2024 00:10,PROD114,CUST219,Home Appliances,PayPal,1034.9,6
ORD5748,9/20/24 18:45,PROD105,CUST998,Home Appliances,Cash,1060.48,8
ORD5749,5/19/24 22:07,PROD67,CUST415,Fashion,Cash,510.9,1
ORD5750,06-09-2024 11:14,PROD177,CUST28,Home Appliances,PayPal,1346.54,6
ORD5751,01-09-2024 23:00,PROD40,CUST557,Toys,Debit Card,1611.1,2
ORD5752,08-08-2024 03:51,PROD59,CUST430,Electronics,PayPal,1593.8,2
ORD5753,04-04-2024 22:08,PROD95,CUST660,Toys,Bank Transfer,1805.97,6
ORD5754,5/29/24 14:07,PROD84,CUST395,Toys,Bank Transfer,835.15,6
ORD5755,8/31/24 23:20,PROD10,CUST347,Books,Bank Transfer,1952.51,8
ORD5756,1/18/24 0:21,PROD63,CUST108,Books,PayPal,1978.14,10
ORD5757,09-07-2024 18:22,PROD35,CUST639,Toys,Credit Card,88.96,10
ORD5758,1/15/24 3:46,PROD171,CUST982,Books,Bank Transfer,1260.75,5
ORD5759,08-06-2024 07:02,PROD40,CUST933,Electronics,Cash,1281.4,7
ORD5760,07-01-2024 17:56,PROD183,CUST290,Books,PayPal,784.04,10
ORD5761,4/29/24 13:02,PROD91,CUST664,Toys,Bank Transfer,1364.83,1
ORD5762,05-10-2024 04:15,PROD118,CUST687,Fashion,Debit Card,222.07,8
ORD5763,4/28/24 8:08,PROD87,CUST527,Home Appliances,PayPal,987.77,4
ORD5764,6/19/24 21:14,PROD25,CUST895,Toys,Credit Card,1100.96,6
ORD5765,04-05-2024 19:02,PROD137,CUST633,Fashion,Debit Card,1945.2,3
ORD5766,3/21/24 14:15,PROD57,CUST368,Home Appliances,Debit Card,675.88,9
ORD5767,4/23/24 9:24,PROD14,CUST845,Home Appliances,Cash,1793.93,10
ORD5768,11/13/24 11:58,PROD143,CUST396,Books,Credit Card,150.78,6
ORD5769,9/18/24 15:19,PROD142,CUST443,Toys,Cash,293,10
ORD5770,10/30/24 13:28,PROD32,CUST128,Home Appliances,Debit Card,497.58,6
ORD5771,4/23/24 1:39,PROD111,CUST515,Fashion,Debit Card,704.46,4
ORD5772,6/23/24 2:12,PROD91,CUST597,Home Appliances,Credit Card,1166.89,8
ORD5773,6/15/24 14:45,PROD161,CUST632,Toys,Debit Card,437.18,10
ORD5774,06-07-2024 06:34,PROD190,CUST442,Electronics,Bank Transfer,1929.67,5
ORD5775,1/27/24 5:52,PROD166,CUST498,Toys,Debit Card,1048.44,6
ORD5776,10-12-2024 23:02,PROD9,CUST289,Toys,Cash,1850.02,5
ORD5777,2/14/24 17:16,PROD55,CUST731,Books,Cash,539.22,8
ORD5778,1/27/24 18:53,PROD31,CUST262,Electronics,Credit Card,381.33,4
ORD5779,1/23/24 17:04,PROD44,CUST705,Electronics,Credit Card,1115.48,10
ORD5780,01-01-2024 18:41,PROD39,CUST731,Electronics,Debit Card,1409.9,10
ORD5781,07-09-2024 13:25,PROD179,CUST302,Home Appliances,Bank Transfer,1058.32,2
ORD5782,9/19/24 21:31,PROD172,CUST751,Books,Bank Transfer,995.52,7
ORD5783,5/13/24 0:21,PROD104,CUST626,Books,Cash,482.43,7
ORD5784,03-03-2024 16:48,PROD107,CUST815,Books,Credit Card,1652.51,2
ORD5785,6/22/24 15:43,PROD80,CUST936,Books,Cash,752.21,10
ORD5786,09-04-2024 05:22,PROD144,CUST396,Books,Cash,1846.42,3
ORD5787,03-08-2024 13:14,PROD48,CUST272,Home Appliances,PayPal,1526.57,6
ORD5788,05-09-2024 19:03,PROD19,CUST486,Electronics,Credit Card,271.34,5
ORD5789,1/13/24 22:09,PROD46,CUST263,Fashion,Credit Card,510.5,6
ORD5790,10/26/24 7:38,PROD42,CUST551,Fashion,Credit Card,114.38,5
ORD5791,07-06-2024 12:46,PROD29,CUST964,Home Appliances,PayPal,1421.49,3
ORD5792,9/25/24 10:24,PROD62,CUST773,Home Appliances,PayPal,1014.88,5
ORD5793,02-04-2024 22:49,PROD154,CUST589,Toys,Bank Transfer,860.52,9
ORD5794,4/29/24 14:53,PROD81,CUST312,Fashion,Cash,321.86,9
ORD5795,10-05-2024 14:28,PROD193,CUST572,Electronics,PayPal,1636.14,3
ORD5796,10-03-2024 15:44,PROD89,CUST796,Electronics,Credit Card,1845.46,9
ORD5797,07-02-2024 06:52,PROD133,CUST7,Home Appliances,Bank Transfer,453.05,5
ORD5798,05-03-2024 03:13,PROD150,CUST845,Toys,PayPal,334.47,1
ORD5799,1/13/24 21:19,PROD98,CUST652,Fashion,Debit Card,286.99,10
ORD5800,7/28/24 0:59,PROD134,CUST556,Home Appliances,PayPal,565.43,2
ORD5801,6/21/24 10:19,PROD57,CUST295,Electronics,Cash,1463.33,8
ORD5802,4/22/24 1:01,PROD105,CUST450,Fashion,PayPal,995.6,5
ORD5803,2/27/24 7:24,PROD176,CUST540,Fashion,Bank Transfer,1523.46,8
ORD5804,02-05-2024 03:17,PROD46,CUST445,Fashion,PayPal,1321.37,8
ORD5805,11-08-2024 08:41,PROD64,CUST168,Fashion,Bank Transfer,551.32,2
ORD5806,07-03-2024 01:24,PROD11,CUST222,Electronics,Credit Card,360.16,2
ORD5807,1/20/24 5:40,PROD118,CUST830,Toys,Cash,584.31,6
ORD5808,11-09-2024 06:23,PROD61,CUST730,Fashion,Debit Card,268.17,1
ORD5809,7/14/24 3:59,PROD48,CUST671,Home Appliances,Credit Card,847.26,5
ORD5810,02-08-2024 14:09,PROD1,CUST626,Books,Cash,635.65,2
ORD5811,10/23/24 7:24,PROD111,CUST613,Books,PayPal,957.5,8
ORD5812,9/17/24 18:51,PROD29,CUST744,Toys,Cash,434.37,10
ORD5813,10/27/24 0:56,PROD61,CUST460,Electronics,PayPal,206.44,10
ORD5814,5/29/24 8:08,PROD146,CUST332,Fashion,Credit Card,1311.19,10
ORD5815,9/20/24 6:12,PROD136,CUST24,Toys,PayPal,1246.25,10
ORD5816,5/30/24 20:22,PROD113,CUST620,Toys,Credit Card,178.21,10
ORD5817,06-07-2024 04:50,PROD86,CUST678,Books,Cash,257.56,3
ORD5818,9/13/24 21:33,PROD110,CUST550,Electronics,Bank Transfer,1126.82,1
ORD5819,07-01-2024 21:10,PROD176,CUST855,Toys,Credit Card,321.73,5
ORD5820,10/16/24 3:21,PROD11,CUST438,Fashion,PayPal,645.3,1
ORD5821,11/16/24 23:05,PROD23,CUST256,Books,Bank Transfer,1007.27,8
ORD5822,06-01-2024 17:15,PROD189,CUST399,Fashion,Bank Transfer,1347.56,1
ORD5823,05-12-2024 11:57,PROD73,CUST463,Toys,PayPal,1736.96,9
ORD5824,07-01-2024 05:23,PROD150,CUST111,Fashion,Bank Transfer,1081.18,1
ORD5825,2/25/24 17:09,PROD176,CUST104,Fashion,Bank Transfer,514.72,1
ORD5826,10-06-2024 00:35,PROD122,CUST210,Books,Credit Card,1704.26,5
ORD5827,05-09-2024 20:14,PROD165,CUST402,Toys,PayPal,509.32,6
ORD5828,04-10-2024 14:36,PROD104,CUST857,Fashion,PayPal,749,3
ORD5829,02-07-2024 11:21,PROD32,CUST948,Fashion,PayPal,228.46,10
ORD5830,2/27/24 22:22,PROD160,CUST42,Toys,Credit Card,1405.05,8
ORD5831,7/28/24 15:40,PROD87,CUST497,Electronics,Bank Transfer,1529.88,1
ORD5832,3/18/24 20:58,PROD162,CUST708,Electronics,Debit Card,1669.35,1
ORD5833,6/18/24 20:05,PROD109,CUST873,Fashion,Debit Card,1985.11,1
ORD5834,10/24/24 20:00,PROD99,CUST806,Home Appliances,Credit Card,1483,6
ORD5835,6/13/24 16:58,PROD71,CUST132,Books,Debit Card,242.64,4
ORD5836,6/26/24 13:10,PROD186,CUST347,Fashion,Credit Card,334.52,9
ORD5837,4/24/24 16:40,PROD4,CUST778,Books,PayPal,812.21,8
ORD5838,01-03-2024 10:28,PROD143,CUST448,Home Appliances,Credit Card,1511.71,4
ORD5839,08-01-2024 17:15,PROD127,CUST908,Fashion,Cash,410.43,10
ORD5840,10-05-2024 06:56,PROD92,CUST641,Electronics,Debit Card,1406.07,2
ORD5841,03-10-2024 04:36,PROD23,CUST755,Books,Bank Transfer,1855.53,9
ORD5842,11-05-2024 09:36,PROD131,CUST846,Fashion,PayPal,1444.34,7
ORD5843,8/30/24 20:16,PROD25,CUST492,Toys,Bank Transfer,438.39,6
ORD5844,09-12-2024 05:57,PROD65,CUST270,Books,PayPal,324.78,10
ORD5845,6/27/24 0:35,PROD79,CUST153,Electronics,Credit Card,1463.6,4
ORD5846,8/15/24 7:49,PROD21,CUST245,Home Appliances,Credit Card,1356.24,7
ORD5847,2/23/24 8:17,PROD186,CUST343,Home Appliances,Bank Transfer,1233.01,2
ORD5848,09-09-2024 15:52,PROD159,CUST883,Electronics,Cash,1863.43,9
ORD5849,02-03-2024 05:33,PROD152,CUST926,Toys,Cash,1692.19,4
ORD5850,4/30/24 1:27,PROD138,CUST358,Books,Cash,1815.18,2
ORD5851,07-02-2024 03:46,PROD105,CUST569,Fashion,Cash,243.39,3
ORD5852,6/27/24 14:10,PROD51,CUST931,Home Appliances,Bank Transfer,127.69,10
ORD5853,2/27/24 12:32,PROD127,CUST57,Electronics,Debit Card,560.24,9
ORD5854,06-06-2024 16:08,PROD63,CUST19,Fashion,Cash,1836.13,2
ORD5855,02-07-2024 04:07,PROD195,CUST23,Toys,Debit Card,425.43,3
ORD5856,3/30/24 0:34,PROD48,CUST796,Toys,Cash,584.98,5
ORD5857,07-09-2024 11:13,PROD117,CUST709,Electronics,PayPal,873.95,1
ORD5858,9/13/24 18:37,PROD142,CUST336,Toys,Cash,69.38,5
ORD5859,09-10-2024 19:34,PROD180,CUST581,Home Appliances,Debit Card,1762.44,1
ORD5860,10-01-2024 22:06,PROD159,CUST743,Toys,Debit Card,32.79,5
ORD5861,09-02-2024 05:30,PROD141,CUST298,Toys,Debit Card,303,1
ORD5862,01-06-2024 18:25,PROD9,CUST292,Electronics,Debit Card,1555.25,2
ORD5863,8/29/24 0:55,PROD177,CUST751,Electronics,Bank Transfer,29.19,7
ORD5864,4/13/24 17:51,PROD30,CUST530,Toys,PayPal,1014.7,4
ORD5865,05-03-2024 06:19,PROD181,CUST396,Home Appliances,Debit Card,1693.37,2
ORD5866,7/25/24 15:19,PROD101,CUST956,Home Appliances,Bank Transfer,699.62,3
ORD5867,10-01-2024 03:51,PROD49,CUST371,Books,Cash,1505.34,1
ORD5868,05-05-2024 23:57,PROD119,CUST754,Books,Bank Transfer,1843.55,1
ORD5869,4/19/24 2:47,PROD199,CUST620,Books,Cash,1329.8,7
ORD5870,02-10-2024 17:59,PROD91,CUST608,Fashion,Bank Transfer,1473.36,7
ORD5871,7/27/24 7:27,PROD171,CUST580,Electronics,Cash,1880.2,6
ORD5872,1/29/24 0:32,PROD129,CUST455,Books,Cash,1029.37,2
ORD5873,06-02-2024 08:39,PROD195,CUST529,Home Appliances,Bank Transfer,835.48,5
ORD5874,11/16/24 15:55,PROD35,CUST824,Electronics,PayPal,1898.08,4
ORD5875,9/15/24 23:46,PROD146,CUST405,Fashion,Bank Transfer,184.08,2
ORD5876,5/17/24 9:59,PROD149,CUST358,Fashion,Debit Card,1680.57,8
ORD5877,11/16/24 19:48,PROD152,CUST329,Toys,Cash,1377.88,7
ORD5878,7/17/24 2:16,PROD187,CUST926,Books,Cash,617.11,9
ORD5879,03-05-2024 22:18,PROD107,CUST102,Fashion,Bank Transfer,73.75,10
ORD5880,8/26/24 19:09,PROD63,CUST850,Toys,Debit Card,1611.5,6
ORD5881,3/14/24 17:03,PROD99,CUST100,Home Appliances,Bank Transfer,930.16,2
ORD5882,08-08-2024 16:50,PROD67,CUST863,Books,Bank Transfer,1623.52,6
ORD5883,3/30/24 12:45,PROD161,CUST498,Toys,Bank Transfer,37.73,3
ORD5884,1/16/24 17:31,PROD102,CUST252,Home Appliances,Credit Card,681.42,6
ORD5885,3/25/24 18:10,PROD93,CUST678,Home Appliances,PayPal,63.85,5
ORD5886,04-07-2024 18:16,PROD73,CUST687,Fashion,Cash,46.69,5
ORD5887,7/25/24 3:06,PROD192,CUST114,Books,PayPal,278.43,1
ORD5888,08-11-2024 06:27,PROD184,CUST282,Toys,Debit Card,740.04,9
ORD5889,7/29/24 9:23,PROD156,CUST381,Fashion,Debit Card,1842.64,10
ORD5890,5/13/24 12:46,PROD118,CUST67,Electronics,Debit Card,1466.16,3
ORD5891,6/25/24 13:28,PROD70,CUST884,Electronics,Cash,406.79,7
ORD5892,06-05-2024 11:45,PROD187,CUST553,Books,Cash,826.1,3
ORD5893,10/16/24 10:35,PROD96,CUST459,Electronics,Cash,1045.84,4
ORD5894,6/18/24 22:23,PROD161,CUST83,Books,PayPal,131.44,5
ORD5895,6/17/24 17:06,PROD171,CUST718,Fashion,Cash,720.33,9
ORD5896,01-05-2024 19:34,PROD95,CUST480,Toys,Debit Card,962.81,9
ORD5897,1/30/24 21:03,PROD114,CUST128,Electronics,PayPal,1126.4,9
ORD5898,2/26/24 14:58,PROD30,CUST800,Books,Bank Transfer,1905.87,8
ORD5899,10/21/24 3:19,PROD193,CUST185,Fashion,Cash,1622.02,3
ORD5900,5/29/24 13:49,PROD140,CUST634,Toys,Debit Card,1320.23,4
ORD5901,6/21/24 20:21,PROD53,CUST743,Fashion,PayPal,1919.99,10
ORD5902,3/30/24 20:59,PROD41,CUST241,Fashion,PayPal,845.47,9
ORD5903,5/20/24 5:11,PROD119,CUST939,Fashion,Cash,1030.64,2
ORD5904,2/13/24 23:12,PROD7,CUST270,Home Appliances,Cash,815.86,10
ORD5905,5/28/24 17:21,PROD61,CUST605,Electronics,PayPal,1500.36,2
ORD5906,05-10-2024 18:14,PROD176,CUST227,Fashion,Debit Card,834.43,4
ORD5907,4/14/24 3:02,PROD28,CUST352,Electronics,Bank Transfer,451.29,3
ORD5908,3/20/24 6:33,PROD150,CUST806,Toys,PayPal,1955.46,2
ORD5909,02-03-2024 02:55,PROD49,CUST586,Books,PayPal,1643.13,10
ORD5910,8/21/24 15:23,PROD45,CUST924,Toys,Bank Transfer,1463.07,8
ORD5911,07-11-2024 23:02,PROD118,CUST937,Home Appliances,Cash,1134.46,8
ORD5912,11-08-2024 23:59,PROD193,CUST139,Books,PayPal,1293.94,10
ORD5913,11-10-2024 06:14,PROD171,CUST910,Electronics,PayPal,785.82,8
ORD5914,9/17/24 18:40,PROD5,CUST569,Home Appliances,Bank Transfer,1470.18,10
ORD5915,7/16/24 14:47,PROD126,CUST29,Electronics,Debit Card,1445.13,8
ORD5916,02-08-2024 06:15,PROD58,CUST70,Books,Debit Card,1375.34,3
ORD5917,09-07-2024 07:41,PROD71,CUST497,Toys,Bank Transfer,1281.8,3
ORD5918,06-10-2024 13:05,PROD172,CUST440,Home Appliances,Cash,373.83,7
ORD5919,7/18/24 14:37,PROD33,CUST850,Electronics,Bank Transfer,1753.49,4
ORD5920,10/21/24 5:55,PROD18,CUST562,Fashion,Cash,67.52,6
ORD5921,03-05-2024 01:23,PROD101,CUST956,Fashion,Bank Transfer,1377.72,3
ORD5922,08-01-2024 15:16,PROD149,CUST6,Fashion,Credit Card,1900.77,10
ORD5923,09-06-2024 11:10,PROD53,CUST38,Books,PayPal,1641.62,8
ORD5924,5/30/24 6:10,PROD153,CUST829,Fashion,Cash,1542.46,10
ORD5925,2/18/24 20:31,PROD129,CUST299,Books,Bank Transfer,283.59,9
ORD5926,10/17/24 2:21,PROD193,CUST773,Home Appliances,Cash,1559.9,8
ORD5927,10/18/24 8:24,PROD149,CUST400,Home Appliances,Bank Transfer,543.82,4
ORD5928,04-11-2024 00:35,PROD183,CUST184,Home Appliances,Cash,1070.67,8
ORD5929,9/16/24 16:49,PROD58,CUST594,Toys,PayPal,1991.98,6
ORD5930,05-01-2024 22:20,PROD130,CUST349,Toys,Cash,1173.71,8
ORD5931,06-06-2024 08:48,PROD21,CUST204,Books,PayPal,97.99,2
ORD5932,2/24/24 8:00,PROD26,CUST416,Home Appliances,Bank Transfer,266.06,10
ORD5933,4/17/24 20:38,PROD106,CUST63,Toys,Bank Transfer,1180.65,8
ORD5934,1/21/24 1:46,PROD6,CUST193,Fashion,Bank Transfer,155.33,5
ORD5935,2/18/24 23:51,PROD45,CUST614,Home Appliances,Debit Card,1590.76,9
ORD5936,6/23/24 14:41,PROD9,CUST161,Books,Credit Card,1934.75,4
ORD5937,5/21/24 15:48,PROD74,CUST406,Fashion,PayPal,57.48,9
ORD5938,04-11-2024 20:15,PROD27,CUST432,Electronics,Debit Card,1566.01,6
ORD5939,1/15/24 14:27,PROD32,CUST446,Electronics,PayPal,1621.32,8
ORD5940,6/23/24 0:03,PROD122,CUST8,Toys,Bank Transfer,162.34,2
ORD5941,9/15/24 4:44,PROD156,CUST43,Electronics,Cash,1801.66,5
ORD5942,11-03-2024 09:19,PROD41,CUST975,Electronics,PayPal,1497.94,3
ORD5943,5/28/24 23:38,PROD182,CUST323,Fashion,Credit Card,914.81,9
ORD5944,6/28/24 0:58,PROD2,CUST224,Books,Bank Transfer,494.29,4
ORD5945,02-11-2024 00:52,PROD193,CUST592,Fashion,Bank Transfer,1473.23,8
ORD5946,5/19/24 23:00,PROD100,CUST664,Books,PayPal,837.68,5
ORD5947,1/13/24 18:14,PROD123,CUST894,Toys,Debit Card,1067.13,1
ORD5948,05-02-2024 16:27,PROD170,CUST747,Books,Cash,227.79,8
ORD5949,05-07-2024 20:38,PROD192,CUST498,Toys,Credit Card,1694.77,1
ORD5950,6/20/24 0:24,PROD101,CUST35,Toys,Cash,1966.37,4
ORD5951,03-03-2024 22:53,PROD83,CUST104,Electronics,Cash,1044.04,10
ORD5952,9/28/24 18:57,PROD78,CUST906,Toys,PayPal,34.09,9
ORD5953,09-12-2024 17:50,PROD192,CUST347,Fashion,Bank Transfer,27.7,4
ORD5954,3/15/24 12:21,PROD75,CUST124,Fashion,Credit Card,1269.97,2
ORD5955,08-09-2024 04:57,PROD84,CUST771,Electronics,Cash,926.92,5
ORD5956,06-11-2024 02:06,PROD145,CUST211,Books,Credit Card,1895.57,8
ORD5957,1/21/24 15:27,PROD110,CUST555,Toys,Bank Transfer,736.37,2
ORD5958,1/13/24 22:54,PROD61,CUST644,Fashion,Credit Card,1893.73,1
ORD5959,09-07-2024 04:39,PROD106,CUST90,Toys,Cash,1692.85,2
ORD5960,07-04-2024 08:58,PROD166,CUST286,Electronics,PayPal,833.52,3
ORD5961,2/20/24 6:01,PROD195,CUST700,Toys,Cash,734.39,9
ORD5962,03-03-2024 17:37,PROD11,CUST147,Electronics,Bank Transfer,723.08,10
ORD5963,6/13/24 10:57,PROD9,CUST212,Books,Debit Card,1138.49,4
ORD5964,01-01-2024 20:55,PROD91,CUST406,Home Appliances,Bank Transfer,791.96,5
ORD5965,9/25/24 22:54,PROD92,CUST560,Electronics,PayPal,1709.9,5
ORD5966,03-06-2024 10:42,PROD200,CUST617,Electronics,Cash,773.02,1
ORD5967,01-07-2024 22:47,PROD186,CUST624,Books,Debit Card,467.71,4
ORD5968,09-08-2024 06:17,PROD119,CUST239,Home Appliances,Credit Card,1812.71,6
ORD5969,9/21/24 21:02,PROD180,CUST651,Home Appliances,Cash,1591.71,3
ORD5970,05-11-2024 12:02,PROD150,CUST996,Home Appliances,Bank Transfer,1123.21,10
ORD5971,7/31/24 11:24,PROD129,CUST903,Books,PayPal,1075.79,5
ORD5972,4/13/24 14:30,PROD71,CUST701,Electronics,Bank Transfer,1905.17,5
ORD5973,02-03-2024 18:43,PROD89,CUST966,Toys,Cash,31.21,8
ORD5974,10/19/24 5:08,PROD130,CUST986,Books,Credit Card,280.83,3
ORD5975,10/23/24 5:20,PROD18,CUST233,Electronics,Bank Transfer,747.63,6
ORD5976,2/26/24 6:45,PROD72,CUST488,Toys,Credit Card,616.27,10
ORD5977,10/25/24 19:58,PROD10,CUST743,Electronics,Debit Card,1836.45,6
ORD5978,02-07-2024 17:29,PROD73,CUST998,Books,PayPal,651.41,8
ORD5979,1/29/24 15:11,PROD75,CUST663,Fashion,Debit Card,282.39,9
ORD5980,9/20/24 2:19,PROD159,CUST231,Home Appliances,Debit Card,1484.62,2
ORD5981,11/13/24 16:20,PROD75,CUST888,Toys,Bank Transfer,758.94,5
ORD5982,07-06-2024 14:54,PROD141,CUST386,Toys,Debit Card,68.47,1
ORD5983,09-09-2024 00:48,PROD33,CUST185,Home Appliances,Debit Card,1352.17,3
ORD5984,03-05-2024 06:55,PROD13,CUST42,Electronics,Credit Card,1233.96,7
ORD5985,1/14/24 10:27,PROD160,CUST427,Fashion,Bank Transfer,1399.79,7
ORD5986,03-03-2024 20:51,PROD66,CUST747,Books,PayPal,973.47,4
ORD5987,7/20/24 20:52,PROD141,CUST182,Home Appliances,Bank Transfer,1200.88,4
ORD5988,07-11-2024 14:51,PROD122,CUST485,Home Appliances,Debit Card,264.37,1
ORD5989,07-12-2024 21:02,PROD61,CUST361,Toys,Cash,1152.06,1
ORD5990,04-04-2024 22:35,PROD138,CUST30,Home Appliances,Cash,1139.84,3
ORD5991,08-09-2024 08:37,PROD154,CUST495,Books,Credit Card,157.04,8
ORD5992,6/23/24 10:12,PROD32,CUST147,Electronics,Debit Card,1818.66,3
ORD5993,1/17/24 16:48,PROD39,CUST656,Books,Bank Transfer,1082.41,8
ORD5994,1/13/24 12:16,PROD19,CUST520,Books,Cash,1456.8,2
ORD5995,2/25/24 19:34,PROD96,CUST158,Electronics,Bank Transfer,1058.37,1
ORD5996,08-01-2024 16:44,PROD155,CUST86,Electronics,Cash,1370.77,7
ORD5997,04-01-2024 12:16,PROD10,CUST384,Fashion,Bank Transfer,1947.36,1
ORD5998,10-12-2024 01:31,PROD82,CUST177,Fashion,Bank Transfer,733.63,3
ORD5999,1/18/24 13:53,PROD151,CUST779,Home Appliances,Cash,1890.28,1
ORD6000,05-02-2024 22:09,PROD46,CUST517,Fashion,Cash,228.77,9
ORD6001,6/23/24 4:45,PROD125,CUST934,Toys,Cash,390.7,3
ORD6002,01-04-2024 03:22,PROD124,CUST231,Electronics,PayPal,859.78,10
ORD6003,8/24/24 0:09,PROD70,CUST980,Toys,Credit Card,1648.05,9
ORD6004,7/25/24 12:05,PROD61,CUST670,Home Appliances,Debit Card,497.03,5
ORD6005,07-04-2024 21:07,PROD144,CUST666,Fashion,Cash,1939.39,10
ORD6006,2/25/24 5:55,PROD21,CUST57,Books,Cash,295.42,7
ORD6007,10/26/24 16:33,PROD168,CUST215,Home Appliances,Debit Card,32.45,3
ORD6008,7/31/24 17:18,PROD31,CUST69,Home Appliances,Credit Card,26.8,7
ORD6009,7/27/24 3:57,PROD101,CUST213,Toys,Debit Card,1719.18,8
ORD6010,10-12-2024 22:37,PROD105,CUST291,Home Appliances,Debit Card,1935.88,5
ORD6011,7/25/24 12:55,PROD171,CUST465,Home Appliances,PayPal,102.81,7
ORD6012,05-01-2024 10:06,PROD50,CUST875,Electronics,Bank Transfer,83.83,2
ORD6013,1/14/24 9:32,PROD135,CUST720,Books,Cash,1439.41,10
ORD6014,4/24/24 22:04,PROD140,CUST674,Toys,Credit Card,1457.29,4
ORD6015,10-03-2024 15:13,PROD115,CUST814,Home Appliances,Debit Card,293.37,6
ORD6016,07-02-2024 23:35,PROD172,CUST907,Home Appliances,Cash,1824.28,1
ORD6017,7/15/24 12:17,PROD65,CUST585,Books,PayPal,268.51,9
ORD6018,08-03-2024 03:40,PROD190,CUST105,Home Appliances,Bank Transfer,855.03,6
ORD6019,6/20/24 3:34,PROD187,CUST131,Electronics,PayPal,901.51,1
ORD6020,1/22/24 4:30,PROD143,CUST339,Fashion,PayPal,350.64,1
ORD6021,9/14/24 23:45,PROD168,CUST107,Toys,Bank Transfer,222.67,4
ORD6022,06-01-2024 21:10,PROD183,CUST27,Electronics,Cash,348.91,8
ORD6023,3/28/24 8:47,PROD153,CUST829,Home Appliances,PayPal,1801.03,8
ORD6024,9/18/24 19:01,PROD44,CUST922,Home Appliances,Credit Card,1883.5,4
ORD6025,7/13/24 23:31,PROD49,CUST547,Toys,Credit Card,1339.99,5
ORD6026,7/25/24 7:36,PROD52,CUST262,Toys,Cash,884.65,5
ORD6027,06-05-2024 03:24,PROD153,CUST340,Toys,Debit Card,314.61,3
ORD6028,08-05-2024 15:01,PROD180,CUST31,Electronics,Credit Card,265.39,10
ORD6029,4/19/24 5:09,PROD67,CUST764,Electronics,Debit Card,139.13,7
ORD6030,07-04-2024 12:44,PROD194,CUST729,Home Appliances,Cash,886.63,10
ORD6031,03-10-2024 20:35,PROD182,CUST48,Home Appliances,Debit Card,1659.62,3
ORD6032,1/25/24 21:45,PROD39,CUST225,Toys,Bank Transfer,1649.49,10
ORD6033,4/30/24 3:37,PROD182,CUST725,Toys,Credit Card,904.41,10
ORD6034,10-12-2024 00:17,PROD153,CUST245,Books,Cash,353.69,8
ORD6035,03-07-2024 19:05,PROD10,CUST61,Books,Cash,855.87,4
ORD6036,4/18/24 19:49,PROD195,CUST121,Toys,Credit Card,1508.15,2
ORD6037,9/25/24 11:03,PROD172,CUST720,Toys,Bank Transfer,247.64,5
ORD6038,10/25/24 18:23,PROD197,CUST573,Home Appliances,PayPal,561.3,5
ORD6039,10/23/24 7:41,PROD86,CUST453,Fashion,Credit Card,1644.75,2
ORD6040,02-09-2024 12:00,PROD86,CUST651,Books,PayPal,711.12,9
ORD6041,04-07-2024 07:50,PROD196,CUST262,Toys,Credit Card,247.09,7
ORD6042,4/16/24 7:53,PROD170,CUST999,Fashion,Credit Card,1543.25,4
ORD6043,04-02-2024 07:18,PROD51,CUST807,Books,Cash,1500.92,4
ORD6044,03-02-2024 05:48,PROD190,CUST624,Toys,Bank Transfer,752.07,10
ORD6045,11-01-2024 06:36,PROD40,CUST46,Electronics,Debit Card,331.32,2
ORD6046,06-08-2024 14:06,PROD68,CUST916,Fashion,Cash,1028.99,1
ORD6047,02-11-2024 21:52,PROD32,CUST326,Fashion,Cash,149.66,6
ORD6048,2/22/24 16:27,PROD158,CUST35,Electronics,Credit Card,456.46,7
ORD6049,3/23/24 10:02,PROD198,CUST589,Toys,Credit Card,1732.09,9
ORD6050,8/13/24 14:22,PROD68,CUST104,Home Appliances,Bank Transfer,1516.08,6
ORD6051,4/28/24 4:58,PROD150,CUST458,Toys,Debit Card,271.94,6
ORD6052,01-06-2024 14:04,PROD87,CUST537,Books,Bank Transfer,305.81,9
ORD6053,3/31/24 12:04,PROD17,CUST11,Books,PayPal,880.2,1
ORD6054,10/21/24 9:58,PROD197,CUST322,Home Appliances,Debit Card,1917.42,5
ORD6055,5/20/24 17:58,PROD3,CUST551,Home Appliances,Credit Card,1114.36,9
ORD6056,3/20/24 11:56,PROD50,CUST220,Books,Bank Transfer,803.69,8
ORD6057,5/14/24 3:11,PROD8,CUST526,Books,Cash,744.75,5
ORD6058,10-03-2024 23:55,PROD85,CUST351,Electronics,Bank Transfer,476.31,7
ORD6059,7/25/24 19:50,PROD142,CUST673,Toys,Credit Card,183.15,1
ORD6060,1/26/24 8:24,PROD149,CUST692,Toys,PayPal,1538.24,10
ORD6061,03-01-2024 23:13,PROD22,CUST773,Toys,Bank Transfer,885.05,2
ORD6062,8/17/24 16:21,PROD87,CUST336,Toys,Cash,359.83,7
ORD6063,09-01-2024 19:23,PROD80,CUST526,Toys,Credit Card,209.2,5
ORD6064,8/14/24 9:37,PROD54,CUST758,Fashion,Cash,1168.3,8
ORD6065,6/29/24 10:55,PROD24,CUST134,Home Appliances,Debit Card,1298.82,10
ORD6066,08-12-2024 06:37,PROD96,CUST77,Electronics,Cash,528.04,6
ORD6067,04-09-2024 06:10,PROD17,CUST783,Books,PayPal,499.89,2
ORD6068,03-01-2024 08:02,PROD194,CUST911,Fashion,Credit Card,1396.58,7
ORD6069,4/28/24 14:34,PROD87,CUST824,Toys,Debit Card,846.49,4
ORD6070,7/14/24 14:32,PROD49,CUST857,Home Appliances,Bank Transfer,1445.64,9
ORD6071,9/17/24 1:28,PROD22,CUST239,Books,Bank Transfer,1993.89,4
ORD6072,02-01-2024 04:36,PROD195,CUST779,Fashion,PayPal,1297.47,8
ORD6073,4/23/24 3:49,PROD129,CUST198,Home Appliances,Cash,1099.12,3
ORD6074,10-05-2024 07:50,PROD145,CUST460,Electronics,PayPal,614.77,2
ORD6075,9/25/24 22:52,PROD177,CUST169,Electronics,Cash,1485.16,4
ORD6076,9/14/24 5:04,PROD150,CUST194,Toys,Credit Card,516.94,8
ORD6077,6/16/24 13:00,PROD32,CUST282,Toys,Cash,691.94,6
ORD6078,2/29/24 7:03,PROD28,CUST626,Books,Cash,1370.75,8
ORD6079,5/28/24 9:05,PROD110,CUST922,Home Appliances,Bank Transfer,693.06,1
ORD6080,6/22/24 4:29,PROD27,CUST825,Home Appliances,Debit Card,1375.69,9
ORD6081,10-09-2024 02:36,PROD31,CUST493,Fashion,Debit Card,1721.47,7
ORD6082,01-12-2024 01:33,PROD87,CUST942,Electronics,Credit Card,1496.48,8
ORD6083,9/18/24 21:15,PROD153,CUST595,Books,Bank Transfer,488.87,5
ORD6084,2/25/24 21:38,PROD45,CUST115,Books,Debit Card,897.25,4
ORD6085,7/16/24 3:24,PROD102,CUST742,Electronics,Debit Card,187.93,3
ORD6086,09-07-2024 15:28,PROD105,CUST376,Books,Debit Card,606.8,1
ORD6087,9/21/24 21:22,PROD30,CUST897,Books,Debit Card,1590.2,7
ORD6088,06-04-2024 17:11,PROD9,CUST384,Home Appliances,Credit Card,1572.82,1
ORD6089,3/20/24 1:15,PROD131,CUST718,Books,Credit Card,1276.78,10
ORD6090,7/16/24 2:08,PROD166,CUST532,Toys,PayPal,1422.43,5
ORD6091,11/13/24 7:59,PROD83,CUST379,Electronics,Debit Card,151.72,6
ORD6092,02-08-2024 00:42,PROD48,CUST272,Fashion,Bank Transfer,1047.39,9
ORD6093,10/24/24 15:56,PROD84,CUST139,Toys,Credit Card,1346.51,5
ORD6094,7/26/24 3:11,PROD81,CUST821,Books,PayPal,1188.56,5
ORD6095,01-10-2024 16:04,PROD194,CUST891,Home Appliances,Cash,415.03,5
ORD6096,10-02-2024 01:56,PROD178,CUST178,Home Appliances,Debit Card,1363.22,4
ORD6097,2/13/24 7:56,PROD118,CUST205,Books,PayPal,710.75,4
ORD6098,6/29/24 8:06,PROD49,CUST961,Books,Bank Transfer,1701.65,10
ORD6099,11-10-2024 19:09,PROD61,CUST427,Electronics,Debit Card,520.14,6
ORD6100,04-05-2024 09:13,PROD163,CUST386,Books,Cash,578.19,2
ORD6101,11-03-2024 21:10,PROD196,CUST217,Home Appliances,PayPal,1164.93,1
ORD6102,05-12-2024 20:44,PROD77,CUST788,Books,Bank Transfer,428.91,2
ORD6103,08-10-2024 16:59,PROD134,CUST715,Electronics,Credit Card,1709.01,6
ORD6104,10/24/24 15:50,PROD191,CUST451,Books,Credit Card,1332.11,3
ORD6105,10/20/24 23:45,PROD43,CUST943,Books,Debit Card,1983.1,10
ORD6106,9/21/24 5:59,PROD10,CUST193,Electronics,Bank Transfer,1907.62,7
ORD6107,3/20/24 5:51,PROD95,CUST383,Books,Cash,1363.93,1
ORD6108,10/21/24 23:03,PROD41,CUST503,Electronics,Cash,332.65,8
ORD6109,08-04-2024 18:27,PROD40,CUST305,Home Appliances,Cash,81.1,9
ORD6110,02-09-2024 13:34,PROD196,CUST146,Toys,Bank Transfer,1012.31,4
ORD6111,6/21/24 2:04,PROD92,CUST503,Fashion,PayPal,1439.9,3
ORD6112,10/15/24 5:17,PROD147,CUST740,Toys,Credit Card,1874.84,2
ORD6113,06-05-2024 20:34,PROD3,CUST347,Books,Bank Transfer,611.14,10
ORD6114,10-05-2024 03:13,PROD9,CUST681,Books,Bank Transfer,23.94,5
ORD6115,4/16/24 13:15,PROD187,CUST398,Books,Debit Card,286.7,2
ORD6116,1/26/24 17:36,PROD24,CUST580,Home Appliances,Debit Card,1306.73,7
ORD6117,02-04-2024 18:10,PROD99,CUST892,Books,PayPal,1896.27,10
ORD6118,09-09-2024 02:36,PROD45,CUST21,Electronics,Debit Card,319.45,10
ORD6119,7/26/24 18:23,PROD134,CUST734,Home Appliances,Bank Transfer,508.27,8
ORD6120,6/19/24 22:22,PROD115,CUST236,Home Appliances,Credit Card,1226.87,2
ORD6121,4/27/24 3:54,PROD14,CUST244,Books,Debit Card,851.88,7
ORD6122,1/25/24 11:54,PROD65,CUST601,Home Appliances,Cash,1184.27,4
ORD6123,06-01-2024 17:47,PROD3,CUST421,Electronics,Bank Transfer,790.3,4
ORD6124,09-05-2024 16:35,PROD10,CUST192,Electronics,Credit Card,1689.05,3
ORD6125,4/13/24 11:26,PROD187,CUST315,Books,PayPal,165.33,9
ORD6126,3/19/24 5:38,PROD91,CUST286,Electronics,Bank Transfer,1725.81,2
ORD6127,10-06-2024 02:55,PROD127,CUST730,Electronics,Credit Card,1024.19,1
ORD6128,2/27/24 12:41,PROD126,CUST796,Books,Credit Card,1294.51,5
ORD6129,08-03-2024 00:16,PROD127,CUST636,Toys,Bank Transfer,522.16,6
ORD6130,11-11-2024 17:17,PROD21,CUST673,Fashion,PayPal,1791.21,9
ORD6131,4/20/24 14:43,PROD148,CUST965,Home Appliances,Credit Card,1150.23,8
ORD6132,2/22/24 16:10,PROD45,CUST238,Books,Bank Transfer,1153.55,3
ORD6133,06-06-2024 00:53,PROD76,CUST16,Toys,Bank Transfer,919.58,1
ORD6134,5/14/24 2:29,PROD190,CUST940,Home Appliances,Cash,536.28,8
ORD6135,8/22/24 5:45,PROD168,CUST815,Toys,Credit Card,1831.09,7
ORD6136,10/21/24 12:19,PROD142,CUST815,Books,PayPal,720.56,6
ORD6137,8/15/24 22:42,PROD152,CUST112,Fashion,Cash,1806.15,4
ORD6138,1/29/24 13:51,PROD104,CUST747,Home Appliances,Debit Card,1543.89,5
ORD6139,7/16/24 5:02,PROD105,CUST742,Fashion,Bank Transfer,570.81,2
ORD6140,8/29/24 19:02,PROD20,CUST594,Toys,PayPal,212.39,4
ORD6141,5/16/24 3:48,PROD54,CUST424,Books,Bank Transfer,290.74,8
ORD6142,2/27/24 9:12,PROD106,CUST157,Books,PayPal,1167.89,2
ORD6143,4/24/24 12:03,PROD67,CUST41,Electronics,Cash,23.35,10
ORD6144,08-07-2024 03:23,PROD92,CUST458,Toys,Debit Card,691.13,1
ORD6145,09-07-2024 11:24,PROD135,CUST976,Fashion,Bank Transfer,405.77,5
ORD6146,9/20/24 4:18,PROD126,CUST247,Electronics,Debit Card,1322.36,5
ORD6147,2/28/24 15:24,PROD195,CUST848,Home Appliances,Bank Transfer,215.15,5
ORD6148,2/22/24 9:37,PROD17,CUST133,Books,Debit Card,1922.38,9
ORD6149,08-03-2024 19:23,PROD145,CUST160,Fashion,Cash,769.49,1
ORD6150,09-10-2024 21:02,PROD159,CUST923,Fashion,Debit Card,388.24,9
ORD6151,5/20/24 13:34,PROD166,CUST328,Fashion,Debit Card,542.97,9
ORD6152,8/31/24 18:20,PROD69,CUST453,Home Appliances,Bank Transfer,336.29,10
ORD6153,05-07-2024 15:06,PROD163,CUST934,Toys,Debit Card,238.57,1
ORD6154,02-06-2024 17:48,PROD134,CUST785,Books,Cash,1300.54,4
ORD6155,8/26/24 17:53,PROD2,CUST3,Electronics,PayPal,101.86,2
ORD6156,9/28/24 19:43,PROD129,CUST651,Fashion,Debit Card,1418.88,2
ORD6157,8/29/24 7:45,PROD157,CUST836,Toys,PayPal,58.87,6
ORD6158,02-03-2024 12:59,PROD128,CUST279,Fashion,Credit Card,1185.38,7
ORD6159,3/28/24 0:38,PROD85,CUST810,Toys,PayPal,645.39,8
ORD6160,04-11-2024 04:38,PROD82,CUST746,Home Appliances,Cash,1580.27,8
ORD6161,5/15/24 9:09,PROD136,CUST753,Books,Bank Transfer,1655.25,1
ORD6162,08-08-2024 20:58,PROD152,CUST473,Books,Credit Card,357.77,6
ORD6163,7/25/24 14:10,PROD95,CUST448,Fashion,Debit Card,1535.31,5
ORD6164,6/22/24 0:07,PROD103,CUST26,Fashion,Bank Transfer,1921.93,3
ORD6165,04-11-2024 01:10,PROD88,CUST6,Toys,PayPal,841.75,8
ORD6166,10/16/24 14:27,PROD58,CUST298,Home Appliances,Debit Card,1938.15,10
ORD6167,10/31/24 8:45,PROD80,CUST508,Fashion,Cash,1811.62,6
ORD6168,8/16/24 9:46,PROD35,CUST766,Electronics,Cash,1034.24,4
ORD6169,8/22/24 2:36,PROD111,CUST226,Toys,PayPal,316.6,7
ORD6170,1/30/24 16:18,PROD69,CUST588,Fashion,Debit Card,29.83,5
ORD6171,07-11-2024 04:13,PROD199,CUST620,Home Appliances,Debit Card,1662.58,10
ORD6172,4/16/24 3:31,PROD82,CUST415,Electronics,Bank Transfer,833.99,2
ORD6173,02-02-2024 10:30,PROD11,CUST635,Fashion,PayPal,36.22,10
ORD6174,7/17/24 5:09,PROD146,CUST759,Fashion,Credit Card,279.7,7
ORD6175,08-08-2024 18:50,PROD102,CUST741,Fashion,Cash,1229.79,2
ORD6176,11-10-2024 10:50,PROD169,CUST905,Fashion,Credit Card,1524.2,10
ORD6177,8/25/24 5:01,PROD85,CUST743,Books,PayPal,82.1,10
ORD6178,3/28/24 0:02,PROD18,CUST567,Books,Cash,1268.82,1
ORD6179,05-02-2024 14:35,PROD73,CUST796,Home Appliances,Cash,565.5,9
ORD6180,10/18/24 14:54,PROD9,CUST241,Electronics,Debit Card,1326.33,6
ORD6181,8/29/24 22:01,PROD159,CUST225,Books,PayPal,1231.63,8
ORD6182,8/15/24 4:02,PROD157,CUST820,Books,Credit Card,1067.86,10
ORD6183,10-04-2024 22:34,PROD154,CUST895,Toys,PayPal,351.22,7
ORD6184,04-02-2024 02:33,PROD9,CUST340,Books,PayPal,1812.61,4
ORD6185,1/13/24 9:57,PROD184,CUST397,Home Appliances,PayPal,1370.99,6
ORD6186,4/14/24 15:34,PROD129,CUST244,Fashion,Bank Transfer,573.65,1
ORD6187,07-05-2024 08:31,PROD60,CUST700,Fashion,Bank Transfer,733.31,1
ORD6188,1/14/24 3:28,PROD33,CUST471,Toys,Debit Card,1270.76,9
ORD6189,2/23/24 23:15,PROD166,CUST781,Books,Bank Transfer,900.17,8
ORD6190,3/23/24 18:24,PROD1,CUST408,Toys,Credit Card,391.23,3
ORD6191,09-05-2024 19:36,PROD117,CUST316,Electronics,Debit Card,1043.01,4
ORD6192,8/19/24 22:26,PROD70,CUST313,Fashion,Debit Card,34.3,6
ORD6193,10-10-2024 17:26,PROD1,CUST476,Home Appliances,Cash,508.53,7
ORD6194,6/16/24 11:47,PROD49,CUST701,Books,PayPal,659.84,2
ORD6195,3/16/24 1:35,PROD24,CUST341,Toys,Debit Card,838.52,8
ORD6196,5/27/24 12:31,PROD31,CUST256,Toys,Cash,841.37,1
ORD6197,4/23/24 1:15,PROD133,CUST538,Books,Debit Card,1287.58,9
ORD6198,7/25/24 16:22,PROD154,CUST900,Toys,Cash,1379.05,10
ORD6199,6/23/24 19:48,PROD91,CUST939,Electronics,Cash,887.94,10
ORD6200,6/15/24 6:35,PROD141,CUST533,Electronics,Cash,1514.37,7
ORD6201,8/27/24 16:01,PROD109,CUST366,Books,Cash,1682.12,2
ORD6202,5/16/24 5:51,PROD176,CUST796,Electronics,Debit Card,1145.09,2
ORD6203,7/17/24 12:52,PROD73,CUST946,Electronics,PayPal,1067.6,10
ORD6204,9/17/24 23:59,PROD188,CUST675,Toys,Credit Card,1099.09,10
ORD6205,06-02-2024 19:48,PROD125,CUST631,Fashion,PayPal,818.83,7
ORD6206,02-04-2024 07:36,PROD75,CUST426,Electronics,Bank Transfer,628.63,3
ORD6207,09-03-2024 03:34,PROD177,CUST598,Home Appliances,Credit Card,1540.53,10
ORD6208,9/28/24 12:08,PROD103,CUST428,Electronics,Cash,788.04,4
ORD6209,8/22/24 9:37,PROD15,CUST469,Fashion,Cash,1065.3,4
ORD6210,2/26/24 10:55,PROD136,CUST33,Toys,PayPal,237.85,5
ORD6211,3/16/24 3:54,PROD149,CUST139,Home Appliances,Bank Transfer,624.49,7
ORD6212,09-05-2024 07:25,PROD92,CUST277,Home Appliances,PayPal,1932.17,1
ORD6213,10/27/24 11:11,PROD167,CUST860,Toys,PayPal,1697.97,9
ORD6214,08-10-2024 12:46,PROD71,CUST457,Toys,Bank Transfer,1025.6,10
ORD6215,09-04-2024 05:15,PROD144,CUST485,Books,PayPal,1406.88,1
ORD6216,3/19/24 6:57,PROD125,CUST969,Toys,Bank Transfer,1704.46,8
ORD6217,7/15/24 3:22,PROD28,CUST229,Fashion,Cash,1283.27,6
ORD6218,10/16/24 11:49,PROD70,CUST478,Books,Bank Transfer,366.94,5
ORD6219,10/27/24 10:57,PROD15,CUST638,Fashion,Credit Card,189.64,7
ORD6220,9/20/24 5:05,PROD97,CUST156,Fashion,Bank Transfer,701.39,3
ORD6221,05-02-2024 01:02,PROD52,CUST891,Toys,PayPal,1406.68,4
ORD6222,4/22/24 2:30,PROD103,CUST823,Fashion,Bank Transfer,1636.59,6
ORD6223,05-02-2024 23:07,PROD163,CUST957,Home Appliances,Bank Transfer,1670.88,2
ORD6224,7/19/24 11:24,PROD96,CUST799,Home Appliances,Credit Card,658.23,2
ORD6225,7/18/24 11:57,PROD165,CUST603,Home Appliances,PayPal,228.19,2
ORD6226,5/15/24 10:29,PROD82,CUST824,Toys,Credit Card,357.71,3
ORD6227,2/16/24 5:02,PROD199,CUST91,Toys,PayPal,1611.33,3
ORD6228,08-07-2024 01:29,PROD197,CUST807,Electronics,Debit Card,430.89,4
ORD6229,1/28/24 2:41,PROD124,CUST665,Electronics,Credit Card,938.44,4
ORD6230,01-08-2024 03:56,PROD11,CUST559,Toys,Debit Card,944.11,2
ORD6231,10/28/24 20:25,PROD98,CUST131,Home Appliances,Bank Transfer,1293.85,1
ORD6232,7/21/24 7:37,PROD94,CUST285,Electronics,Bank Transfer,1598.43,4
ORD6233,4/16/24 3:31,PROD32,CUST373,Home Appliances,Cash,1119.87,1
ORD6234,6/27/24 5:10,PROD18,CUST974,Home Appliances,Credit Card,126.82,6
ORD6235,11-04-2024 17:59,PROD54,CUST854,Electronics,Debit Card,371.62,6
ORD6236,8/15/24 23:08,PROD105,CUST348,Electronics,Debit Card,601.77,6
ORD6237,03-09-2024 07:42,PROD40,CUST323,Fashion,Bank Transfer,1296.77,9
ORD6238,10/18/24 11:05,PROD31,CUST244,Toys,Debit Card,1648.41,8
ORD6239,02-02-2024 15:53,PROD86,CUST240,Books,Bank Transfer,1138.04,8
ORD6240,1/16/24 14:27,PROD44,CUST612,Fashion,Cash,804.48,7
ORD6241,04-03-2024 12:16,PROD121,CUST567,Toys,Debit Card,1175.77,4
ORD6242,07-08-2024 10:04,PROD3,CUST615,Fashion,Debit Card,1167.29,10
ORD6243,04-06-2024 08:23,PROD103,CUST733,Toys,Bank Transfer,291,10
ORD6244,04-03-2024 19:45,PROD43,CUST16,Toys,Credit Card,1316.08,8
ORD6245,03-01-2024 09:52,PROD56,CUST809,Fashion,Credit Card,1882.77,10
ORD6246,2/20/24 14:22,PROD130,CUST598,Books,PayPal,1385.23,7
ORD6247,4/17/24 17:17,PROD42,CUST319,Toys,Debit Card,1418.41,9
ORD6248,1/14/24 1:37,PROD104,CUST842,Home Appliances,Credit Card,1807.08,1
ORD6249,5/25/24 3:38,PROD55,CUST453,Toys,Cash,1415.11,9
ORD6250,10/26/24 18:12,PROD95,CUST683,Fashion,PayPal,1244.31,4
ORD6251,11-11-2024 07:39,PROD141,CUST232,Fashion,Debit Card,941.86,2
ORD6252,4/28/24 19:34,PROD95,CUST685,Fashion,Debit Card,928.86,4
ORD6253,5/25/24 5:09,PROD76,CUST198,Electronics,Debit Card,683.22,9
ORD6254,5/31/24 6:50,PROD4,CUST743,Fashion,Cash,1398.59,4
ORD6255,09-10-2024 12:35,PROD34,CUST26,Electronics,Credit Card,1021.14,6
ORD6256,11/16/24 0:44,PROD140,CUST841,Electronics,Bank Transfer,234.09,9
ORD6257,04-11-2024 10:13,PROD196,CUST262,Home Appliances,Cash,1383.75,9
ORD6258,7/25/24 8:17,PROD159,CUST605,Electronics,Cash,1890.7,7
ORD6259,5/23/24 22:29,PROD56,CUST434,Books,Credit Card,1983.68,10
ORD6260,3/23/24 5:40,PROD30,CUST211,Toys,Debit Card,413.77,1
ORD6261,8/29/24 0:26,PROD174,CUST56,Books,Cash,1564.63,6
ORD6262,03-10-2024 02:19,PROD61,CUST100,Books,Bank Transfer,482.16,7
ORD6263,5/14/24 21:49,PROD195,CUST760,Home Appliances,Debit Card,1611.63,6
ORD6264,01-01-2024 11:42,PROD184,CUST662,Home Appliances,PayPal,757.39,6
ORD6265,1/17/24 4:12,PROD10,CUST483,Electronics,Cash,1667.47,4
ORD6266,4/20/24 16:52,PROD31,CUST443,Home Appliances,Cash,222.27,9
ORD6267,04-08-2024 09:59,PROD80,CUST424,Books,Credit Card,1170.11,1
ORD6268,06-10-2024 16:38,PROD14,CUST578,Home Appliances,Debit Card,1613.68,2
ORD6269,10/31/24 0:23,PROD125,CUST284,Fashion,Credit Card,1041.85,2
ORD6270,6/28/24 17:05,PROD147,CUST509,Fashion,Credit Card,1948.79,4
ORD6271,2/24/24 12:12,PROD62,CUST905,Books,Credit Card,712.67,9
ORD6272,11/15/24 8:13,PROD141,CUST493,Books,Cash,1164.09,1
ORD6273,4/28/24 22:38,PROD98,CUST144,Toys,PayPal,777.48,6
ORD6274,10/26/24 1:06,PROD11,CUST412,Home Appliances,Cash,1253.74,8
ORD6275,02-11-2024 08:58,PROD41,CUST204,Books,PayPal,422.5,10
ORD6276,3/21/24 11:51,PROD181,CUST731,Electronics,Bank Transfer,1855.92,9
ORD6277,02-02-2024 10:52,PROD179,CUST168,Fashion,PayPal,1941.4,8
ORD6278,08-04-2024 19:40,PROD165,CUST540,Toys,Credit Card,1208.05,10
ORD6279,7/26/24 9:37,PROD142,CUST711,Toys,PayPal,1185.48,9
ORD6280,1/29/24 10:32,PROD167,CUST878,Home Appliances,Credit Card,642.45,4
ORD6281,6/13/24 8:47,PROD190,CUST192,Home Appliances,PayPal,879.91,4
ORD6282,3/25/24 11:09,PROD192,CUST316,Books,Cash,606.13,2
ORD6283,5/20/24 1:11,PROD49,CUST208,Home Appliances,Cash,1568.74,7
ORD6284,1/19/24 7:42,PROD171,CUST168,Electronics,Credit Card,453.32,8
ORD6285,5/20/24 16:18,PROD116,CUST845,Home Appliances,PayPal,1268.49,1
ORD6286,01-03-2024 17:10,PROD107,CUST740,Toys,Debit Card,1796.88,8
ORD6287,3/24/24 23:01,PROD145,CUST406,Fashion,Bank Transfer,1694.82,3
ORD6288,10/20/24 9:21,PROD13,CUST283,Toys,Cash,1353.19,2
ORD6289,04-10-2024 16:57,PROD157,CUST152,Home Appliances,Credit Card,519.47,5
ORD6290,4/20/24 19:16,PROD9,CUST450,Fashion,Cash,1333.37,8
ORD6291,4/26/24 3:10,PROD139,CUST632,Home Appliances,PayPal,1117.76,1
ORD6292,10/16/24 2:35,PROD82,CUST292,Fashion,Cash,1479.66,4
ORD6293,10/30/24 9:34,PROD15,CUST219,Toys,Credit Card,199.44,10
ORD6294,4/14/24 10:36,PROD54,CUST384,Electronics,Debit Card,1207.65,1
ORD6295,9/21/24 19:09,PROD172,CUST47,Electronics,PayPal,1957.12,7
ORD6296,06-06-2024 05:56,PROD190,CUST669,Electronics,Bank Transfer,791.85,4
ORD6297,5/25/24 9:01,PROD56,CUST934,Home Appliances,Debit Card,906,8
ORD6298,1/13/24 17:44,PROD154,CUST84,Fashion,PayPal,335.51,1
ORD6299,11-06-2024 13:34,PROD28,CUST504,Home Appliances,PayPal,1433.31,3
ORD6300,3/13/24 21:20,PROD106,CUST682,Toys,Cash,1513.99,2
ORD6301,8/14/24 21:41,PROD57,CUST719,Fashion,PayPal,182.54,9
ORD6302,05-11-2024 17:34,PROD41,CUST473,Fashion,Debit Card,1511.11,8
ORD6303,4/21/24 13:01,PROD43,CUST784,Electronics,Debit Card,946.59,6
ORD6304,5/24/24 0:05,PROD139,CUST120,Toys,PayPal,1158.22,6
ORD6305,03-01-2024 08:26,PROD97,CUST846,Electronics,Bank Transfer,397.43,3
ORD6306,1/26/24 6:29,PROD66,CUST454,Books,Credit Card,1156.48,5
ORD6307,05-03-2024 12:49,PROD29,CUST814,Toys,Debit Card,1296.14,10
ORD6308,7/13/24 20:58,PROD157,CUST260,Books,Credit Card,949.74,1
ORD6309,07-06-2024 19:10,PROD9,CUST903,Home Appliances,Bank Transfer,1601.85,8
ORD6310,9/28/24 9:29,PROD82,CUST518,Fashion,Bank Transfer,908.21,3
ORD6311,04-08-2024 23:46,PROD135,CUST545,Books,Debit Card,1941.37,6
ORD6312,08-05-2024 10:38,PROD193,CUST489,Toys,Bank Transfer,721.64,5
ORD6313,3/23/24 16:11,PROD157,CUST789,Fashion,Debit Card,1211.93,9
ORD6314,06-04-2024 08:34,PROD62,CUST90,Home Appliances,Debit Card,542.36,2
ORD6315,2/22/24 10:56,PROD100,CUST773,Toys,Debit Card,231.9,3
ORD6316,7/16/24 6:53,PROD58,CUST710,Fashion,PayPal,1873.31,7
ORD6317,08-04-2024 00:01,PROD19,CUST650,Home Appliances,Debit Card,1625.27,9
ORD6318,5/16/24 21:06,PROD34,CUST953,Fashion,PayPal,1133.16,9
ORD6319,02-04-2024 06:26,PROD22,CUST544,Home Appliances,Bank Transfer,1795.21,3
ORD6320,6/25/24 4:38,PROD67,CUST855,Fashion,Bank Transfer,1217.89,1
ORD6321,01-12-2024 06:09,PROD17,CUST955,Toys,PayPal,1919.47,2
ORD6322,1/24/24 17:32,PROD140,CUST739,Toys,Debit Card,1298.47,10
ORD6323,04-08-2024 21:54,PROD197,CUST175,Electronics,Bank Transfer,399.02,1
ORD6324,11-09-2024 13:50,PROD60,CUST196,Electronics,PayPal,1392.09,2
ORD6325,09-06-2024 21:00,PROD7,CUST279,Electronics,Bank Transfer,307.6,2
ORD6326,8/31/24 6:59,PROD157,CUST330,Home Appliances,Debit Card,620.96,5
ORD6327,05-11-2024 01:15,PROD91,CUST570,Books,Bank Transfer,433.53,5
ORD6328,10/14/24 1:00,PROD172,CUST890,Home Appliances,Bank Transfer,629.03,10
ORD6329,7/17/24 8:45,PROD188,CUST751,Fashion,Debit Card,1632.61,8
ORD6330,10/20/24 0:03,PROD147,CUST616,Home Appliances,Debit Card,1713.5,10
ORD6331,07-05-2024 11:12,PROD39,CUST137,Electronics,Bank Transfer,1776.38,9
ORD6332,8/24/24 12:41,PROD130,CUST697,Books,Bank Transfer,1993.7,7
ORD6333,4/20/24 17:10,PROD16,CUST158,Electronics,Bank Transfer,912.36,3
ORD6334,9/30/24 7:51,PROD118,CUST48,Electronics,Cash,1997.8,8
ORD6335,10/17/24 7:20,PROD66,CUST10,Electronics,Debit Card,1833.7,7
ORD6336,4/24/24 1:00,PROD13,CUST238,Books,Debit Card,778.02,4
ORD6337,2/24/24 3:08,PROD132,CUST115,Fashion,PayPal,1465.59,7
ORD6338,01-04-2024 21:47,PROD47,CUST107,Electronics,Cash,1052.84,1
ORD6339,05-06-2024 07:31,PROD129,CUST591,Home Appliances,Cash,1722.14,6
ORD6340,11-04-2024 17:50,PROD175,CUST722,Books,PayPal,1210.98,6
ORD6341,10/26/24 23:08,PROD20,CUST227,Electronics,Bank Transfer,802.87,3
ORD6342,7/27/24 4:01,PROD158,CUST682,Toys,Credit Card,23.25,10
ORD6343,06-05-2024 14:48,PROD178,CUST6,Toys,Credit Card,1902.66,8
ORD6344,09-12-2024 21:06,PROD94,CUST452,Toys,Credit Card,522.43,4
ORD6345,01-04-2024 11:42,PROD60,CUST84,Electronics,Debit Card,1880.03,8
ORD6346,03-10-2024 19:47,PROD9,CUST725,Home Appliances,Bank Transfer,698.54,7
ORD6347,2/25/24 4:20,PROD48,CUST75,Electronics,Bank Transfer,1927.76,6
ORD6348,10/25/24 16:25,PROD73,CUST803,Electronics,Debit Card,1529.51,10
ORD6349,8/22/24 12:54,PROD56,CUST471,Toys,Bank Transfer,784.32,8
ORD6350,8/28/24 19:50,PROD192,CUST422,Fashion,Credit Card,1719.77,10
ORD6351,10/21/24 13:37,PROD183,CUST565,Toys,Cash,1138.43,5
ORD6352,10-12-2024 13:00,PROD162,CUST13,Books,Credit Card,622.58,5
ORD6353,2/20/24 22:16,PROD93,CUST643,Toys,Debit Card,1870.18,5
ORD6354,06-10-2024 16:06,PROD182,CUST230,Home Appliances,Cash,286.77,7
ORD6355,1/28/24 1:41,PROD129,CUST191,Fashion,Cash,1212.74,8
ORD6356,07-03-2024 17:32,PROD51,CUST801,Books,Bank Transfer,329.16,10
ORD6357,7/17/24 20:25,PROD137,CUST661,Electronics,Debit Card,1064,3
ORD6358,1/20/24 4:44,PROD70,CUST830,Electronics,Cash,981.63,7
ORD6359,8/24/24 3:28,PROD123,CUST775,Electronics,PayPal,452.19,2
ORD6360,8/17/24 10:40,PROD112,CUST712,Toys,Cash,1669.28,3
ORD6361,1/31/24 9:01,PROD122,CUST684,Books,PayPal,809.17,4
ORD6362,8/13/24 11:54,PROD119,CUST103,Books,Debit Card,1173.06,9
ORD6363,07-06-2024 05:17,PROD9,CUST176,Fashion,Bank Transfer,42.65,9
ORD6364,5/29/24 21:28,PROD135,CUST170,Toys,PayPal,1297.28,3
ORD6365,7/16/24 22:56,PROD94,CUST11,Electronics,Bank Transfer,477.16,4
ORD6366,1/28/24 17:55,PROD161,CUST578,Toys,PayPal,807.92,9
ORD6367,06-08-2024 01:11,PROD13,CUST846,Books,Debit Card,443.1,1
ORD6368,08-07-2024 00:34,PROD93,CUST249,Electronics,Credit Card,568.35,8
ORD6369,11-02-2024 12:22,PROD187,CUST877,Toys,PayPal,734.93,3
ORD6370,11-05-2024 21:46,PROD72,CUST309,Books,Bank Transfer,1219.49,10
ORD6371,03-08-2024 17:58,PROD47,CUST67,Fashion,Credit Card,241.39,3
ORD6372,10-04-2024 09:59,PROD19,CUST256,Toys,Debit Card,821.37,9
ORD6373,11-05-2024 14:41,PROD55,CUST953,Home Appliances,Credit Card,1371.22,5
ORD6374,02-10-2024 15:25,PROD160,CUST965,Electronics,Debit Card,1045.25,7
ORD6375,9/28/24 17:45,PROD138,CUST698,Books,Cash,1099.28,8
ORD6376,04-05-2024 21:47,PROD17,CUST802,Fashion,PayPal,694.77,9
ORD6377,01-04-2024 07:01,PROD92,CUST603,Toys,Bank Transfer,1415.6,7
ORD6378,01-09-2024 00:22,PROD105,CUST359,Books,Credit Card,1056.69,7
ORD6379,5/28/24 10:26,PROD34,CUST589,Home Appliances,PayPal,1255.43,5
ORD6380,09-10-2024 19:13,PROD33,CUST47,Fashion,Debit Card,1099.12,8
ORD6381,04-02-2024 06:16,PROD25,CUST470,Fashion,Credit Card,543.41,6
ORD6382,2/22/24 15:22,PROD82,CUST669,Books,Cash,534,1
ORD6383,6/26/24 11:27,PROD98,CUST262,Toys,PayPal,24,3
ORD6384,5/23/24 21:22,PROD89,CUST693,Electronics,Debit Card,1169.5,9
ORD6385,03-04-2024 01:31,PROD143,CUST524,Home Appliances,Debit Card,1774.04,4
ORD6386,1/20/24 22:33,PROD154,CUST914,Books,Debit Card,247.09,2
ORD6387,10-12-2024 01:57,PROD47,CUST592,Home Appliances,PayPal,208.34,5
ORD6388,8/16/24 22:18,PROD62,CUST98,Fashion,PayPal,1423.67,9
ORD6389,6/22/24 1:25,PROD100,CUST512,Books,Bank Transfer,761.78,9
ORD6390,5/15/24 1:12,PROD118,CUST738,Home Appliances,Cash,523.67,8
ORD6391,7/18/24 18:59,PROD168,CUST999,Books,Debit Card,1895.91,7
ORD6392,2/15/24 10:36,PROD166,CUST358,Fashion,Debit Card,415.2,10
ORD6393,07-03-2024 03:53,PROD96,CUST568,Electronics,Debit Card,175.09,7
ORD6394,06-05-2024 16:24,PROD169,CUST213,Home Appliances,Cash,1215.58,8
ORD6395,01-07-2024 17:06,PROD29,CUST389,Home Appliances,Debit Card,1698.15,1
ORD6396,6/21/24 2:33,PROD45,CUST704,Electronics,Cash,979.04,4
ORD6397,02-04-2024 21:55,PROD172,CUST6,Electronics,Debit Card,36.41,6
ORD6398,09-09-2024 15:38,PROD117,CUST345,Toys,Cash,1487.75,9
ORD6399,4/13/24 6:55,PROD31,CUST885,Books,Cash,1660.63,3
ORD6400,3/31/24 12:43,PROD168,CUST945,Home Appliances,PayPal,1998.36,7
ORD6401,01-12-2024 08:15,PROD191,CUST302,Books,Credit Card,1438.71,6
ORD6402,11-08-2024 17:38,PROD178,CUST667,Electronics,Bank Transfer,1008.1,7
ORD6403,3/21/24 21:49,PROD32,CUST327,Toys,Bank Transfer,750.53,8
ORD6404,5/30/24 8:27,PROD188,CUST751,Home Appliances,Credit Card,1342.94,5
ORD6405,3/27/24 5:05,PROD106,CUST446,Electronics,Credit Card,1266.56,7
ORD6406,8/21/24 21:22,PROD92,CUST556,Home Appliances,Bank Transfer,1172.98,6
ORD6407,5/13/24 1:32,PROD26,CUST157,Books,Credit Card,484.53,6
ORD6408,10/17/24 10:02,PROD178,CUST621,Toys,Bank Transfer,1625.96,7
ORD6409,7/18/24 6:06,PROD62,CUST72,Electronics,Cash,62.95,2
ORD6410,5/26/24 1:48,PROD125,CUST646,Fashion,Cash,475.01,4
ORD6411,6/21/24 6:18,PROD141,CUST145,Fashion,PayPal,1604.85,6
ORD6412,09-09-2024 16:17,PROD181,CUST216,Toys,Credit Card,219.73,2
ORD6413,9/19/24 5:59,PROD88,CUST527,Toys,PayPal,769.21,1
ORD6414,3/27/24 22:09,PROD34,CUST121,Books,Cash,1732.66,5
ORD6415,01-09-2024 09:57,PROD33,CUST782,Toys,Debit Card,1543.46,8
ORD6416,4/21/24 15:59,PROD100,CUST345,Toys,Credit Card,736.48,9
ORD6417,03-11-2024 10:59,PROD172,CUST871,Fashion,Debit Card,1864.75,6
ORD6418,07-02-2024 16:43,PROD183,CUST937,Fashion,Debit Card,1074.43,3
ORD6419,10/19/24 9:27,PROD170,CUST14,Books,Bank Transfer,1214.88,1
ORD6420,04-12-2024 21:01,PROD79,CUST844,Electronics,PayPal,994.4,9
ORD6421,10-04-2024 19:36,PROD73,CUST119,Books,Debit Card,1540.85,4
ORD6422,3/18/24 13:47,PROD158,CUST332,Books,PayPal,698.31,9
ORD6423,05-02-2024 16:17,PROD113,CUST243,Fashion,Credit Card,1382.43,6
ORD6424,9/29/24 12:36,PROD158,CUST214,Electronics,PayPal,96.69,1
ORD6425,3/27/24 11:48,PROD3,CUST589,Fashion,Credit Card,1906.92,2
ORD6426,8/25/24 11:42,PROD120,CUST955,Fashion,PayPal,1770.65,10
ORD6427,08-02-2024 01:52,PROD177,CUST98,Electronics,Bank Transfer,1249.39,5
ORD6428,11-10-2024 13:34,PROD21,CUST467,Toys,Cash,375.39,2
ORD6429,10/21/24 23:37,PROD37,CUST390,Books,Debit Card,678.51,2
ORD6430,9/20/24 6:48,PROD122,CUST734,Home Appliances,Debit Card,1346.56,1
ORD6431,07-07-2024 17:34,PROD146,CUST267,Books,Credit Card,472.07,6
ORD6432,10/17/24 15:01,PROD171,CUST937,Books,PayPal,1483.73,5
ORD6433,8/31/24 19:39,PROD45,CUST673,Fashion,Cash,1564.41,3
ORD6434,06-07-2024 03:06,PROD189,CUST290,Fashion,Credit Card,1628.3,5
ORD6435,09-09-2024 16:13,PROD128,CUST500,Electronics,PayPal,539.76,3
ORD6436,1/13/24 2:37,PROD13,CUST826,Fashion,Credit Card,391.08,8
ORD6437,06-04-2024 20:07,PROD151,CUST532,Electronics,Credit Card,687.13,1
ORD6438,1/16/24 13:03,PROD36,CUST668,Toys,Credit Card,1026.39,3
ORD6439,03-09-2024 10:41,PROD192,CUST131,Books,Bank Transfer,1594.37,4
ORD6440,10-05-2024 05:15,PROD71,CUST794,Home Appliances,PayPal,309.11,9
ORD6441,09-10-2024 17:37,PROD91,CUST148,Fashion,Debit Card,1429.07,2
ORD6442,04-08-2024 08:58,PROD127,CUST489,Books,Debit Card,825.84,7
ORD6443,4/21/24 13:12,PROD42,CUST693,Fashion,Cash,1865.8,8
ORD6444,07-08-2024 20:43,PROD5,CUST970,Home Appliances,Cash,1990.92,4
ORD6445,10/24/24 18:52,PROD123,CUST86,Fashion,PayPal,677.23,5
ORD6446,7/23/24 0:52,PROD43,CUST408,Books,Cash,1954.09,5
ORD6447,10/20/24 18:41,PROD80,CUST303,Toys,Credit Card,243.16,3
ORD6448,3/21/24 13:27,PROD150,CUST133,Books,Debit Card,1875.35,1
ORD6449,04-02-2024 23:26,PROD48,CUST520,Electronics,Bank Transfer,808.35,5
ORD6450,3/16/24 5:15,PROD135,CUST919,Toys,Debit Card,277.63,10
ORD6451,06-08-2024 00:44,PROD32,CUST787,Fashion,Bank Transfer,1026.44,3
ORD6452,3/17/24 6:37,PROD185,CUST102,Books,PayPal,1902.33,9
ORD6453,08-09-2024 12:44,PROD184,CUST678,Toys,Credit Card,958.45,10
ORD6454,5/19/24 3:25,PROD63,CUST145,Electronics,Bank Transfer,457.88,10
ORD6455,10/14/24 0:03,PROD104,CUST622,Electronics,Credit Card,1144.3,8
ORD6456,8/28/24 7:27,PROD21,CUST230,Electronics,Debit Card,1610.11,2
ORD6457,05-07-2024 21:51,PROD101,CUST988,Toys,Bank Transfer,438.77,7
ORD6458,10/15/24 0:01,PROD125,CUST296,Fashion,Debit Card,925.47,5
ORD6459,6/25/24 3:07,PROD161,CUST637,Home Appliances,Bank Transfer,891.66,8
ORD6460,02-10-2024 07:40,PROD54,CUST916,Toys,Credit Card,686.81,5
ORD6461,11/17/24 1:25,PROD12,CUST554,Fashion,PayPal,1361.02,7
ORD6462,7/26/24 9:54,PROD97,CUST152,Electronics,Credit Card,1931.35,1
ORD6463,9/26/24 8:34,PROD167,CUST443,Books,Credit Card,768.91,8
ORD6464,7/17/24 4:36,PROD47,CUST723,Fashion,Bank Transfer,540.36,5
ORD6465,07-12-2024 20:53,PROD11,CUST326,Electronics,Credit Card,1069.68,9
ORD6466,11-09-2024 21:59,PROD15,CUST576,Toys,PayPal,1801.6,1
ORD6467,5/24/24 4:02,PROD146,CUST773,Fashion,Credit Card,1222.11,4
ORD6468,5/21/24 22:17,PROD122,CUST951,Toys,PayPal,366.45,7
ORD6469,11-08-2024 08:31,PROD88,CUST379,Electronics,Bank Transfer,93.97,1
ORD6470,7/17/24 3:05,PROD140,CUST991,Home Appliances,Credit Card,1319.9,9
ORD6471,11/14/24 8:47,PROD146,CUST701,Toys,Debit Card,462.56,5
ORD6472,6/24/24 18:48,PROD149,CUST297,Home Appliances,Credit Card,1269.86,7
ORD6473,11-12-2024 16:16,PROD195,CUST450,Toys,Bank Transfer,113.99,9
ORD6474,03-03-2024 07:44,PROD125,CUST677,Books,Cash,146.02,10
ORD6475,10/28/24 1:38,PROD97,CUST566,Electronics,Cash,434.76,1
ORD6476,08-03-2024 03:07,PROD154,CUST48,Electronics,Bank Transfer,933.98,4
ORD6477,10-08-2024 21:31,PROD60,CUST534,Toys,PayPal,548.17,4
ORD6478,09-07-2024 21:54,PROD190,CUST470,Electronics,Credit Card,1593.55,2
ORD6479,08-04-2024 18:49,PROD119,CUST632,Fashion,PayPal,1334.51,3
ORD6480,02-07-2024 18:36,PROD32,CUST878,Home Appliances,Credit Card,1250.52,1
ORD6481,02-07-2024 01:25,PROD104,CUST120,Books,Credit Card,1184.01,7
ORD6482,5/16/24 6:52,PROD28,CUST573,Electronics,Bank Transfer,652.32,2
ORD6483,07-12-2024 05:45,PROD142,CUST634,Electronics,Bank Transfer,221.52,9
ORD6484,9/26/24 3:25,PROD129,CUST132,Fashion,Credit Card,1860.37,1
ORD6485,6/14/24 13:42,PROD142,CUST697,Home Appliances,Credit Card,1606.61,10
ORD6486,11-11-2024 08:51,PROD70,CUST74,Toys,PayPal,462.96,7
ORD6487,05-01-2024 18:12,PROD177,CUST79,Home Appliances,Cash,1275.11,7
ORD6488,09-12-2024 18:32,PROD195,CUST11,Home Appliances,Bank Transfer,1511.31,1
ORD6489,05-01-2024 15:08,PROD200,CUST559,Electronics,Debit Card,230.93,1
ORD6490,4/14/24 1:06,PROD116,CUST360,Fashion,Cash,774.83,9
ORD6491,7/24/24 0:20,PROD51,CUST512,Electronics,Bank Transfer,844.11,9
ORD6492,11-02-2024 23:15,PROD193,CUST972,Toys,Cash,849.92,7
ORD6493,8/21/24 5:30,PROD98,CUST759,Electronics,PayPal,732.47,9
ORD6494,2/22/24 22:32,PROD180,CUST60,Home Appliances,Bank Transfer,1498,9
ORD6495,11-12-2024 11:00,PROD19,CUST691,Home Appliances,PayPal,132.36,7
ORD6496,4/21/24 16:55,PROD166,CUST694,Books,Debit Card,1233.14,10
ORD6497,4/28/24 20:30,PROD37,CUST481,Electronics,Debit Card,1558.29,3
ORD6498,02-10-2024 05:32,PROD69,CUST227,Electronics,Cash,1640.2,9
ORD6499,5/24/24 13:45,PROD96,CUST342,Toys,Bank Transfer,1198.24,4
ORD6500,7/21/24 0:09,PROD117,CUST495,Toys,Bank Transfer,283.79,2
ORD6501,08-11-2024 00:39,PROD80,CUST353,Electronics,PayPal,1972.22,4
ORD6502,05-09-2024 11:14,PROD200,CUST894,Fashion,PayPal,267.85,8
ORD6503,4/17/24 12:08,PROD190,CUST553,Books,PayPal,97.84,1
ORD6504,2/26/24 3:05,PROD15,CUST503,Home Appliances,PayPal,1938.83,7
ORD6505,3/31/24 20:14,PROD2,CUST119,Electronics,Debit Card,1169.64,10
ORD6506,9/14/24 9:15,PROD109,CUST73,Electronics,Bank Transfer,1089.7,9
ORD6507,05-05-2024 19:52,PROD145,CUST152,Fashion,Cash,1396.56,9
ORD6508,1/25/24 6:08,PROD68,CUST857,Electronics,PayPal,133.34,9
ORD6509,11-08-2024 13:29,PROD167,CUST861,Electronics,PayPal,297.39,7
ORD6510,04-08-2024 01:35,PROD101,CUST755,Fashion,Debit Card,1527.01,3
ORD6511,8/30/24 5:47,PROD32,CUST80,Home Appliances,Debit Card,1214.32,1
ORD6512,8/13/24 16:50,PROD139,CUST144,Home Appliances,Cash,55.63,9
ORD6513,09-02-2024 17:58,PROD6,CUST712,Books,Credit Card,1614.14,7
ORD6514,9/24/24 13:24,PROD143,CUST320,Home Appliances,Cash,1215.76,4
ORD6515,1/25/24 20:23,PROD169,CUST983,Toys,Debit Card,1650.59,6
ORD6516,1/17/24 9:25,PROD88,CUST907,Books,Cash,1967.51,1
ORD6517,02-02-2024 04:51,PROD69,CUST947,Books,Debit Card,1597.09,3
ORD6518,04-04-2024 19:17,PROD42,CUST279,Fashion,Cash,1819.45,8
ORD6519,02-02-2024 01:25,PROD75,CUST942,Toys,Credit Card,511.48,10
ORD6520,10/16/24 20:41,PROD52,CUST541,Toys,Bank Transfer,1810.23,9
ORD6521,8/23/24 19:15,PROD164,CUST243,Home Appliances,PayPal,489.78,4
ORD6522,03-07-2024 04:28,PROD168,CUST915,Home Appliances,PayPal,1839.1,2
ORD6523,10/23/24 19:59,PROD84,CUST39,Home Appliances,PayPal,1195.33,4
ORD6524,6/23/24 10:40,PROD64,CUST938,Toys,Debit Card,914.21,10
ORD6525,4/26/24 9:51,PROD3,CUST100,Toys,Cash,1060.44,7
ORD6526,09-09-2024 07:54,PROD162,CUST151,Toys,PayPal,335.18,5
ORD6527,7/25/24 10:45,PROD24,CUST941,Home Appliances,Bank Transfer,1941.49,3
ORD6528,09-12-2024 18:01,PROD8,CUST238,Electronics,PayPal,1902.93,6
ORD6529,10-03-2024 03:27,PROD119,CUST460,Home Appliances,Bank Transfer,850.56,8
ORD6530,8/27/24 20:29,PROD57,CUST302,Fashion,Debit Card,272.33,6
ORD6531,04-11-2024 05:54,PROD32,CUST276,Electronics,Bank Transfer,184.35,4
ORD6532,10-06-2024 03:52,PROD14,CUST260,Toys,Debit Card,1613.85,9
ORD6533,11/16/24 0:27,PROD4,CUST907,Toys,Credit Card,63.6,9
ORD6534,03-03-2024 15:47,PROD123,CUST677,Fashion,Bank Transfer,1462.62,7
ORD6535,5/16/24 23:48,PROD175,CUST31,Books,Bank Transfer,204.62,6
ORD6536,9/16/24 19:58,PROD35,CUST354,Books,Debit Card,1899.49,6
ORD6537,6/22/24 21:16,PROD98,CUST965,Fashion,Cash,1188.02,3
ORD6538,6/19/24 19:15,PROD138,CUST638,Electronics,Cash,1099.91,6
ORD6539,7/20/24 8:24,PROD44,CUST682,Books,Cash,1791.99,7
ORD6540,08-02-2024 20:23,PROD68,CUST494,Toys,Debit Card,920.64,7
ORD6541,04-09-2024 20:58,PROD21,CUST187,Books,Bank Transfer,1561.03,7
ORD6542,4/28/24 22:12,PROD195,CUST921,Toys,Credit Card,1695.12,10
ORD6543,7/30/24 15:01,PROD153,CUST164,Books,Cash,1133.37,3
ORD6544,8/13/24 21:44,PROD41,CUST378,Books,Bank Transfer,1621.95,8
ORD6545,4/26/24 1:01,PROD99,CUST626,Fashion,Cash,1223.37,1
ORD6546,3/26/24 8:19,PROD80,CUST372,Home Appliances,Bank Transfer,630.63,8
ORD6547,10/22/24 0:10,PROD94,CUST287,Fashion,Credit Card,1016.39,10
ORD6548,08-12-2024 10:34,PROD25,CUST565,Toys,Credit Card,1682.3,5
ORD6549,3/13/24 10:54,PROD153,CUST1000,Books,Credit Card,310.18,1
ORD6550,02-08-2024 12:44,PROD39,CUST803,Toys,PayPal,694.18,7
ORD6551,07-02-2024 00:25,PROD35,CUST280,Books,Cash,192.36,2
ORD6552,03-04-2024 06:33,PROD66,CUST568,Books,Cash,1854.3,5
ORD6553,9/19/24 15:28,PROD51,CUST903,Home Appliances,PayPal,1699.89,3
ORD6554,6/22/24 3:26,PROD190,CUST78,Electronics,PayPal,1299.71,3
ORD6555,3/28/24 5:04,PROD96,CUST823,Electronics,Bank Transfer,298.48,5
ORD6556,3/20/24 8:32,PROD23,CUST497,Fashion,Credit Card,1380.42,9
ORD6557,1/29/24 17:49,PROD131,CUST33,Home Appliances,Bank Transfer,239.46,4
ORD6558,06-07-2024 16:39,PROD97,CUST221,Books,Cash,1579.53,8
ORD6559,10/21/24 13:40,PROD51,CUST904,Electronics,Debit Card,1562.16,2
ORD6560,11/15/24 11:51,PROD9,CUST759,Fashion,Cash,901.85,1
ORD6561,02-11-2024 20:15,PROD19,CUST780,Books,Debit Card,1257.69,3
ORD6562,5/20/24 20:55,PROD64,CUST677,Home Appliances,Cash,158.59,9
ORD6563,4/27/24 2:25,PROD187,CUST611,Electronics,PayPal,33.62,6
ORD6564,8/14/24 16:04,PROD72,CUST100,Home Appliances,Bank Transfer,1259.63,2
ORD6565,05-06-2024 02:16,PROD38,CUST16,Electronics,PayPal,1468.42,7
ORD6566,6/26/24 23:57,PROD116,CUST63,Electronics,PayPal,1928.05,5
ORD6567,3/24/24 4:11,PROD88,CUST420,Electronics,PayPal,774.65,1
ORD6568,10/25/24 15:22,PROD185,CUST943,Books,Cash,1822.6,1
ORD6569,2/16/24 12:18,PROD149,CUST399,Books,Cash,1124.1,1
ORD6570,05-04-2024 05:17,PROD99,CUST851,Electronics,Bank Transfer,1452.55,3
ORD6571,9/25/24 3:12,PROD69,CUST524,Home Appliances,Debit Card,697.27,10
ORD6572,05-06-2024 22:34,PROD53,CUST251,Electronics,Credit Card,1854.26,6
ORD6573,02-11-2024 21:26,PROD192,CUST124,Home Appliances,PayPal,21.05,1
ORD6574,1/26/24 11:19,PROD68,CUST1,Fashion,Bank Transfer,770.68,3
ORD6575,10/20/24 4:33,PROD182,CUST737,Books,Credit Card,1131.55,6
ORD6576,5/18/24 10:46,PROD160,CUST905,Electronics,Bank Transfer,1269.88,10
ORD6577,06-06-2024 08:40,PROD124,CUST713,Home Appliances,Credit Card,1025.59,7
ORD6578,8/27/24 15:19,PROD2,CUST523,Electronics,Debit Card,524.72,7
ORD6579,10/25/24 17:22,PROD186,CUST913,Fashion,Bank Transfer,236.34,6
ORD6580,10/21/24 22:33,PROD21,CUST433,Books,Credit Card,1913.08,10
ORD6581,4/28/24 18:33,PROD120,CUST54,Electronics,Debit Card,1565.09,7
ORD6582,09-12-2024 10:13,PROD85,CUST300,Books,Bank Transfer,402.87,5
ORD6583,9/20/24 19:36,PROD113,CUST673,Home Appliances,Cash,1483.36,10
ORD6584,7/19/24 4:50,PROD197,CUST717,Electronics,PayPal,849.61,6
ORD6585,02-07-2024 20:50,PROD58,CUST883,Home Appliances,Debit Card,1063.23,8
ORD6586,08-06-2024 07:50,PROD147,CUST933,Electronics,PayPal,646.5,2
ORD6587,8/23/24 7:39,PROD41,CUST702,Home Appliances,Credit Card,381.15,3
ORD6588,09-11-2024 00:15,PROD118,CUST519,Books,Debit Card,192.1,10
ORD6589,11-09-2024 17:11,PROD84,CUST145,Fashion,Bank Transfer,1527.54,1
ORD6590,2/18/24 7:49,PROD111,CUST239,Electronics,Bank Transfer,47.81,4
ORD6591,01-05-2024 06:32,PROD80,CUST297,Fashion,PayPal,1971.26,9
ORD6592,10/28/24 14:39,PROD34,CUST489,Books,PayPal,1971.51,9
ORD6593,5/17/24 9:36,PROD176,CUST679,Electronics,Credit Card,317.56,6
ORD6594,2/16/24 8:51,PROD176,CUST72,Fashion,PayPal,1272.78,7
ORD6595,8/15/24 19:01,PROD35,CUST461,Electronics,Cash,1036.65,7
ORD6596,9/30/24 9:47,PROD170,CUST938,Toys,PayPal,1620.52,8
ORD6597,7/24/24 11:48,PROD37,CUST974,Electronics,PayPal,1819.61,7
ORD6598,08-11-2024 06:22,PROD39,CUST36,Toys,Bank Transfer,1497.88,10
ORD6599,3/20/24 0:09,PROD50,CUST672,Toys,Debit Card,45.62,7
ORD6600,9/29/24 9:09,PROD60,CUST264,Toys,Debit Card,130.5,3
ORD6601,6/13/24 5:42,PROD110,CUST493,Books,Debit Card,997.1,9
ORD6602,4/17/24 0:32,PROD141,CUST575,Books,PayPal,482.12,7
ORD6603,8/24/24 16:37,PROD30,CUST341,Fashion,Bank Transfer,214.88,2
ORD6604,6/18/24 11:51,PROD99,CUST324,Fashion,Bank Transfer,1523.12,6
ORD6605,08-08-2024 17:04,PROD63,CUST611,Books,PayPal,1822.89,7
ORD6606,09-02-2024 02:44,PROD16,CUST672,Home Appliances,Bank Transfer,784.42,3
ORD6607,1/20/24 11:37,PROD39,CUST793,Home Appliances,Cash,63.22,8
ORD6608,06-03-2024 06:03,PROD83,CUST959,Books,Cash,857.46,5
ORD6609,10/24/24 11:21,PROD41,CUST103,Books,PayPal,154.48,7
ORD6610,2/13/24 11:39,PROD200,CUST183,Toys,Bank Transfer,792.73,10
ORD6611,6/13/24 5:13,PROD18,CUST171,Electronics,PayPal,302.87,4
ORD6612,02-01-2024 14:30,PROD144,CUST164,Fashion,Credit Card,1019.06,10
ORD6613,10/21/24 9:54,PROD104,CUST984,Books,Debit Card,1996.05,5
ORD6614,1/28/24 16:35,PROD120,CUST904,Home Appliances,Debit Card,1115.27,8
ORD6615,4/24/24 7:46,PROD125,CUST904,Books,Credit Card,1437.66,2
ORD6616,9/14/24 1:57,PROD198,CUST237,Books,Debit Card,299.18,1
ORD6617,8/16/24 8:43,PROD146,CUST205,Fashion,Credit Card,657.58,1
ORD6618,03-04-2024 13:38,PROD41,CUST135,Electronics,Debit Card,460.44,10
ORD6619,2/26/24 15:38,PROD120,CUST266,Home Appliances,Credit Card,1059.55,10
ORD6620,07-03-2024 03:43,PROD8,CUST670,Toys,Credit Card,342.21,1
ORD6621,10/13/24 1:45,PROD17,CUST594,Home Appliances,Cash,42.45,3
ORD6622,10/19/24 5:01,PROD77,CUST160,Home Appliances,Debit Card,1260.93,2
ORD6623,05-03-2024 00:37,PROD50,CUST89,Books,Credit Card,1255.11,1
ORD6624,10/26/24 2:11,PROD180,CUST218,Books,Bank Transfer,1121.99,6
ORD6625,09-01-2024 22:23,PROD65,CUST716,Toys,Debit Card,784.79,4
ORD6626,08-06-2024 22:17,PROD168,CUST568,Toys,PayPal,1644.78,5
ORD6627,1/30/24 7:16,PROD10,CUST587,Home Appliances,PayPal,1461.42,4
ORD6628,02-08-2024 14:49,PROD154,CUST713,Fashion,PayPal,899.31,2
ORD6629,9/18/24 8:06,PROD52,CUST493,Electronics,Cash,1752.69,9
ORD6630,7/22/24 6:57,PROD25,CUST101,Fashion,Bank Transfer,494.31,10
ORD6631,4/22/24 17:19,PROD23,CUST396,Electronics,Bank Transfer,676.3,1
ORD6632,03-05-2024 15:05,PROD120,CUST891,Home Appliances,Credit Card,197.29,1
ORD6633,11/14/24 21:53,PROD150,CUST589,Toys,Bank Transfer,821.82,9
ORD6634,3/17/24 2:42,PROD32,CUST364,Home Appliances,PayPal,1062.74,6
ORD6635,1/28/24 17:38,PROD93,CUST752,Electronics,Credit Card,72.99,2
ORD6636,10-04-2024 22:09,PROD97,CUST853,Books,Bank Transfer,1260.27,3
ORD6637,1/17/24 2:29,PROD126,CUST577,Electronics,Bank Transfer,596.55,1
ORD6638,6/20/24 3:27,PROD107,CUST273,Home Appliances,PayPal,1530.23,2
ORD6639,5/17/24 8:38,PROD28,CUST945,Home Appliances,Credit Card,1580.79,8
ORD6640,4/22/24 4:41,PROD2,CUST212,Books,Bank Transfer,63.53,8
ORD6641,05-07-2024 04:08,PROD1,CUST33,Toys,PayPal,1922.11,9
ORD6642,1/18/24 7:29,PROD167,CUST364,Fashion,PayPal,1866.26,1
ORD6643,9/28/24 17:46,PROD191,CUST945,Electronics,Credit Card,1093.71,8
ORD6644,02-04-2024 20:30,PROD124,CUST483,Home Appliances,Credit Card,282.53,1
ORD6645,04-01-2024 21:42,PROD187,CUST766,Electronics,PayPal,244.53,1
ORD6646,7/23/24 18:41,PROD93,CUST295,Electronics,Bank Transfer,1626.85,10
ORD6647,07-03-2024 17:28,PROD14,CUST229,Fashion,PayPal,1840.91,1
ORD6648,02-10-2024 01:01,PROD71,CUST178,Fashion,Cash,1254.83,1
ORD6649,04-01-2024 22:02,PROD157,CUST600,Electronics,PayPal,1630.08,9
ORD6650,1/22/24 22:49,PROD16,CUST811,Fashion,Debit Card,377.98,1
ORD6651,3/29/24 11:05,PROD9,CUST121,Fashion,Bank Transfer,828.56,9
ORD6652,02-05-2024 06:45,PROD12,CUST339,Fashion,Credit Card,1880.97,6
ORD6653,2/13/24 2:52,PROD34,CUST464,Books,Debit Card,500.3,9
ORD6654,10/31/24 11:01,PROD43,CUST563,Home Appliances,Cash,1977.48,8
ORD6655,07-02-2024 20:56,PROD123,CUST687,Books,Credit Card,1205.04,1
ORD6656,11-01-2024 04:19,PROD178,CUST343,Books,PayPal,1269.04,10
ORD6657,10-06-2024 06:54,PROD83,CUST946,Electronics,Cash,48.52,7
ORD6658,09-10-2024 07:20,PROD138,CUST30,Books,PayPal,1867.03,3
ORD6659,07-04-2024 22:23,PROD169,CUST11,Home Appliances,Bank Transfer,1163.39,2
ORD6660,07-03-2024 12:36,PROD137,CUST42,Fashion,Credit Card,1461.09,10
ORD6661,10-04-2024 12:28,PROD11,CUST496,Toys,Bank Transfer,598.91,3
ORD6662,10/15/24 20:48,PROD96,CUST252,Home Appliances,PayPal,546.62,1
ORD6663,4/27/24 4:54,PROD101,CUST907,Home Appliances,Cash,1427.12,8
ORD6664,07-03-2024 02:05,PROD95,CUST103,Toys,Bank Transfer,235.2,2
ORD6665,08-09-2024 09:47,PROD12,CUST51,Home Appliances,Bank Transfer,726.02,4
ORD6666,10-08-2024 03:05,PROD187,CUST458,Electronics,Credit Card,1117.96,4
ORD6667,07-02-2024 10:08,PROD106,CUST37,Home Appliances,Credit Card,987.5,1
ORD6668,6/19/24 4:22,PROD21,CUST514,Fashion,Debit Card,1722.61,3
ORD6669,10/15/24 22:37,PROD125,CUST254,Home Appliances,Debit Card,948.8,9
ORD6670,8/17/24 9:10,PROD89,CUST229,Books,Credit Card,288.57,9
ORD6671,2/16/24 18:31,PROD180,CUST718,Fashion,Debit Card,1709.17,9
ORD6672,7/21/24 13:58,PROD88,CUST202,Fashion,PayPal,352.82,9
ORD6673,05-08-2024 03:29,PROD158,CUST364,Fashion,Bank Transfer,1499.72,5
ORD6674,1/15/24 17:04,PROD115,CUST379,Toys,Credit Card,662.92,8
ORD6675,4/13/24 19:20,PROD8,CUST925,Books,Bank Transfer,1552.68,3
ORD6676,03-09-2024 10:18,PROD43,CUST814,Electronics,Cash,1395.37,10
ORD6677,1/15/24 15:35,PROD77,CUST965,Electronics,Debit Card,464.94,6
ORD6678,10/19/24 14:56,PROD7,CUST274,Home Appliances,Cash,304.27,5
ORD6679,10-05-2024 22:41,PROD46,CUST616,Fashion,Debit Card,1070.03,6
ORD6680,3/16/24 1:55,PROD122,CUST797,Fashion,Bank Transfer,1525.39,2
ORD6681,6/19/24 23:57,PROD12,CUST204,Electronics,Credit Card,1349.54,7
ORD6682,05-10-2024 13:47,PROD43,CUST3,Toys,Cash,177.57,5
ORD6683,11-06-2024 16:06,PROD102,CUST183,Home Appliances,Credit Card,787.86,3
ORD6684,10/23/24 20:23,PROD199,CUST503,Electronics,Debit Card,1747.02,7
ORD6685,10-05-2024 20:54,PROD147,CUST278,Books,Credit Card,281.13,10
ORD6686,8/28/24 17:34,PROD1,CUST71,Toys,Bank Transfer,439.53,10
ORD6687,10/24/24 3:06,PROD109,CUST64,Toys,PayPal,640.46,9
ORD6688,10/18/24 21:35,PROD144,CUST420,Books,PayPal,1187.31,10
ORD6689,9/30/24 12:41,PROD94,CUST778,Fashion,Debit Card,321.48,8
ORD6690,1/28/24 11:08,PROD60,CUST375,Fashion,PayPal,203.94,6
ORD6691,1/20/24 8:50,PROD152,CUST566,Toys,Bank Transfer,1644.75,10
ORD6692,04-07-2024 15:12,PROD118,CUST875,Fashion,Bank Transfer,415.54,5
ORD6693,06-04-2024 20:54,PROD86,CUST578,Books,Bank Transfer,1213.52,9
ORD6694,4/26/24 20:57,PROD123,CUST587,Electronics,Bank Transfer,445.47,8
ORD6695,08-07-2024 00:04,PROD26,CUST44,Home Appliances,Cash,1845.08,9
ORD6696,09-05-2024 07:01,PROD106,CUST654,Electronics,PayPal,1463.2,1
ORD6697,3/15/24 20:07,PROD83,CUST465,Books,Debit Card,882.22,3
ORD6698,07-05-2024 23:28,PROD191,CUST405,Toys,Cash,823.33,8
ORD6699,3/21/24 1:09,PROD76,CUST954,Home Appliances,Bank Transfer,1005.27,4
ORD6700,8/26/24 12:26,PROD57,CUST969,Toys,Credit Card,1478.31,1
ORD6701,07-07-2024 11:28,PROD89,CUST444,Home Appliances,Bank Transfer,1430.24,3
ORD6702,10/13/24 20:56,PROD9,CUST183,Fashion,Credit Card,407.78,1
ORD6703,8/27/24 4:12,PROD56,CUST504,Electronics,Debit Card,861.52,4
ORD6704,1/18/24 11:58,PROD94,CUST719,Fashion,Cash,1307.06,7
ORD6705,07-01-2024 20:36,PROD95,CUST488,Electronics,Cash,1196.89,3
ORD6706,9/13/24 12:23,PROD6,CUST420,Books,Cash,177.25,6
ORD6707,1/15/24 2:39,PROD171,CUST535,Toys,Credit Card,1038.95,4
ORD6708,10-11-2024 09:26,PROD179,CUST697,Toys,Bank Transfer,1090.43,6
ORD6709,06-01-2024 00:56,PROD175,CUST852,Home Appliances,Debit Card,325.72,7
ORD6710,1/22/24 10:11,PROD40,CUST264,Toys,PayPal,1399.23,9
ORD6711,07-04-2024 07:52,PROD145,CUST673,Fashion,Credit Card,1539.31,9
ORD6712,03-04-2024 05:23,PROD3,CUST95,Toys,PayPal,296.85,7
ORD6713,7/24/24 20:56,PROD36,CUST655,Electronics,Bank Transfer,884.99,8
ORD6714,7/15/24 2:45,PROD14,CUST796,Home Appliances,Cash,636.66,3
ORD6715,08-06-2024 16:24,PROD99,CUST938,Electronics,Cash,1547.45,3
ORD6716,7/17/24 1:08,PROD16,CUST113,Electronics,PayPal,1502.96,6
ORD6717,4/17/24 23:32,PROD62,CUST99,Home Appliances,Credit Card,1547.43,1
ORD6718,06-02-2024 15:16,PROD143,CUST310,Books,Cash,1815.07,9
ORD6719,01-09-2024 17:29,PROD98,CUST738,Toys,Credit Card,733.24,3
ORD6720,03-12-2024 06:29,PROD34,CUST237,Toys,PayPal,1590.03,4
ORD6721,7/30/24 2:47,PROD128,CUST883,Electronics,Debit Card,545.14,10
ORD6722,5/28/24 18:43,PROD170,CUST585,Electronics,Debit Card,428.76,9
ORD6723,1/18/24 15:08,PROD145,CUST497,Fashion,Credit Card,1175.78,5
ORD6724,06-10-2024 21:20,PROD160,CUST525,Home Appliances,Debit Card,1639.66,4
ORD6725,04-02-2024 15:12,PROD64,CUST348,Books,Bank Transfer,899.16,10
ORD6726,11-02-2024 00:38,PROD110,CUST776,Fashion,Credit Card,927.21,5
ORD6727,9/26/24 1:44,PROD124,CUST299,Fashion,Cash,1709.5,6
ORD6728,9/16/24 15:44,PROD117,CUST156,Home Appliances,PayPal,1803.79,3
ORD6729,5/28/24 0:07,PROD28,CUST517,Home Appliances,Bank Transfer,1290.25,9
ORD6730,03-03-2024 05:52,PROD63,CUST185,Home Appliances,Debit Card,1197.06,7
ORD6731,8/22/24 18:59,PROD161,CUST348,Electronics,PayPal,380.63,9
ORD6732,10/30/24 12:05,PROD172,CUST517,Books,Credit Card,412.59,8
ORD6733,04-09-2024 06:21,PROD134,CUST335,Books,PayPal,958.07,5
ORD6734,06-05-2024 09:01,PROD108,CUST450,Toys,PayPal,1850.01,1
ORD6735,9/19/24 2:34,PROD63,CUST242,Home Appliances,Debit Card,1174.6,3
ORD6736,9/18/24 17:49,PROD39,CUST122,Books,Credit Card,429.57,8
ORD6737,4/22/24 23:28,PROD44,CUST854,Books,Credit Card,271.98,6
ORD6738,09-09-2024 02:26,PROD166,CUST604,Toys,Cash,968.31,2
ORD6739,1/15/24 0:58,PROD55,CUST795,Home Appliances,Debit Card,935,5
ORD6740,1/26/24 4:50,PROD193,CUST973,Fashion,Debit Card,1822.54,8
ORD6741,02-06-2024 23:54,PROD86,CUST15,Books,Cash,1705.17,2
ORD6742,07-02-2024 21:52,PROD131,CUST582,Home Appliances,Credit Card,341.63,8
ORD6743,05-06-2024 17:57,PROD187,CUST198,Toys,Cash,87.08,7
ORD6744,4/13/24 10:41,PROD30,CUST136,Toys,Credit Card,313.26,4
ORD6745,10/15/24 21:42,PROD122,CUST902,Toys,Cash,1580.72,4
ORD6746,7/17/24 13:11,PROD118,CUST214,Electronics,Debit Card,1605.2,3
ORD6747,01-05-2024 09:33,PROD16,CUST221,Electronics,Credit Card,268.2,10
ORD6748,10/22/24 19:34,PROD57,CUST407,Toys,Bank Transfer,1460.06,10
ORD6749,10-01-2024 11:47,PROD168,CUST980,Electronics,Bank Transfer,1306.11,1
ORD6750,01-01-2024 23:08,PROD103,CUST487,Electronics,Debit Card,1532.79,3
ORD6751,9/27/24 12:54,PROD156,CUST573,Toys,Cash,549.95,1
ORD6752,4/21/24 16:09,PROD197,CUST121,Fashion,Debit Card,920.09,7
ORD6753,02-01-2024 21:53,PROD135,CUST7,Electronics,Bank Transfer,1361.91,5
ORD6754,10-04-2024 07:14,PROD80,CUST537,Electronics,Debit Card,374.3,3
ORD6755,5/27/24 13:36,PROD25,CUST191,Home Appliances,Bank Transfer,726.74,5
ORD6756,7/18/24 0:54,PROD188,CUST800,Fashion,Bank Transfer,1227.4,7
ORD6757,1/14/24 12:47,PROD28,CUST654,Home Appliances,Cash,1496.56,3
ORD6758,10/31/24 7:42,PROD64,CUST887,Fashion,PayPal,883.19,10
ORD6759,04-04-2024 20:44,PROD15,CUST952,Home Appliances,Cash,301.72,6
ORD6760,4/18/24 21:23,PROD160,CUST412,Books,Debit Card,1038.73,2
ORD6761,5/15/24 7:54,PROD46,CUST15,Books,Cash,69.9,7
ORD6762,7/17/24 16:58,PROD149,CUST804,Electronics,Cash,536.01,5
ORD6763,1/24/24 15:20,PROD9,CUST790,Books,Debit Card,1106.63,4
ORD6764,6/24/24 4:47,PROD178,CUST86,Electronics,Debit Card,665.73,7
ORD6765,07-08-2024 04:54,PROD75,CUST475,Home Appliances,Bank Transfer,1661.89,8
ORD6766,10-04-2024 00:50,PROD57,CUST431,Books,Cash,1675.88,1
ORD6767,02-09-2024 02:01,PROD72,CUST379,Toys,Debit Card,1887.47,8
ORD6768,6/26/24 18:26,PROD126,CUST613,Books,PayPal,844.59,3
ORD6769,09-01-2024 03:48,PROD119,CUST68,Fashion,PayPal,592.73,10
ORD6770,1/29/24 19:28,PROD188,CUST1,Toys,Cash,169.96,3
ORD6771,06-08-2024 19:27,PROD45,CUST225,Fashion,Bank Transfer,1872.52,1
ORD6772,04-02-2024 18:39,PROD28,CUST714,Home Appliances,PayPal,1451,5
ORD6773,1/23/24 9:05,PROD23,CUST542,Toys,Debit Card,65.29,5
ORD6774,4/15/24 17:30,PROD84,CUST362,Fashion,Credit Card,1281.27,2
ORD6775,1/23/24 14:47,PROD96,CUST337,Toys,PayPal,1042.54,10
ORD6776,07-05-2024 05:30,PROD73,CUST854,Books,PayPal,1925.63,10
ORD6777,02-09-2024 20:48,PROD103,CUST100,Toys,Credit Card,1171.99,2
ORD6778,08-08-2024 22:48,PROD33,CUST98,Toys,Credit Card,1108.47,2
ORD6779,7/13/24 21:09,PROD160,CUST621,Toys,Debit Card,1166,5
ORD6780,01-08-2024 04:35,PROD4,CUST967,Electronics,Debit Card,361.78,1
ORD6781,2/20/24 23:27,PROD15,CUST96,Books,Credit Card,1845.76,1
ORD6782,10-10-2024 02:50,PROD144,CUST272,Fashion,Credit Card,1011.39,3
ORD6783,4/19/24 2:51,PROD99,CUST620,Home Appliances,Debit Card,1261.36,7
ORD6784,4/25/24 13:16,PROD95,CUST89,Electronics,PayPal,1731.91,7
ORD6785,08-01-2024 12:33,PROD10,CUST717,Electronics,Credit Card,1808.93,4
ORD6786,04-04-2024 15:32,PROD2,CUST182,Books,Debit Card,1270.32,7
ORD6787,8/13/24 0:50,PROD45,CUST602,Home Appliances,PayPal,1973.33,4
ORD6788,02-01-2024 07:41,PROD63,CUST194,Fashion,Debit Card,1116.43,9
ORD6789,08-08-2024 11:55,PROD5,CUST976,Electronics,Credit Card,378.18,6
ORD6790,10/15/24 19:20,PROD96,CUST106,Electronics,Cash,664.45,3
ORD6791,10/18/24 11:06,PROD5,CUST257,Toys,PayPal,1637.66,2
ORD6792,6/30/24 19:24,PROD32,CUST166,Electronics,Cash,219.72,3
ORD6793,1/24/24 11:54,PROD12,CUST834,Books,PayPal,233.68,3
ORD6794,06-02-2024 21:02,PROD126,CUST530,Toys,Credit Card,1988.44,5
ORD6795,03-02-2024 09:39,PROD168,CUST505,Electronics,Cash,1346.63,8
ORD6796,3/20/24 2:19,PROD106,CUST625,Fashion,Credit Card,1946.04,10
ORD6797,10/22/24 17:01,PROD167,CUST410,Electronics,Bank Transfer,437.46,9
ORD6798,04-11-2024 15:20,PROD129,CUST302,Electronics,PayPal,1160.42,7
ORD6799,7/14/24 15:49,PROD193,CUST1000,Books,Credit Card,192.69,8
ORD6800,10-07-2024 19:02,PROD6,CUST297,Fashion,PayPal,1540.84,8
ORD6801,5/26/24 9:05,PROD149,CUST173,Toys,Cash,1129.88,7
ORD6802,8/28/24 14:24,PROD9,CUST380,Toys,PayPal,1022.87,6
ORD6803,8/28/24 15:11,PROD173,CUST709,Fashion,PayPal,176.74,8
ORD6804,11-04-2024 19:16,PROD133,CUST175,Books,PayPal,653.67,3
ORD6805,10-04-2024 11:24,PROD177,CUST731,Electronics,Debit Card,1280.11,10
ORD6806,1/27/24 19:24,PROD30,CUST220,Books,Credit Card,415.91,4
ORD6807,6/29/24 20:32,PROD143,CUST403,Electronics,Bank Transfer,1518.11,1
ORD6808,09-09-2024 11:03,PROD98,CUST274,Fashion,Cash,1791.85,6
ORD6809,01-08-2024 23:05,PROD114,CUST222,Electronics,PayPal,1510.29,5
ORD6810,2/23/24 21:59,PROD48,CUST633,Home Appliances,Cash,517.24,7
ORD6811,9/26/24 13:01,PROD182,CUST553,Electronics,PayPal,766.76,8
ORD6812,10-07-2024 09:13,PROD17,CUST993,Electronics,Debit Card,455.2,1
ORD6813,1/24/24 6:08,PROD113,CUST993,Books,Cash,1672.78,6
ORD6814,9/28/24 5:03,PROD27,CUST479,Home Appliances,Cash,507.98,5
ORD6815,2/14/24 10:05,PROD182,CUST848,Toys,Cash,1100.66,3
ORD6816,11-10-2024 17:56,PROD193,CUST541,Home Appliances,Debit Card,1391.42,6
ORD6817,2/27/24 15:50,PROD69,CUST606,Electronics,Cash,623.46,2
ORD6818,04-06-2024 00:50,PROD68,CUST158,Home Appliances,Debit Card,419.72,7
ORD6819,5/22/24 4:45,PROD48,CUST294,Toys,PayPal,1937.78,1
ORD6820,5/22/24 21:49,PROD33,CUST547,Books,Bank Transfer,435.15,5
ORD6821,09-11-2024 21:29,PROD44,CUST215,Books,Credit Card,122.05,1
ORD6822,2/18/24 1:18,PROD199,CUST753,Books,PayPal,1094.76,5
ORD6823,07-01-2024 12:12,PROD40,CUST647,Fashion,Bank Transfer,372.29,1
ORD6824,4/23/24 23:47,PROD158,CUST267,Electronics,Credit Card,1804.7,4
ORD6825,4/22/24 11:11,PROD40,CUST348,Fashion,Bank Transfer,554.09,1
ORD6826,5/30/24 19:55,PROD180,CUST472,Toys,PayPal,461.2,6
ORD6827,09-03-2024 04:19,PROD130,CUST237,Books,PayPal,229.96,6
ORD6828,2/19/24 0:40,PROD168,CUST990,Home Appliances,PayPal,1145.94,8
ORD6829,5/30/24 0:47,PROD186,CUST591,Electronics,Debit Card,1024.55,9
ORD6830,5/20/24 11:34,PROD4,CUST755,Home Appliances,Bank Transfer,387.2,8
ORD6831,10-07-2024 19:32,PROD11,CUST710,Toys,Debit Card,975.73,5
ORD6832,1/22/24 23:51,PROD135,CUST26,Electronics,Debit Card,296.69,8
ORD6833,1/21/24 14:16,PROD93,CUST962,Toys,PayPal,93.94,3
ORD6834,11/16/24 14:43,PROD128,CUST481,Toys,Bank Transfer,684.74,9
ORD6835,10/16/24 11:09,PROD87,CUST568,Fashion,Credit Card,1157.96,1
ORD6836,8/29/24 11:15,PROD76,CUST996,Electronics,Debit Card,725.28,1
ORD6837,08-03-2024 23:25,PROD75,CUST885,Books,PayPal,1576.39,6
ORD6838,08-05-2024 09:41,PROD133,CUST78,Fashion,Debit Card,441.93,6
ORD6839,11-05-2024 00:15,PROD113,CUST320,Electronics,Debit Card,720.8,6
ORD6840,05-11-2024 11:59,PROD161,CUST346,Toys,PayPal,1472.13,8
ORD6841,03-09-2024 04:08,PROD13,CUST574,Home Appliances,Credit Card,1694.71,7
ORD6842,8/29/24 14:36,PROD41,CUST26,Home Appliances,PayPal,814.2,1
ORD6843,9/30/24 0:23,PROD95,CUST95,Electronics,Debit Card,380.75,9
ORD6844,01-02-2024 00:20,PROD92,CUST394,Toys,Cash,1483.81,1
ORD6845,02-04-2024 09:32,PROD78,CUST979,Books,Cash,1736.58,10
ORD6846,10/13/24 16:11,PROD100,CUST318,Electronics,Cash,514.96,3
ORD6847,06-02-2024 04:19,PROD120,CUST97,Books,Debit Card,1535.51,4
ORD6848,07-04-2024 17:59,PROD187,CUST926,Home Appliances,Credit Card,386.97,8
ORD6849,6/26/24 4:47,PROD56,CUST103,Home Appliances,PayPal,1142.69,1
ORD6850,03-01-2024 15:23,PROD124,CUST10,Home Appliances,Credit Card,400.96,8
ORD6851,8/28/24 5:28,PROD33,CUST531,Books,Debit Card,824.03,2
ORD6852,8/23/24 4:57,PROD113,CUST723,Home Appliances,Bank Transfer,336.19,8
ORD6853,10-01-2024 18:14,PROD96,CUST443,Electronics,Cash,299.84,4
ORD6854,02-05-2024 20:18,PROD128,CUST976,Electronics,Credit Card,49.86,3
ORD6855,2/29/24 6:49,PROD4,CUST974,Home Appliances,Cash,1375.74,7
ORD6856,03-12-2024 00:41,PROD173,CUST211,Electronics,Bank Transfer,1673.34,6
ORD6857,08-03-2024 18:24,PROD51,CUST932,Home Appliances,PayPal,702.13,10
ORD6858,3/23/24 15:56,PROD87,CUST739,Home Appliances,Debit Card,1805.73,4
ORD6859,8/23/24 13:32,PROD112,CUST811,Books,Cash,1896.81,3
ORD6860,3/29/24 8:30,PROD77,CUST92,Home Appliances,Credit Card,576.96,6
ORD6861,11-06-2024 06:17,PROD8,CUST37,Toys,PayPal,529.15,9
ORD6862,8/16/24 19:41,PROD114,CUST69,Electronics,Credit Card,1967.36,6
ORD6863,09-06-2024 05:35,PROD178,CUST99,Books,PayPal,279.21,1
ORD6864,1/30/24 8:32,PROD112,CUST461,Fashion,Cash,1776.55,9
ORD6865,3/23/24 3:13,PROD91,CUST883,Electronics,Debit Card,1023.87,1
ORD6866,11/16/24 16:22,PROD9,CUST166,Home Appliances,PayPal,114.44,2
ORD6867,6/21/24 17:40,PROD160,CUST112,Books,Credit Card,1367.76,8
ORD6868,5/31/24 6:59,PROD165,CUST15,Toys,PayPal,699.44,7
ORD6869,6/14/24 18:35,PROD52,CUST729,Books,Bank Transfer,1536.84,5
ORD6870,7/27/24 3:17,PROD67,CUST342,Toys,PayPal,1103.95,8
ORD6871,03-10-2024 18:06,PROD197,CUST899,Fashion,Credit Card,1245.54,3
ORD6872,1/13/24 8:58,PROD58,CUST717,Books,Bank Transfer,1144.42,1
ORD6873,9/25/24 9:24,PROD134,CUST165,Books,Debit Card,703.66,7
ORD6874,6/23/24 2:20,PROD181,CUST909,Fashion,Debit Card,1087.09,4
ORD6875,3/26/24 15:59,PROD57,CUST974,Fashion,Bank Transfer,1846.06,9
ORD6876,6/24/24 3:19,PROD75,CUST979,Books,PayPal,395.47,9
ORD6877,3/22/24 21:27,PROD98,CUST408,Home Appliances,Debit Card,609.39,3
ORD6878,03-02-2024 12:16,PROD120,CUST113,Electronics,Bank Transfer,383.71,2
ORD6879,10/28/24 20:50,PROD83,CUST968,Toys,Bank Transfer,1722.53,7
ORD6880,10/30/24 1:53,PROD118,CUST661,Books,Bank Transfer,526.57,2
ORD6881,6/20/24 1:46,PROD12,CUST598,Electronics,Bank Transfer,665.45,9
ORD6882,2/16/24 15:05,PROD154,CUST859,Toys,Debit Card,547.44,4
ORD6883,06-11-2024 07:51,PROD166,CUST497,Electronics,Debit Card,294.04,2
ORD6884,05-04-2024 08:00,PROD139,CUST410,Toys,Debit Card,1035.51,5
ORD6885,8/22/24 6:57,PROD38,CUST338,Home Appliances,Debit Card,103.8,5
ORD6886,02-08-2024 14:08,PROD37,CUST220,Home Appliances,PayPal,350.76,4
ORD6887,4/29/24 13:32,PROD47,CUST805,Toys,Debit Card,324.86,10
ORD6888,6/23/24 1:44,PROD176,CUST962,Home Appliances,PayPal,1255.22,6
ORD6889,03-10-2024 23:01,PROD175,CUST625,Toys,Bank Transfer,1057.07,4
ORD6890,8/18/24 21:18,PROD64,CUST5,Fashion,Debit Card,279.2,7
ORD6891,3/30/24 13:57,PROD75,CUST355,Books,Bank Transfer,594.18,10
ORD6892,05-12-2024 18:39,PROD22,CUST764,Home Appliances,Bank Transfer,129.45,5
ORD6893,7/21/24 5:18,PROD186,CUST809,Fashion,PayPal,625.55,7
ORD6894,07-09-2024 13:34,PROD180,CUST666,Books,Credit Card,1865.46,5
ORD6895,2/22/24 15:10,PROD74,CUST339,Home Appliances,Cash,277.11,1
ORD6896,3/17/24 15:12,PROD123,CUST583,Books,Debit Card,953.19,9
ORD6897,2/14/24 13:42,PROD20,CUST633,Books,Credit Card,1290.09,2
ORD6898,07-02-2024 11:35,PROD87,CUST217,Toys,PayPal,1179.41,9
ORD6899,6/20/24 3:20,PROD29,CUST124,Books,Bank Transfer,1797.24,4
ORD6900,05-01-2024 20:54,PROD198,CUST124,Books,Cash,834.17,2
ORD6901,11-01-2024 21:47,PROD7,CUST972,Books,Cash,1814.24,9
ORD6902,09-06-2024 00:33,PROD133,CUST735,Fashion,Credit Card,1338.53,7
ORD6903,6/28/24 11:34,PROD99,CUST689,Electronics,Cash,285.67,6
ORD6904,1/16/24 5:45,PROD110,CUST652,Fashion,Cash,1876.46,10
ORD6905,10/25/24 22:02,PROD85,CUST197,Books,Debit Card,257.43,6
ORD6906,4/23/24 16:08,PROD74,CUST322,Fashion,Cash,1695.11,4
ORD6907,10-07-2024 17:35,PROD23,CUST378,Fashion,Cash,1637.94,8
ORD6908,04-07-2024 18:22,PROD157,CUST484,Electronics,PayPal,1548.93,4
ORD6909,10/28/24 0:48,PROD95,CUST313,Fashion,Credit Card,1908.2,6
ORD6910,8/17/24 10:19,PROD64,CUST602,Toys,Debit Card,970.28,10
ORD6911,3/16/24 19:58,PROD200,CUST183,Toys,Credit Card,820.64,6
ORD6912,9/23/24 16:20,PROD171,CUST172,Fashion,PayPal,695.07,3
ORD6913,2/19/24 17:17,PROD184,CUST811,Fashion,Bank Transfer,567.64,5
ORD6914,04-08-2024 23:04,PROD14,CUST220,Electronics,Bank Transfer,808.71,3
ORD6915,5/25/24 6:00,PROD61,CUST879,Home Appliances,Cash,1331.14,8
ORD6916,4/25/24 20:25,PROD46,CUST307,Toys,Credit Card,1317.29,9
ORD6917,8/15/24 1:09,PROD45,CUST282,Fashion,Cash,95.98,2
ORD6918,4/30/24 16:04,PROD22,CUST247,Toys,PayPal,1187.39,1
ORD6919,9/26/24 15:53,PROD29,CUST525,Electronics,Debit Card,1484.21,10
ORD6920,2/22/24 2:05,PROD35,CUST304,Fashion,Credit Card,1799.44,1
ORD6921,5/19/24 11:32,PROD40,CUST712,Home Appliances,Debit Card,1370.08,1
ORD6922,10-06-2024 08:19,PROD93,CUST495,Home Appliances,Debit Card,1579.8,5
ORD6923,2/24/24 21:08,PROD125,CUST180,Electronics,Bank Transfer,1167.87,10
ORD6924,08-11-2024 12:25,PROD30,CUST2,Fashion,Credit Card,1932.42,4
ORD6925,4/16/24 6:39,PROD70,CUST881,Electronics,PayPal,1271.94,7
ORD6926,7/21/24 1:39,PROD172,CUST445,Books,Debit Card,857.82,7
ORD6927,3/28/24 20:21,PROD64,CUST377,Electronics,Bank Transfer,366.29,1
ORD6928,2/21/24 21:18,PROD188,CUST186,Electronics,Bank Transfer,1069.33,10
ORD6929,04-01-2024 14:27,PROD157,CUST476,Home Appliances,Bank Transfer,1269.45,10
ORD6930,09-01-2024 10:19,PROD90,CUST930,Home Appliances,Cash,1604.44,1
ORD6931,3/14/24 12:03,PROD9,CUST564,Home Appliances,Debit Card,1480.3,9
ORD6932,02-08-2024 13:00,PROD61,CUST397,Toys,PayPal,1804.36,3
ORD6933,11-11-2024 06:18,PROD66,CUST538,Home Appliances,Debit Card,1575.56,10
ORD6934,2/29/24 10:37,PROD101,CUST220,Books,PayPal,915.68,7
ORD6935,8/24/24 4:32,PROD197,CUST496,Home Appliances,Credit Card,718.16,7
ORD6936,7/19/24 15:15,PROD194,CUST4,Toys,Cash,1614.12,1
ORD6937,2/16/24 10:58,PROD122,CUST535,Toys,Cash,1279.74,3
ORD6938,07-12-2024 02:46,PROD28,CUST629,Electronics,Bank Transfer,341.64,2
ORD6939,9/15/24 6:48,PROD18,CUST409,Books,Bank Transfer,1205.67,6
ORD6940,11-06-2024 03:08,PROD193,CUST632,Home Appliances,Cash,828.24,7
ORD6941,9/16/24 12:31,PROD66,CUST318,Fashion,Credit Card,1997.81,10
ORD6942,3/29/24 10:58,PROD53,CUST287,Fashion,Credit Card,1151.25,5
ORD6943,2/23/24 18:49,PROD200,CUST15,Electronics,Credit Card,345.66,10
ORD6944,08-11-2024 20:56,PROD118,CUST208,Books,Bank Transfer,1312.67,10
ORD6945,2/18/24 14:09,PROD156,CUST930,Books,Bank Transfer,405.62,3
ORD6946,9/27/24 16:23,PROD106,CUST470,Books,PayPal,446.21,10
ORD6947,8/22/24 12:56,PROD110,CUST366,Home Appliances,Bank Transfer,710.35,5
ORD6948,7/14/24 2:27,PROD41,CUST648,Books,Debit Card,237.81,6
ORD6949,1/23/24 23:35,PROD199,CUST840,Home Appliances,Bank Transfer,1235.33,4
ORD6950,06-01-2024 00:34,PROD182,CUST155,Fashion,PayPal,1289.3,9
ORD6951,2/28/24 8:02,PROD91,CUST858,Books,Bank Transfer,514.72,2
ORD6952,08-01-2024 07:56,PROD167,CUST903,Toys,Bank Transfer,278.41,7
ORD6953,01-10-2024 14:04,PROD114,CUST431,Fashion,Bank Transfer,1553.62,7
ORD6954,10-04-2024 18:00,PROD115,CUST424,Home Appliances,Bank Transfer,1580.81,9
ORD6955,08-01-2024 08:49,PROD2,CUST70,Books,Credit Card,1007.42,5
ORD6956,8/16/24 1:46,PROD81,CUST603,Electronics,Bank Transfer,436.93,5
ORD6957,10/25/24 5:29,PROD40,CUST321,Books,Bank Transfer,1793.49,9
ORD6958,8/29/24 6:58,PROD81,CUST117,Fashion,Credit Card,1778.92,8
ORD6959,8/19/24 5:21,PROD128,CUST736,Books,Bank Transfer,274.1,5
ORD6960,6/28/24 20:35,PROD114,CUST117,Home Appliances,Cash,1570.7,3
ORD6961,8/28/24 17:33,PROD167,CUST596,Toys,Cash,1770.11,8
ORD6962,05-12-2024 09:12,PROD73,CUST926,Toys,Debit Card,176.87,1
ORD6963,02-11-2024 03:04,PROD136,CUST878,Electronics,Cash,308.05,5
ORD6964,9/23/24 0:26,PROD39,CUST832,Toys,Credit Card,196.33,3
ORD6965,07-03-2024 20:01,PROD35,CUST203,Home Appliances,Bank Transfer,1928.71,2
ORD6966,10-11-2024 13:33,PROD103,CUST885,Home Appliances,Credit Card,1904.94,10
ORD6967,9/16/24 13:31,PROD51,CUST843,Books,Cash,1663.2,4
ORD6968,5/25/24 13:08,PROD2,CUST613,Electronics,Credit Card,568.51,10
ORD6969,2/15/24 12:36,PROD192,CUST644,Toys,PayPal,707.25,5
ORD6970,3/27/24 20:09,PROD55,CUST413,Toys,Bank Transfer,73.33,4
ORD6971,01-07-2024 05:48,PROD39,CUST901,Toys,PayPal,758.42,5
ORD6972,04-11-2024 05:47,PROD67,CUST653,Fashion,Credit Card,110.84,9
ORD6973,02-05-2024 10:25,PROD122,CUST141,Home Appliances,Bank Transfer,875.34,3
ORD6974,07-11-2024 04:18,PROD99,CUST437,Electronics,Bank Transfer,758.95,9
ORD6975,2/14/24 0:12,PROD100,CUST332,Electronics,Cash,1459.55,10
ORD6976,9/23/24 1:28,PROD184,CUST422,Home Appliances,Bank Transfer,1050.39,9
ORD6977,9/24/24 2:49,PROD110,CUST770,Books,Cash,1506.29,8
ORD6978,10/27/24 22:33,PROD9,CUST341,Home Appliances,Bank Transfer,882.38,7
ORD6979,02-04-2024 17:17,PROD168,CUST809,Books,Bank Transfer,1158.59,6
ORD6980,02-10-2024 01:36,PROD133,CUST369,Fashion,Debit Card,612.54,7
ORD6981,6/14/24 3:20,PROD17,CUST763,Books,Credit Card,1238.75,5
ORD6982,8/17/24 11:27,PROD102,CUST907,Fashion,Bank Transfer,1768.4,2
ORD6983,5/28/24 17:37,PROD31,CUST979,Fashion,PayPal,1055.75,6
ORD6984,06-06-2024 16:18,PROD153,CUST805,Home Appliances,Bank Transfer,202.82,6
ORD6985,8/26/24 11:35,PROD150,CUST553,Home Appliances,Debit Card,1042.37,9
ORD6986,03-01-2024 13:31,PROD18,CUST962,Toys,Cash,171.02,3
ORD6987,3/17/24 0:57,PROD55,CUST750,Home Appliances,Bank Transfer,954.75,6
ORD6988,04-05-2024 01:58,PROD85,CUST707,Books,Bank Transfer,1516.74,10
ORD6989,03-03-2024 12:28,PROD79,CUST785,Home Appliances,Debit Card,1178.59,3
ORD6990,08-03-2024 21:47,PROD124,CUST897,Electronics,Bank Transfer,1045.48,4
ORD6991,11-07-2024 22:12,PROD106,CUST663,Fashion,Debit Card,594.34,10
ORD6992,10/29/24 22:41,PROD143,CUST603,Toys,Credit Card,1554.41,1
ORD6993,03-05-2024 07:34,PROD194,CUST745,Fashion,Cash,1553.04,7
ORD6994,1/14/24 23:25,PROD89,CUST729,Fashion,Bank Transfer,1692.66,6
ORD6995,3/21/24 0:46,PROD155,CUST269,Toys,Cash,190.64,2
ORD6996,10/28/24 10:36,PROD187,CUST116,Fashion,Cash,1322.12,1
ORD6997,8/31/24 1:48,PROD146,CUST937,Electronics,Bank Transfer,1724.16,9
ORD6998,5/31/24 5:37,PROD41,CUST201,Home Appliances,Cash,1361.98,3
ORD6999,08-07-2024 16:21,PROD9,CUST474,Books,Cash,782.75,9
ORD7000,05-09-2024 11:27,PROD49,CUST87,Electronics,Debit Card,1569.49,2
